z_nm,n_points,vtk_min,vtk_mean,vtk_max,fem_min,fem_mean,fem_max,mean_signed_err,mean_abs_err,max_abs_err,rmse,rel_l2_error,normalized_rmse,valid_overlap_frac,nearest_fallback_frac,shape_rmse,pearson_r
1.0,11163,-1.2350000143051147,0.02012990415096283,0.15983550250530243,-0.9941755461412378,-0.9553707215630168,-0.7759820213558788,-0.975500623216645,0.9766937503475253,1.1540110486465402,0.9859433785069622,8.203781095742219,0.21622345647915758,1.0,0.0,0.14311841202671252,-0.7212968386903197
2.0,11163,-1.2350000143051147,0.02012990415096283,0.15983550250530243,-0.9941755461412378,-0.9553707215630168,-0.7759820213558788,-0.975500623216645,0.9766937503475253,1.1540110486465402,0.9859433785069622,8.203781095742219,0.21622345647915758,1.0,0.0,0.14311841202671252,-0.7212968386903197
3.0,11163,-1.2350000143051147,0.02012990415096283,0.15983550250530243,-0.9941755461412378,-0.9553707215630168,-0.7759820213558788,-0.975500623216645,0.9766937503475253,1.1540110486465402,0.9859433785069622,8.203781095742219,0.21622345647915758,1.0,0.0,0.14311841202671252,-0.7212968386903197
4.0,11163,-1.2350000143051147,0.02012990415096283,0.15983550250530243,-0.9941755461412378,-0.9553707215630168,-0.7759820213558788,-0.975500623216645,0.9766937503475253,1.1540110486465402,0.9859433785069622,8.203781095742219,0.21622345647915758,1.0,0.0,0.14311841202671252,-0.7212968386903197
5.0,11163,-1.2350000143051147,0.02012990415096283,0.15983550250530243,-0.9941755461412378,-0.9553707215630168,-0.7759820213558788,-0.975500623216645,0.9766937503475253,1.1540110486465402,0.9859433785069622,8.203781095742219,0.21622345647915758,1.0,0.0,0.14311841202671252,-0.7212968386903197
6.0,11163,-1.2350000143051147,0.02012990415096283,0.15983550250530243,-0.9941755461412378,-0.9553707215630168,-0.7759820213558788,-0.975500623216645,0.9766937503475253,1.1540110486465402,0.9859433785069622,8.203781095742219,0.21622345647915758,1.0,0.0,0.14311841202671252,-0.7212968386903197
7.0,11163,-1.2350000143051147,0.02012990415096283,0.15983550250530243,-0.9941755461412378,-0.9553707215630168,-0.7759820213558788,-0.975500623216645,0.9766937503475253,1.1540110486465402,0.9859433785069622,8.203781095742219,0.21622345647915758,1.0,0.0,0.14311841202671252,-0.7212968386903197
8.0,14884,-1.2350000143051147,0.04197859764099121,0.15983550250530243,-1.0035135541236633,-0.9612094627875465,-0.7759820213558788,-1.0031880565388707,1.0040829018870308,1.1540110486465402,1.0125241395421363,8.476919372067771,0.22205278111600968,1.0,0.0,0.13718183685531485,-0.7593083007038643
9.0,14884,-1.2350000143051147,0.04197859764099121,0.15983550250530243,-1.0035135541236633,-0.9612094627875465,-0.7759820213558788,-1.0031880565388707,1.0040829018870308,1.1540110486465402,1.0125241395421363,8.476919372067771,0.22205278111600968,1.0,0.0,0.13718183685531485,-0.7593083007038643
10.0,11163,-0.9433530569076538,0.08542634546756744,0.15983550250530243,-1.0035135541236633,-0.9659274444321355,-0.7983377248053328,-1.0513537934288508,1.0515059312082433,1.1540110486465402,1.056476235106408,9.111665667720713,0.2316917464253568,1.0,0.0,0.10390975105521366,-0.8328228128718834
11.0,11163,-0.9433530569076538,0.08542634546756744,0.15983550250530243,-1.0035135541236633,-0.9659274444321355,-0.7983377248053328,-1.0513537934288508,1.0515059312082433,1.1540110486465402,1.056476235106408,9.111665667720713,0.2316917464253568,1.0,0.0,0.10390975105521366,-0.8328228128718834
12.0,7442,-0.3967207074165344,0.11605706065893173,0.15983550250530243,-1.0035135541236633,-0.9723530989598128,-0.854482336033836,-1.0884101575314034,1.0884101575314034,1.1540110486465402,1.0911217856562638,8.514651339559334,0.23928972908320198,1.0,0.0,0.0768770455841334,-0.8388071220194544
13.0,7442,-0.3967207074165344,0.11605706065893173,0.15983550250530243,-1.0035135541236633,-0.9723530989598128,-0.854482336033836,-1.0884101575314034,1.0884101575314034,1.1540110486465402,1.0911217856562638,8.514651339559334,0.23928972908320198,1.0,0.0,0.0768770455841334,-0.8388071220194544
14.0,7442,-0.3967207074165344,0.11605706065893173,0.15983550250530243,-1.0035135541236633,-0.9723530989598128,-0.854482336033836,-1.0884101575314034,1.0884101575314034,1.1540110486465402,1.0911217856562638,8.514651339559334,0.23928972908320198,1.0,0.0,0.0768770455841334,-0.8388071220194544
15.0,7442,-0.3967207074165344,0.11605706065893173,0.15983550250530243,-1.0035135541236633,-0.9723530989598128,-0.854482336033836,-1.0884101575314034,1.0884101575314034,1.1540110486465402,1.0911217856562638,8.514651339559334,0.23928972908320198,1.0,0.0,0.0768770455841334,-0.8388071220194544
16.0,14884,-0.3967207074165344,0.10298570990562439,0.15983550250530243,-1.0140994746391128,-0.9821333760499089,-0.854482336033836,-1.0851190929377854,1.0851190929377854,1.1540110486465402,1.0871974834504532,9.552075354030945,0.23842910543512383,1.0,0.0,0.06719317062598593,-0.6659842255832961
17.0,22326,-0.3967207074165344,0.09788737446069717,0.15983550250530243,-1.0153977830151417,-0.9859474257967953,-0.854482336033836,-1.0838347998340307,1.0838347998340307,1.1540110486465402,1.0856767671937402,10.061364532731817,0.23809560299216564,1.0,0.0,0.06321526307029197,-0.6642792695985275
18.0,29768,-0.3967207074165344,0.09478232264518738,0.15983550250530243,-1.0166974982515264,-0.9882698634241479,-0.854482336033836,-1.0830521868246974,1.0830521868246974,1.1540110486465402,1.0847592785192164,10.401910012418218,0.23789439207396218,1.0,0.0,0.06083299236506172,-0.6743812636441548
19.0,37210,-0.3967207074165344,0.09247461706399918,0.15983550250530243,-1.018021315917606,-0.9899956078426586,-0.854482336033836,-1.0824702313775512,1.0824702313775512,1.1540110486465402,1.0840839400708895,10.667923941653472,0.2377462861920487,1.0,0.0,0.05912856584318445,-0.6821931050491026
20.0,40931,-0.20381557941436768,0.08747255057096481,0.13936874270439148,-1.0193519770438335,-0.9937359306850448,-0.8947164454434742,-1.0812084831711957,1.0812084831711957,1.1428822968280548,1.0825864385277246,11.378134541826348,0.23741787487877805,1.0,0.0,0.05460414630638971,-0.8508912357943867
21.0,48373,-0.3197256624698639,0.059012699872255325,0.13936874270439148,-1.0206826381700613,-0.9947356975531113,-0.8947164454434742,-1.0537483970884234,1.0537483970884234,1.1428822968280548,1.0573375523849524,10.662944195360822,0.23188063861039698,1.0,0.0,0.08704605263448759,-0.2893545316267691
22.0,55815,-0.3197256624698639,0.029978228732943535,0.13936874270439148,-1.0220317640680932,-0.9956974132525593,-0.8947164454434742,-1.025675641568041,1.025675641568041,1.1428822968280548,1.0315071472663904,9.408837221569042,0.22621587164837315,1.0,0.0,0.10952841196809393,-0.13322448097256082
23.0,63257,-0.3197256624698639,0.007483731955289841,0.13936874270439148,-1.0234236292040733,-0.9966345820820876,-0.8947164454434742,-1.004118311503093,1.004118311503093,1.1428822968280548,1.0112280188796203,8.615014172940453,0.22176853387040452,1.0,0.0,0.11970180831912053,-0.0599185744097903
24.0,70699,-0.3197256624698639,-0.010536032728850842,0.13936874270439148,-1.024815628226132,-0.9975550170936629,-0.8947164454434742,-0.9870189827594912,0.9870189827594912,1.1428822968280548,0.9948526049974649,8.057142543134347,0.21817730473081817,1.0,0.0,0.12460029403952771,-0.0105852330652549
25.0,78141,-0.3197256624698639,-0.025359541177749634,0.13936874270439148,-1.026207627248191,-0.9984635129878852,-0.8947164454434742,-0.9731039696694693,0.9731039696694693,1.1428822968280548,0.981328971545781,7.637872581627585,0.21521148860706843,1.0,0.0,0.12678806967893444,0.027766478567634367
26.0,85583,-0.3197256624698639,-0.03782058507204056,0.13936874270439148,-1.0275996262702498,-0.999363145652915,-0.8947164454434742,-0.9615425566065485,0.9615425566065485,1.1428822968280548,0.9699531970028745,7.307553456213033,0.21271671117317598,1.0,0.0,0.127456330879279,0.059964407907098664
27.0,93025,-0.3197256624698639,-0.048486147075891495,0.13936874270439148,-1.0289916252923088,-1.0002559642142959,-0.8947164454434742,-0.9517698142840283,0.9517698142840283,1.1428822968280548,0.9602360769423675,7.0380086780328845,0.2105856868848568,1.0,0.0,0.12723028136645484,0.08827927999879669
28.0,96746,-0.3197256624698639,-0.06411212682723999,0.1191723570227623,-1.0303841338740982,-1.0020057388322612,-0.9261492096520008,-0.937893609453435,0.937893609453435,1.13262371402884,0.946181523066501,6.73331036475312,0.20750343664152712,1.0,0.0,0.12496020141688434,0.07530200091814487
29.0,104188,-0.3197256624698639,-0.07211102545261383,0.1191723570227623,-1.0317774803004998,-1.0028591252758536,-0.9261492096520008,-0.9307480988220568,0.9307480988220568,1.13262371402884,0.9389203387308066,6.541499587466081,0.20591101418662539,1.0,0.0,0.12360978531978341,0.09906537862817141
30.0,111630,-0.3197256624698639,-0.079208604991436,0.1191723570227623,-1.033170826726901,-1.0037130726078565,-0.9261492096520008,-0.9245044647009015,0.9245044647009015,1.13262371402884,0.9325330062217746,6.374820170326949,0.204510232820381,1.0,0.0,0.12210365422139532,0.12151123289771074
31.0,119072,-0.3197256624698639,-0.07455423474311829,0.1191723570227623,-1.0345629561977177,-1.0045670091633383,-0.9261492096520008,-0.9300127785500554,0.9300127785500554,1.13262371402884,0.9379033805509257,6.580451653100648,0.20568798899314866,1.0,0.0,0.12140421318967012,0.07714577109072143
32.0,126514,-0.3197256624698639,-0.06712222099304199,0.1191723570227623,-1.0359538687129501,-1.00541948352439,-0.9261492096520008,-0.9382972668969728,0.9382972668969728,1.13262371402884,0.9462844661796456,6.809203322579154,0.20752601270038612,1.0,0.0,0.12268875198711356,0.017066215348699145
33.0,133956,-0.3197256624698639,-0.060639388859272,0.1191723570227623,-1.0373553048519422,-1.0062705204313331,-0.9261492096520008,-0.9456311345650316,0.9456311345650316,1.13262371402884,0.9536368565286246,7.028610481547049,0.20913843719584516,1.0,0.0,0.12330860283971078,-0.034553351577158116
34.0,141398,-0.3197256624698639,-0.06423555314540863,0.1191723570227623,-1.0387721814803732,-1.0071207944322396,-0.9261492096520008,-0.9428852471780064,0.9428852471780064,1.13262371402884,0.9506961583884118,6.9839955185507225,0.20849352397851464,1.0,0.0,0.12161659522125594,-0.013830002559400206
35.0,145119,-0.3197256624698639,-0.07466176152229309,0.1178644523024559,-1.0402190465305328,-1.008394293321698,-0.9280222384536204,-0.9337325364609073,0.9337325364609073,1.1319639269415687,0.9414237548521366,6.708967502209133,0.2064600287634861,1.0,0.0,0.1200926165291718,0.004175326957677489
36.0,145119,-0.3197256624698639,-0.08909629285335541,0.11525201052427292,-1.0416715858936891,-1.0100925181240008,-0.9317682960568596,-0.9209962323184769,0.9209962323184769,1.1306497935394146,0.9283300097047756,6.384022906895762,0.20358848979305666,1.0,0.0,0.11645834870499354,-0.010209706416546737
37.0,145119,-0.3197256624698639,-0.10354381054639816,0.11264403909444809,-1.043124125256845,-1.0117935404900438,-0.9353930183686098,-0.9082497332073288,0.9082497332073288,1.1293415373459745,0.9150500097733143,6.077191260179078,0.20067610400111408,1.0,0.0,0.11135053859935871,-0.037905967573406085
38.0,145119,-0.3197256624698639,-0.11800432950258255,0.11004051566123962,-1.0445777058690562,-1.0134973969946526,-0.9389836497040918,-0.895493074400887,0.895493074400887,1.128037729149151,0.9015754377070133,5.787250460842942,0.19772104734140497,1.0,0.0,0.10454866641984366,-0.08336461614536027
39.0,145119,-0.3197256624698639,-0.13247783482074738,0.10744143277406693,-1.0460314358099339,-1.0152040538854594,-0.9425898220481833,-0.882726220832981,0.882726220832981,1.1267658277685306,0.8878972909686123,5.513018026194842,0.194721345502051,1.0,0.0,0.09568708571228024,-0.15550781240375547
40.0,145119,-0.3197256624698639,-0.14395152032375336,0.07614200562238693,-1.0474851657508115,-1.0169134565912499,-0.9460467762167176,-0.8729619370796036,0.8729619370796036,1.1107049618201046,0.8775162953688198,5.262675928579503,0.19244472921838457,1.0,0.0,0.08928776539897484,-0.21872652183395264
41.0,145119,-0.3150418698787689,-0.14638987183570862,0.07614200562238693,-1.0489388956916892,-1.0186235333648068,-0.9492523673703608,-0.872233656305228,0.872233656305228,1.1107049618201046,0.8767793370117938,5.179719271573037,0.19228310971090468,1.0,0.0,0.08916532181889436,-0.16413025724293745
42.0,145119,-0.3107755184173584,-0.14882807433605194,0.07614200562238693,-1.050392625632567,-1.0203335421100412,-0.9524579585240041,-0.8715054618807327,0.8715054618807327,1.1107049618201046,0.8760444971035505,5.099119358111592,0.1921219547922928,1.0,0.0,0.0890628475821892,-0.10942818242903381
43.0,145119,-0.3068925440311432,-0.15126611292362213,0.07614200562238693,-1.0518463555734445,-1.0220434316672935,-0.9556635496776474,-0.8707773012475137,0.8707773012475137,1.1107049618201046,0.8753116355624626,5.02079139285252,0.1919612337417852,1.0,0.0,0.08897949755486746,-0.054618857917147816
44.0,145119,-0.30336233973503113,-0.1446622908115387,0.07614200562238693,-1.0533068194773547,-1.0237527368877397,-0.9588691408312908,-0.8790904530998339,0.8790904530998339,1.1107049618201046,0.8840914083132857,5.1728808397497605,0.19388669199087782,1.0,0.0,0.09390204214498901,-0.10058514281855636
45.0,145119,-0.3001571595668793,-0.13503232598304749,0.07614200562238693,-1.0547740173442974,-1.0254602024244015,-0.9620065586327834,-0.8904278708694094,0.8904278708694094,1.1107049618201046,0.8961708048383913,5.378155370788577,0.1965357780598931,1.0,0.0,0.10129322889893763,-0.1611439510090168
46.0,145119,-0.29725196957588196,-0.12538909912109375,0.07614200562238693,-1.0562412152112401,-1.0271658835142117,-0.9650758030818811,-0.9017767877982232,0.9017767877982232,1.1107049618201046,0.9080952043016702,5.602044464415964,0.19915087231844256,1.0,0.0,0.1069370144909733,-0.20620943015672477
47.0,145119,-0.294624000787735,-0.11573256552219391,0.07614200562238693,-1.0577084130781829,-1.0288697755044776,-0.9681450475309787,-0.9131371977933298,0.9131371977933298,1.1107049618201046,0.9198705300939963,5.848117434460796,0.2017332738026338,1.0,0.0,0.11109568012970203,-0.2389518516231295
48.0,145119,-0.2922525703907013,-0.10606276988983154,0.07614200562238693,-1.0591756109451256,-1.0305718193997586,-0.9712142919800766,-0.924509040401107,0.924509040401107,1.1107049618201046,0.9315022887257232,6.1209311232566215,0.20428419012410845,1.0,0.0,0.11392781978327823,-0.26101840096782286
49.0,141398,-0.2901188135147095,-0.09920363128185272,0.07614200562238693,-1.059909209878597,-1.031847995215368,-0.9742835364291741,-0.9326443678342334,0.9326443678342334,1.1107049618201046,0.9397315626212628,6.322964136597024,0.20608892058307435,1.0,0.0,0.11519502132274922,-0.25131126418461536
50.0,133956,-0.28427428007125854,-0.09798918664455414,0.07614200562238693,-1.059909209878597,-1.0326992278961582,-0.977190506777713,-0.9347100501160507,0.9347100501160507,1.1107049618201046,0.9419845710562903,6.311202784921588,0.2065830192117766,1.0,0.0,0.11684200583011667,-0.2435936566206279
51.0,126514,-0.28427428007125854,-0.1068650558590889,0.07358996570110321,-1.059909209878597,-1.0335510515791033,-0.9799329206478797,-0.926685998701632,0.926685998701632,1.1095438344140534,0.9337873420405828,6.10612031509603,0.20478531639235956,1.0,0.0,0.11494285549318546,-0.3514005016696028
52.0,119072,-0.28427428007125854,-0.1167115718126297,0.07104205340147018,-1.059909209878597,-1.0344043048923806,-0.9826256228490433,-0.9176927266276209,0.9176927266276209,1.1083868346296528,0.9245198741051885,5.888485361744858,0.20275290358500833,1.0,0.0,0.11214747930121757,-0.48895010647807235
53.0,111630,-0.28427428007125854,-0.12380621582269669,0.04034273698925972,-1.059909209878597,-1.0352594596731284,-0.9853183250502067,-0.9114532322954199,0.9114532322954199,1.0936495564666144,0.9182707708177408,5.6932864552562705,0.20138243673857198,1.0,0.0,0.11168802060099393,-0.6051844824958833
54.0,104188,-0.28317558765411377,-0.11915273219347,0.04034273698925972,-1.059909209878597,-1.0361148311236945,-0.9880110272513704,-0.9169620943180872,0.9169620943180872,1.0936495564666144,0.9239265775564384,5.810532385072115,0.20262278999706357,1.0,0.0,0.1132291409777606,-0.595918418901026
55.0,96746,-0.2822352647781372,-0.11359277367591858,0.04034273698925972,-1.059909209878597,-1.0369697127057897,-0.9907037294525339,-0.923376940096056,0.923376940096056,1.0936495564666144,0.9304646031896324,5.960306864341962,0.204056619293731,1.0,0.0,0.11462724064097365,-0.5837176340593008
56.0,89304,-0.28144317865371704,-0.10689973831176758,0.04034273698925972,-1.059909209878597,-1.037824007610507,-0.9933964316536974,-0.9309242789635733,0.9309242789635733,1.0936495564666144,0.9380934608129206,6.155265186768058,0.20572967476552967,1.0,0.0,0.11575546666575205,-0.5681391378745394
57.0,81862,-0.28078994154930115,-0.09876460582017899,0.04034273698925972,-1.059909209878597,-1.0386775771362213,-0.996089133854861,-0.9399129807886281,0.9399129807886281,1.0936495564666144,0.9470934837481133,6.415892619353477,0.20770343523683174,1.0,0.0,0.11640298779904489,-0.5486609190560269
58.0,74420,-0.2802669107913971,-0.08875476568937302,0.04034273698925972,-1.059909209878597,-1.0395302110674802,-0.9987409814365676,-0.9507754474785702,0.9507754474785702,1.0936495564666144,0.9578505792197872,6.777899859926503,0.21006253253923854,1.0,0.0,0.11620576799893603,-0.5246851732541483
59.0,66978,-0.27986598014831543,-0.07624535262584686,0.04034273698925972,-1.059909209878597,-1.0403817295032067,-1.0013519743988177,-0.9641363835366338,0.9641363835366338,1.0936495564666144,0.9709115020712955,7.31026305585604,0.21292687337799676,1.0,0.0,0.1144996890883139,-0.49557592327080213
60.0,59536,-0.27957966923713684,-0.06029902398586273,0.04034273698925972,-1.059909209878597,-1.041231818001051,-1.0039629673610677,-0.9809328012205416,0.9809328012205416,1.0936495564666144,0.987077738822955,8.168370635191145,0.2164722286843,1.0,0.0,0.10996955021789788,-0.4609388998448229
61.0,52094,-0.2794010639190674,-0.03944283723831177,0.04034273698925972,-1.059909209878597,-1.0420800010592763,-1.0065739603233177,-1.0026371673233474,1.0026371673233474,1.0936495564666144,1.007574725573734,9.807017413279286,0.22096734414353894,1.0,0.0,0.09962699594447849,-0.4223199621668837
62.0,44652,-0.2793235778808594,-0.01122189313173294,0.04034273698925972,-1.059909209878597,-1.042925416464433,-1.009184953285568,-1.0317035235984127,1.0317035235984127,1.0936495564666144,1.0343777737312077,14.641106136852159,0.22684541771563643,1.0,0.0,0.07433181146954806,-0.40194855643046207
63.0,37210,-0.04545518755912781,0.01703263446688652,0.04034273698925972,-1.059909209878597,-1.0437665038331934,-1.0116566040922488,-1.0607991372291345,1.0607991372291345,1.0936495564666144,1.0611312639497525,43.500214205376906,0.23271262292644182,1.0,0.0,0.026547123870937796,-0.8928144894509478
64.0,29768,-0.04545518755912781,0.015922876074910164,0.03783813863992691,-1.059909209878597,-1.044606203634749,-1.0139889127433608,-1.0605290794018714,1.0605290794018714,1.0926121559842243,1.060853848330075,45.325389531174125,0.23265178397212088,1.0,0.0,0.026248033425845408,-0.9241140058066496
65.0,22326,-0.04545518755912781,0.014813162386417389,0.03533729910850525,-1.059909209878597,-1.0454458318039586,-1.016321221394473,-1.0602589934650601,1.0602589934650601,1.0915785143197454,1.0605766143543414,47.23825742403832,0.23259098485343585,1.0,0.0,0.025954223003125207,-0.95009129388211
66.0,14884,-0.04545518755912781,0.013703490607440472,0.03284018859267235,-1.059909209878597,-1.0462853213964682,-1.018653530045585,-1.0599888121684322,1.0599888121684322,1.0905486016708552,1.0602994891565514,49.23114031123381,0.23253020959042392,1.0,0.0,0.025665634346778092,-0.9697758958285168
67.0,7442,-0.04545518755912781,0.012593862600624561,0.03034677915275097,-1.059909209878597,-1.0471247553356873,-1.0209774755281518,-1.0597186180383042,1.0597186180383042,1.0895223900978765,1.0600225481994245,51.290977012302754,0.23246947473252438,1.0,0.0,0.025382144685111917,-0.9822543785381601
68.0,3721,-0.06427445262670517,-0.03220990300178528,-0.01988035999238491,-1.089635112311001,-1.0809680116731788,-1.0654298899977392,-1.0487581093461706,1.0487581093461706,1.0697547523186162,1.0488840825441832,30.991577070919856,0.2300267405995585,1.0,0.0,0.01625566655656642,-0.9908818810735537
69.0,3721,-0.06427445262670517,-0.03220990300178528,-0.01988035999238491,-1.089635112311001,-1.0809680116731788,-1.0654298899977392,-1.0487581093461706,1.0487581093461706,1.0697547523186162,1.0488840825441832,30.991577070919856,0.2300267405995585,1.0,0.0,0.01625566655656642,-0.9908818810735537
70.0,3721,-0.06427445262670517,-0.03220990300178528,-0.01988035999238491,-1.089635112311001,-1.0809680116731788,-1.0654298899977392,-1.0487581093461706,1.0487581093461706,1.0697547523186162,1.0488840825441832,30.991577070919856,0.2300267405995585,1.0,0.0,0.01625566655656642,-0.9908818810735537
71.0,3721,-0.06427445262670517,-0.03220990300178528,-0.01988035999238491,-1.089635112311001,-1.0809680116731788,-1.0654298899977392,-1.0487581093461706,1.0487581093461706,1.0697547523186162,1.0488840825441832,30.991577070919856,0.2300267405995585,1.0,0.0,0.01625566655656642,-0.9908818810735537
72.0,3721,-0.06427445262670517,-0.03220990300178528,-0.01988035999238491,-1.089635112311001,-1.0809680116731788,-1.0654298899977392,-1.0487581093461706,1.0487581093461706,1.0697547523186162,1.0488840825441832,30.991577070919856,0.2300267405995585,1.0,0.0,0.01625566655656642,-0.9908818810735537
73.0,3721,-0.06427445262670517,-0.03220990300178528,-0.01988035999238491,-1.089635112311001,-1.0809680116731788,-1.0654298899977392,-1.0487581093461706,1.0487581093461706,1.0697547523186162,1.0488840825441832,30.991577070919856,0.2300267405995585,1.0,0.0,0.01625566655656642,-0.9908818810735537
74.0,3721,-0.06427445262670517,-0.03220990300178528,-0.01988035999238491,-1.089635112311001,-1.0809680116731788,-1.0654298899977392,-1.0487581093461706,1.0487581093461706,1.0697547523186162,1.0488840825441832,30.991577070919856,0.2300267405995585,1.0,0.0,0.01625566655656642,-0.9908818810735537
75.0,3721,-0.06427445262670517,-0.03220990300178528,-0.01988035999238491,-1.089635112311001,-1.0809680116731788,-1.0654298899977392,-1.0487581093461706,1.0487581093461706,1.0697547523186162,1.0488840825441832,30.991577070919856,0.2300267405995585,1.0,0.0,0.01625566655656642,-0.9908818810735537
76.0,3721,-0.06427445262670517,-0.03220990300178528,-0.01988035999238491,-1.089635112311001,-1.0809680116731788,-1.0654298899977392,-1.0487581093461706,1.0487581093461706,1.0697547523186162,1.0488840825441832,30.991577070919856,0.2300267405995585,1.0,0.0,0.01625566655656642,-0.9908818810735537
77.0,3721,-0.06427445262670517,-0.03220990300178528,-0.01988035999238491,-1.089635112311001,-1.0809680116731788,-1.0654298899977392,-1.0487581093461706,1.0487581093461706,1.0697547523186162,1.0488840825441832,30.991577070919856,0.2300267405995585,1.0,0.0,0.01625566655656642,-0.9908818810735537
78.0,3721,-0.06427445262670517,-0.03220990300178528,-0.01988035999238491,-1.089635112311001,-1.0809680116731788,-1.0654298899977392,-1.0487581093461706,1.0487581093461706,1.0697547523186162,1.0488840825441832,30.991577070919856,0.2300267405995585,1.0,0.0,0.01625566655656642,-0.9908818810735537
79.0,3721,-0.06427445262670517,-0.03220990300178528,-0.01988035999238491,-1.089635112311001,-1.0809680116731788,-1.0654298899977392,-1.0487581093461706,1.0487581093461706,1.0697547523186162,1.0488840825441832,30.991577070919856,0.2300267405995585,1.0,0.0,0.01625566655656642,-0.9908818810735537
80.0,3721,-0.06427445262670517,-0.03220990300178528,-0.01988035999238491,-1.089635112311001,-1.0809680116731788,-1.0654298899977392,-1.0487581093461706,1.0487581093461706,1.0697547523186162,1.0488840825441832,30.991577070919856,0.2300267405995585,1.0,0.0,0.01625566655656642,-0.9908818810735537
81.0,3721,-0.06427445262670517,-0.03220990300178528,-0.01988035999238491,-1.089635112311001,-1.0809680116731788,-1.0654298899977392,-1.0487581093461706,1.0487581093461706,1.0697547523186162,1.0488840825441832,30.991577070919856,0.2300267405995585,1.0,0.0,0.01625566655656642,-0.9908818810735537
82.0,3721,-0.06427445262670517,-0.03220990300178528,-0.01988035999238491,-1.089635112311001,-1.0809680116731788,-1.0654298899977392,-1.0487581093461706,1.0487581093461706,1.0697547523186162,1.0488840825441832,30.991577070919856,0.2300267405995585,1.0,0.0,0.01625566655656642,-0.9908818810735537
83.0,3721,-0.06427445262670517,-0.03220990300178528,-0.01988035999238491,-1.089635112311001,-1.0809680116731788,-1.0654298899977392,-1.0487581093461706,1.0487581093461706,1.0697547523186162,1.0488840825441832,30.991577070919856,0.2300267405995585,1.0,0.0,0.01625566655656642,-0.9908818810735537
84.0,3721,-0.06427445262670517,-0.03220990300178528,-0.01988035999238491,-1.089635112311001,-1.0809680116731788,-1.0654298899977392,-1.0487581093461706,1.0487581093461706,1.0697547523186162,1.0488840825441832,30.991577070919856,0.2300267405995585,1.0,0.0,0.01625566655656642,-0.9908818810735537
85.0,3721,-0.06427445262670517,-0.03220990300178528,-0.01988035999238491,-1.089635112311001,-1.0809680116731788,-1.0654298899977392,-1.0487581093461706,1.0487581093461706,1.0697547523186162,1.0488840825441832,30.991577070919856,0.2300267405995585,1.0,0.0,0.01625566655656642,-0.9908818810735537
86.0,3721,-0.06427445262670517,-0.03220990300178528,-0.01988035999238491,-1.089635112311001,-1.0809680116731788,-1.0654298899977392,-1.0487581093461706,1.0487581093461706,1.0697547523186162,1.0488840825441832,30.991577070919856,0.2300267405995585,1.0,0.0,0.01625566655656642,-0.9908818810735537
87.0,3721,-0.06427445262670517,-0.03220990300178528,-0.01988035999238491,-1.089635112311001,-1.0809680116731788,-1.0654298899977392,-1.0487581093461706,1.0487581093461706,1.0697547523186162,1.0488840825441832,30.991577070919856,0.2300267405995585,1.0,0.0,0.01625566655656642,-0.9908818810735537
88.0,3721,-0.09531636536121368,-0.07641976326704025,-0.06764807552099228,-1.1203963288892245,-1.1144287018441916,-1.1045535099929977,-1.0380089398045649,1.0380089398045649,1.0527451285426894,1.038062821290979,13.531621793206098,0.2276535713459904,1.0,0.0,0.010576475423791525,-0.9942812877056616
89.0,3721,-0.09531636536121368,-0.07641976326704025,-0.06764807552099228,-1.1203963288892245,-1.1144287018441916,-1.1045535099929977,-1.0380089398045649,1.0380089398045649,1.0527451285426894,1.038062821290979,13.531621793206098,0.2276535713459904,1.0,0.0,0.010576475423791525,-0.9942812877056616
90.0,3721,-0.09531636536121368,-0.07641976326704025,-0.06764807552099228,-1.1203963288892245,-1.1144287018441916,-1.1045535099929977,-1.0380089398045649,1.0380089398045649,1.0527451285426894,1.038062821290979,13.531621793206098,0.2276535713459904,1.0,0.0,0.010576475423791525,-0.9942812877056616
91.0,3721,-0.09531636536121368,-0.07641976326704025,-0.06764807552099228,-1.1203963288892245,-1.1144287018441916,-1.1045535099929977,-1.0380089398045649,1.0380089398045649,1.0527451285426894,1.038062821290979,13.531621793206098,0.2276535713459904,1.0,0.0,0.010576475423791525,-0.9942812877056616
92.0,3721,-0.09531636536121368,-0.07641976326704025,-0.06764807552099228,-1.1203963288892245,-1.1144287018441916,-1.1045535099929977,-1.0380089398045649,1.0380089398045649,1.0527451285426894,1.038062821290979,13.531621793206098,0.2276535713459904,1.0,0.0,0.010576475423791525,-0.9942812877056616
93.0,3721,-0.09531636536121368,-0.07641976326704025,-0.06764807552099228,-1.1203963288892245,-1.1144287018441916,-1.1045535099929977,-1.0380089398045649,1.0380089398045649,1.0527451285426894,1.038062821290979,13.531621793206098,0.2276535713459904,1.0,0.0,0.010576475423791525,-0.9942812877056616
94.0,3721,-0.09531636536121368,-0.07641976326704025,-0.06764807552099228,-1.1203963288892245,-1.1144287018441916,-1.1045535099929977,-1.0380089398045649,1.0380089398045649,1.0527451285426894,1.038062821290979,13.531621793206098,0.2276535713459904,1.0,0.0,0.010576475423791525,-0.9942812877056616
95.0,3721,-0.09531636536121368,-0.07641976326704025,-0.06764807552099228,-1.1203963288892245,-1.1144287018441916,-1.1045535099929977,-1.0380089398045649,1.0380089398045649,1.0527451285426894,1.038062821290979,13.531621793206098,0.2276535713459904,1.0,0.0,0.010576475423791525,-0.9942812877056616
96.0,3721,-0.09531636536121368,-0.07641976326704025,-0.06764807552099228,-1.1203963288892245,-1.1144287018441916,-1.1045535099929977,-1.0380089398045649,1.0380089398045649,1.0527451285426894,1.038062821290979,13.531621793206098,0.2276535713459904,1.0,0.0,0.010576475423791525,-0.9942812877056616
97.0,3721,-0.09531636536121368,-0.07641976326704025,-0.06764807552099228,-1.1203963288892245,-1.1144287018441916,-1.1045535099929977,-1.0380089398045649,1.0380089398045649,1.0527451285426894,1.038062821290979,13.531621793206098,0.2276535713459904,1.0,0.0,0.010576475423791525,-0.9942812877056616
98.0,3721,-0.09531636536121368,-0.07641976326704025,-0.06764807552099228,-1.1203963288892245,-1.1144287018441916,-1.1045535099929977,-1.0380089398045649,1.0380089398045649,1.0527451285426894,1.038062821290979,13.531621793206098,0.2276535713459904,1.0,0.0,0.010576475423791525,-0.9942812877056616
99.0,3721,-0.09531636536121368,-0.07641976326704025,-0.06764807552099228,-1.1203963288892245,-1.1144287018441916,-1.1045535099929977,-1.0380089398045649,1.0380089398045649,1.0527451285426894,1.038062821290979,13.531621793206098,0.2276535713459904,1.0,0.0,0.010576475423791525,-0.9942812877056616
100.0,3721,-0.09531636536121368,-0.07641976326704025,-0.06764807552099228,-1.1203963288892245,-1.1144287018441916,-1.1045535099929977,-1.0380089398045649,1.0380089398045649,1.0527451285426894,1.038062821290979,13.531621793206098,0.2276535713459904,1.0,0.0,0.010576475423791525,-0.9942812877056616
101.0,3721,-0.09531636536121368,-0.07641976326704025,-0.06764807552099228,-1.1203963288892245,-1.1144287018441916,-1.1045535099929977,-1.0380089398045649,1.0380089398045649,1.0527451285426894,1.038062821290979,13.531621793206098,0.2276535713459904,1.0,0.0,0.010576475423791525,-0.9942812877056616
102.0,3721,-0.09531636536121368,-0.07641976326704025,-0.06764807552099228,-1.1203963288892245,-1.1144287018441916,-1.1045535099929977,-1.0380089398045649,1.0380089398045649,1.0527451285426894,1.038062821290979,13.531621793206098,0.2276535713459904,1.0,0.0,0.010576475423791525,-0.9942812877056616
103.0,3721,-0.09531636536121368,-0.07641976326704025,-0.06764807552099228,-1.1203963288892245,-1.1144287018441916,-1.1045535099929977,-1.0380089398045649,1.0380089398045649,1.0527451285426894,1.038062821290979,13.531621793206098,0.2276535713459904,1.0,0.0,0.010576475423791525,-0.9942812877056616
104.0,3721,-0.09531636536121368,-0.07641976326704025,-0.06764807552099228,-1.1203963288892245,-1.1144287018441916,-1.1045535099929977,-1.0380089398045649,1.0380089398045649,1.0527451285426894,1.038062821290979,13.531621793206098,0.2276535713459904,1.0,0.0,0.010576475423791525,-0.9942812877056616
105.0,3721,-0.09531636536121368,-0.07641976326704025,-0.06764807552099228,-1.1203963288892245,-1.1144287018441916,-1.1045535099929977,-1.0380089398045649,1.0380089398045649,1.0527451285426894,1.038062821290979,13.531621793206098,0.2276535713459904,1.0,0.0,0.010576475423791525,-0.9942812877056616
106.0,3721,-0.09531636536121368,-0.07641976326704025,-0.06764807552099228,-1.1203963288892245,-1.1144287018441916,-1.1045535099929977,-1.0380089398045649,1.0380089398045649,1.0527451285426894,1.038062821290979,13.531621793206098,0.2276535713459904,1.0,0.0,0.010576475423791525,-0.9942812877056616
107.0,3721,-0.09531636536121368,-0.07641976326704025,-0.06764807552099228,-1.1203963288892245,-1.1144287018441916,-1.1045535099929977,-1.0380089398045649,1.0380089398045649,1.0527451285426894,1.038062821290979,13.531621793206098,0.2276535713459904,1.0,0.0,0.010576475423791525,-0.9942812877056616
108.0,3721,-0.13210462033748627,-0.12060067802667618,-0.1144433468580246,-1.1520347516856133,-1.1479093400644704,-1.1416759318477323,-1.0273086610506574,1.0273086610506574,1.0375914048275887,1.0273318426976183,8.512885900500198,0.22530020163588194,1.0,0.0,0.006901445557923531,-0.9961535015964632
109.0,3721,-0.13210462033748627,-0.12060067802667618,-0.1144433468580246,-1.1520347516856133,-1.1479093400644704,-1.1416759318477323,-1.0273086610506574,1.0273086610506574,1.0375914048275887,1.0273318426976183,8.512885900500198,0.22530020163588194,1.0,0.0,0.006901445557923531,-0.9961535015964632
110.0,3721,-0.13210462033748627,-0.12060067802667618,-0.1144433468580246,-1.1520347516856133,-1.1479093400644704,-1.1416759318477323,-1.0273086610506574,1.0273086610506574,1.0375914048275887,1.0273318426976183,8.512885900500198,0.22530020163588194,1.0,0.0,0.006901445557923531,-0.9961535015964632
111.0,3721,-0.13210462033748627,-0.12060067802667618,-0.1144433468580246,-1.1520347516856133,-1.1479093400644704,-1.1416759318477323,-1.0273086610506574,1.0273086610506574,1.0375914048275887,1.0273318426976183,8.512885900500198,0.22530020163588194,1.0,0.0,0.006901445557923531,-0.9961535015964632
112.0,3721,-0.13210462033748627,-0.12060067802667618,-0.1144433468580246,-1.1520347516856133,-1.1479093400644704,-1.1416759318477323,-1.0273086610506574,1.0273086610506574,1.0375914048275887,1.0273318426976183,8.512885900500198,0.22530020163588194,1.0,0.0,0.006901445557923531,-0.9961535015964632
113.0,3721,-0.13210462033748627,-0.12060067802667618,-0.1144433468580246,-1.1520347516856133,-1.1479093400644704,-1.1416759318477323,-1.0273086610506574,1.0273086610506574,1.0375914048275887,1.0273318426976183,8.512885900500198,0.22530020163588194,1.0,0.0,0.006901445557923531,-0.9961535015964632
114.0,3721,-0.13210462033748627,-0.12060067802667618,-0.1144433468580246,-1.1520347516856133,-1.1479093400644704,-1.1416759318477323,-1.0273086610506574,1.0273086610506574,1.0375914048275887,1.0273318426976183,8.512885900500198,0.22530020163588194,1.0,0.0,0.006901445557923531,-0.9961535015964632
115.0,3721,-0.13210462033748627,-0.12060067802667618,-0.1144433468580246,-1.1520347516856133,-1.1479093400644704,-1.1416759318477323,-1.0273086610506574,1.0273086610506574,1.0375914048275887,1.0273318426976183,8.512885900500198,0.22530020163588194,1.0,0.0,0.006901445557923531,-0.9961535015964632
116.0,3721,-0.13210462033748627,-0.12060067802667618,-0.1144433468580246,-1.1520347516856133,-1.1479093400644704,-1.1416759318477323,-1.0273086610506574,1.0273086610506574,1.0375914048275887,1.0273318426976183,8.512885900500198,0.22530020163588194,1.0,0.0,0.006901445557923531,-0.9961535015964632
117.0,3721,-0.13210462033748627,-0.12060067802667618,-0.1144433468580246,-1.1520347516856133,-1.1479093400644704,-1.1416759318477323,-1.0273086610506574,1.0273086610506574,1.0375914048275887,1.0273318426976183,8.512885900500198,0.22530020163588194,1.0,0.0,0.006901445557923531,-0.9961535015964632
118.0,3721,-0.13210462033748627,-0.12060067802667618,-0.1144433468580246,-1.1520347516856133,-1.1479093400644704,-1.1416759318477323,-1.0273086610506574,1.0273086610506574,1.0375914048275887,1.0273318426976183,8.512885900500198,0.22530020163588194,1.0,0.0,0.006901445557923531,-0.9961535015964632
119.0,3721,-0.13210462033748627,-0.12060067802667618,-0.1144433468580246,-1.1520347516856133,-1.1479093400644704,-1.1416759318477323,-1.0273086610506574,1.0273086610506574,1.0375914048275887,1.0273318426976183,8.512885900500198,0.22530020163588194,1.0,0.0,0.006901445557923531,-0.9961535015964632
120.0,3721,-0.13210462033748627,-0.12060067802667618,-0.1144433468580246,-1.1520347516856133,-1.1479093400644704,-1.1416759318477323,-1.0273086610506574,1.0273086610506574,1.0375914048275887,1.0273318426976183,8.512885900500198,0.22530020163588194,1.0,0.0,0.006901445557923531,-0.9961535015964632
121.0,3721,-0.13210462033748627,-0.12060067802667618,-0.1144433468580246,-1.1520347516856133,-1.1479093400644704,-1.1416759318477323,-1.0273086610506574,1.0273086610506574,1.0375914048275887,1.0273318426976183,8.512885900500198,0.22530020163588194,1.0,0.0,0.006901445557923531,-0.9961535015964632
122.0,3721,-0.13210462033748627,-0.12060067802667618,-0.1144433468580246,-1.1520347516856133,-1.1479093400644704,-1.1416759318477323,-1.0273086610506574,1.0273086610506574,1.0375914048275887,1.0273318426976183,8.512885900500198,0.22530020163588194,1.0,0.0,0.006901445557923531,-0.9961535015964632
123.0,3721,-0.13210462033748627,-0.12060067802667618,-0.1144433468580246,-1.1520347516856133,-1.1479093400644704,-1.1416759318477323,-1.0273086610506574,1.0273086610506574,1.0375914048275887,1.0273318426976183,8.512885900500198,0.22530020163588194,1.0,0.0,0.006901445557923531,-0.9961535015964632
124.0,3721,-0.13210462033748627,-0.12060067802667618,-0.1144433468580246,-1.1520347516856133,-1.1479093400644704,-1.1416759318477323,-1.0273086610506574,1.0273086610506574,1.0375914048275887,1.0273318426976183,8.512885900500198,0.22530020163588194,1.0,0.0,0.006901445557923531,-0.9961535015964632
125.0,3721,-0.13210462033748627,-0.12060067802667618,-0.1144433468580246,-1.1520347516856133,-1.1479093400644704,-1.1416759318477323,-1.0273086610506574,1.0273086610506574,1.0375914048275887,1.0273318426976183,8.512885900500198,0.22530020163588194,1.0,0.0,0.006901445557923531,-0.9961535015964632
126.0,3721,-0.13210462033748627,-0.12060067802667618,-0.1144433468580246,-1.1520347516856133,-1.1479093400644704,-1.1416759318477323,-1.0273086610506574,1.0273086610506574,1.0375914048275887,1.0273318426976183,8.512885900500198,0.22530020163588194,1.0,0.0,0.006901445557923531,-0.9961535015964632
127.0,3721,-0.13210462033748627,-0.12060067802667618,-0.1144433468580246,-1.1520347516856133,-1.1479093400644704,-1.1416759318477323,-1.0273086610506574,1.0273086610506574,1.0375914048275887,1.0273318426976183,8.512885900500198,0.22530020163588194,1.0,0.0,0.006901445557923531,-0.9961535015964632
128.0,3721,-0.17191049456596375,-0.16476093232631683,-0.16048742830753326,-1.184235911546576,-1.1814181020817671,-1.177443138797215,-1.016657177560439,1.016657177560439,1.0237484832390427,1.0166672082268478,6.169637252355712,0.22296138160054813,1.0,0.0,0.004516148648425363,-0.9972054484594529
129.0,3721,-0.17191049456596375,-0.16476093232631683,-0.16048742830753326,-1.184235911546576,-1.1814181020817671,-1.177443138797215,-1.016657177560439,1.016657177560439,1.0237484832390427,1.0166672082268478,6.169637252355712,0.22296138160054813,1.0,0.0,0.004516148648425363,-0.9972054484594529
130.0,3721,-0.17191049456596375,-0.16476093232631683,-0.16048742830753326,-1.184235911546576,-1.1814181020817671,-1.177443138797215,-1.016657177560439,1.016657177560439,1.0237484832390427,1.0166672082268478,6.169637252355712,0.22296138160054813,1.0,0.0,0.004516148648425363,-0.9972054484594529
131.0,3721,-0.17191049456596375,-0.16476093232631683,-0.16048742830753326,-1.184235911546576,-1.1814181020817671,-1.177443138797215,-1.016657177560439,1.016657177560439,1.0237484832390427,1.0166672082268478,6.169637252355712,0.22296138160054813,1.0,0.0,0.004516148648425363,-0.9972054484594529
132.0,3721,-0.17191049456596375,-0.16476093232631683,-0.16048742830753326,-1.184235911546576,-1.1814181020817671,-1.177443138797215,-1.016657177560439,1.016657177560439,1.0237484832390427,1.0166672082268478,6.169637252355712,0.22296138160054813,1.0,0.0,0.004516148648425363,-0.9972054484594529
133.0,3721,-0.17191049456596375,-0.16476093232631683,-0.16048742830753326,-1.184235911546576,-1.1814181020817671,-1.177443138797215,-1.016657177560439,1.016657177560439,1.0237484832390427,1.0166672082268478,6.169637252355712,0.22296138160054813,1.0,0.0,0.004516148648425363,-0.9972054484594529
134.0,3721,-0.17191049456596375,-0.16476093232631683,-0.16048742830753326,-1.184235911546576,-1.1814181020817671,-1.177443138797215,-1.016657177560439,1.016657177560439,1.0237484832390427,1.0166672082268478,6.169637252355712,0.22296138160054813,1.0,0.0,0.004516148648425363,-0.9972054484594529
135.0,3721,-0.17191049456596375,-0.16476093232631683,-0.16048742830753326,-1.184235911546576,-1.1814181020817671,-1.177443138797215,-1.016657177560439,1.016657177560439,1.0237484832390427,1.0166672082268478,6.169637252355712,0.22296138160054813,1.0,0.0,0.004516148648425363,-0.9972054484594529
136.0,3721,-0.17191049456596375,-0.16476093232631683,-0.16048742830753326,-1.184235911546576,-1.1814181020817671,-1.177443138797215,-1.016657177560439,1.016657177560439,1.0237484832390427,1.0166672082268478,6.169637252355712,0.22296138160054813,1.0,0.0,0.004516148648425363,-0.9972054484594529
137.0,3721,-0.17191049456596375,-0.16476093232631683,-0.16048742830753326,-1.184235911546576,-1.1814181020817671,-1.177443138797215,-1.016657177560439,1.016657177560439,1.0237484832390427,1.0166672082268478,6.169637252355712,0.22296138160054813,1.0,0.0,0.004516148648425363,-0.9972054484594529
138.0,3721,-0.17191049456596375,-0.16476093232631683,-0.16048742830753326,-1.184235911546576,-1.1814181020817671,-1.177443138797215,-1.016657177560439,1.016657177560439,1.0237484832390427,1.0166672082268478,6.169637252355712,0.22296138160054813,1.0,0.0,0.004516148648425363,-0.9972054484594529
139.0,3721,-0.17191049456596375,-0.16476093232631683,-0.16048742830753326,-1.184235911546576,-1.1814181020817671,-1.177443138797215,-1.016657177560439,1.016657177560439,1.0237484832390427,1.0166672082268478,6.169637252355712,0.22296138160054813,1.0,0.0,0.004516148648425363,-0.9972054484594529
140.0,3721,-0.17191049456596375,-0.16476093232631683,-0.16048742830753326,-1.184235911546576,-1.1814181020817671,-1.177443138797215,-1.016657177560439,1.016657177560439,1.0237484832390427,1.0166672082268478,6.169637252355712,0.22296138160054813,1.0,0.0,0.004516148648425363,-0.9972054484594529
141.0,3721,-0.17191049456596375,-0.16476093232631683,-0.16048742830753326,-1.184235911546576,-1.1814181020817671,-1.177443138797215,-1.016657177560439,1.016657177560439,1.0237484832390427,1.0166672082268478,6.169637252355712,0.22296138160054813,1.0,0.0,0.004516148648425363,-0.9972054484594529
142.0,3721,-0.17191049456596375,-0.16476093232631683,-0.16048742830753326,-1.184235911546576,-1.1814181020817671,-1.177443138797215,-1.016657177560439,1.016657177560439,1.0237484832390427,1.0166672082268478,6.169637252355712,0.22296138160054813,1.0,0.0,0.004516148648425363,-0.9972054484594529
143.0,3721,-0.17191049456596375,-0.16476093232631683,-0.16048742830753326,-1.184235911546576,-1.1814181020817671,-1.177443138797215,-1.016657177560439,1.016657177560439,1.0237484832390427,1.0166672082268478,6.169637252355712,0.22296138160054813,1.0,0.0,0.004516148648425363,-0.9972054484594529
144.0,3721,-0.17191049456596375,-0.16476093232631683,-0.16048742830753326,-1.184235911546576,-1.1814181020817671,-1.177443138797215,-1.016657177560439,1.016657177560439,1.0237484832390427,1.0166672082268478,6.169637252355712,0.22296138160054813,1.0,0.0,0.004516148648425363,-0.9972054484594529
145.0,3721,-0.17191049456596375,-0.16476093232631683,-0.16048742830753326,-1.184235911546576,-1.1814181020817671,-1.177443138797215,-1.016657177560439,1.016657177560439,1.0237484832390427,1.0166672082268478,6.169637252355712,0.22296138160054813,1.0,0.0,0.004516148648425363,-0.9972054484594529
146.0,3721,-0.17191049456596375,-0.16476093232631683,-0.16048742830753326,-1.184235911546576,-1.1814181020817671,-1.177443138797215,-1.016657177560439,1.016657177560439,1.0237484832390427,1.0166672082268478,6.169637252355712,0.22296138160054813,1.0,0.0,0.004516148648425363,-0.9972054484594529
147.0,3721,-0.17191049456596375,-0.16476093232631683,-0.16048742830753326,-1.184235911546576,-1.1814181020817671,-1.177443138797215,-1.016657177560439,1.016657177560439,1.0237484832390427,1.0166672082268478,6.169637252355712,0.22296138160054813,1.0,0.0,0.004516148648425363,-0.9972054484594529
148.0,3721,-0.21341225504875183,-0.20890678465366364,-0.20596858859062195,-1.2168050473402419,-1.214926444700211,-1.2124037031078345,-1.0060196648640956,1.0060196648640956,1.01083645874962,1.0060240259055482,4.815467848608532,0.22062726615374206,1.0,0.0,0.002962196134602442,-0.9981084842703217
149.0,3721,-0.21341225504875183,-0.20890678465366364,-0.20596858859062195,-1.2168050473402419,-1.214926444700211,-1.2124037031078345,-1.0060196648640956,1.0060196648640956,1.01083645874962,1.0060240259055482,4.815467848608532,0.22062726615374206,1.0,0.0,0.002962196134602442,-0.9981084842703217
150.0,3721,-0.21341225504875183,-0.20890678465366364,-0.20596858859062195,-1.2168050473402419,-1.214926444700211,-1.2124037031078345,-1.0060196648640956,1.0060196648640956,1.01083645874962,1.0060240259055482,4.815467848608532,0.22062726615374206,1.0,0.0,0.002962196134602442,-0.9981084842703217
151.0,3721,-0.21341225504875183,-0.20890678465366364,-0.20596858859062195,-1.2168050473402419,-1.214926444700211,-1.2124037031078345,-1.0060196648640956,1.0060196648640956,1.01083645874962,1.0060240259055482,4.815467848608532,0.22062726615374206,1.0,0.0,0.002962196134602442,-0.9981084842703217
152.0,3721,-0.21341225504875183,-0.20890678465366364,-0.20596858859062195,-1.2168050473402419,-1.214926444700211,-1.2124037031078345,-1.0060196648640956,1.0060196648640956,1.01083645874962,1.0060240259055482,4.815467848608532,0.22062726615374206,1.0,0.0,0.002962196134602442,-0.9981084842703217
153.0,3721,-0.21341225504875183,-0.20890678465366364,-0.20596858859062195,-1.2168050473402419,-1.214926444700211,-1.2124037031078345,-1.0060196648640956,1.0060196648640956,1.01083645874962,1.0060240259055482,4.815467848608532,0.22062726615374206,1.0,0.0,0.002962196134602442,-0.9981084842703217
154.0,3721,-0.21341225504875183,-0.20890678465366364,-0.20596858859062195,-1.2168050473402419,-1.214926444700211,-1.2124037031078345,-1.0060196648640956,1.0060196648640956,1.01083645874962,1.0060240259055482,4.815467848608532,0.22062726615374206,1.0,0.0,0.002962196134602442,-0.9981084842703217
155.0,3721,-0.21341225504875183,-0.20890678465366364,-0.20596858859062195,-1.2168050473402419,-1.214926444700211,-1.2124037031078345,-1.0060196648640956,1.0060196648640956,1.01083645874962,1.0060240259055482,4.815467848608532,0.22062726615374206,1.0,0.0,0.002962196134602442,-0.9981084842703217
156.0,3721,-0.21341225504875183,-0.20890678465366364,-0.20596858859062195,-1.2168050473402419,-1.214926444700211,-1.2124037031078345,-1.0060196648640956,1.0060196648640956,1.01083645874962,1.0060240259055482,4.815467848608532,0.22062726615374206,1.0,0.0,0.002962196134602442,-0.9981084842703217
157.0,3721,-0.21341225504875183,-0.20890678465366364,-0.20596858859062195,-1.2168050473402419,-1.214926444700211,-1.2124037031078345,-1.0060196648640956,1.0060196648640956,1.01083645874962,1.0060240259055482,4.815467848608532,0.22062726615374206,1.0,0.0,0.002962196134602442,-0.9981084842703217
158.0,3721,-0.21341225504875183,-0.20890678465366364,-0.20596858859062195,-1.2168050473402419,-1.214926444700211,-1.2124037031078345,-1.0060196648640956,1.0060196648640956,1.01083645874962,1.0060240259055482,4.815467848608532,0.22062726615374206,1.0,0.0,0.002962196134602442,-0.9981084842703217
159.0,3721,-0.21341225504875183,-0.20890678465366364,-0.20596858859062195,-1.2168050473402419,-1.214926444700211,-1.2124037031078345,-1.0060196648640956,1.0060196648640956,1.01083645874962,1.0060240259055482,4.815467848608532,0.22062726615374206,1.0,0.0,0.002962196134602442,-0.9981084842703217
160.0,3721,-0.21341225504875183,-0.20890678465366364,-0.20596858859062195,-1.2168050473402419,-1.214926444700211,-1.2124037031078345,-1.0060196648640956,1.0060196648640956,1.01083645874962,1.0060240259055482,4.815467848608532,0.22062726615374206,1.0,0.0,0.002962196134602442,-0.9981084842703217
161.0,3721,-0.21341225504875183,-0.20890678465366364,-0.20596858859062195,-1.2168050473402419,-1.214926444700211,-1.2124037031078345,-1.0060196648640956,1.0060196648640956,1.01083645874962,1.0060240259055482,4.815467848608532,0.22062726615374206,1.0,0.0,0.002962196134602442,-0.9981084842703217
162.0,3721,-0.21341225504875183,-0.20890678465366364,-0.20596858859062195,-1.2168050473402419,-1.214926444700211,-1.2124037031078345,-1.0060196648640956,1.0060196648640956,1.01083645874962,1.0060240259055482,4.815467848608532,0.22062726615374206,1.0,0.0,0.002962196134602442,-0.9981084842703217
163.0,3721,-0.21341225504875183,-0.20890678465366364,-0.20596858859062195,-1.2168050473402419,-1.214926444700211,-1.2124037031078345,-1.0060196648640956,1.0060196648640956,1.01083645874962,1.0060240259055482,4.815467848608532,0.22062726615374206,1.0,0.0,0.002962196134602442,-0.9981084842703217
164.0,3721,-0.21341225504875183,-0.20890678465366364,-0.20596858859062195,-1.2168050473402419,-1.214926444700211,-1.2124037031078345,-1.0060196648640956,1.0060196648640956,1.01083645874962,1.0060240259055482,4.815467848608532,0.22062726615374206,1.0,0.0,0.002962196134602442,-0.9981084842703217
165.0,3721,-0.21341225504875183,-0.20890678465366364,-0.20596858859062195,-1.2168050473402419,-1.214926444700211,-1.2124037031078345,-1.0060196648640956,1.0060196648640956,1.01083645874962,1.0060240259055482,4.815467848608532,0.22062726615374206,1.0,0.0,0.002962196134602442,-0.9981084842703217
166.0,3721,-0.21341225504875183,-0.20890678465366364,-0.20596858859062195,-1.2168050473402419,-1.214926444700211,-1.2124037031078345,-1.0060196648640956,1.0060196648640956,1.01083645874962,1.0060240259055482,4.815467848608532,0.22062726615374206,1.0,0.0,0.002962196134602442,-0.9981084842703217
167.0,3721,-0.21341225504875183,-0.20890678465366364,-0.20596858859062195,-1.2168050473402419,-1.214926444700211,-1.2124037031078345,-1.0060196648640956,1.0060196648640956,1.01083645874962,1.0060240259055482,4.815467848608532,0.22062726615374206,1.0,0.0,0.002962196134602442,-0.9981084842703217
168.0,3721,-0.25590980052948,-0.2530427873134613,-0.2510383129119873,-1.2497222372462715,-1.2484418890994404,-1.246829884928284,-0.9953990944735577,0.9953990944735577,0.9986839243342842,0.995400995546739,3.9336798915512223,0.21829757015644952,1.0,0.0,0.0019454194047777097,-0.9986526753426113
169.0,3721,-0.25590980052948,-0.2530427873134613,-0.2510383129119873,-1.2497222372462715,-1.2484418890994404,-1.246829884928284,-0.9953990944735577,0.9953990944735577,0.9986839243342842,0.995400995546739,3.9336798915512223,0.21829757015644952,1.0,0.0,0.0019454194047777097,-0.9986526753426113
170.0,3721,-0.25590980052948,-0.2530427873134613,-0.2510383129119873,-1.2497222372462715,-1.2484418890994404,-1.246829884928284,-0.9953990944735577,0.9953990944735577,0.9986839243342842,0.995400995546739,3.9336798915512223,0.21829757015644952,1.0,0.0,0.0019454194047777097,-0.9986526753426113
171.0,3721,-0.25590980052948,-0.2530427873134613,-0.2510383129119873,-1.2497222372462715,-1.2484418890994404,-1.246829884928284,-0.9953990944735577,0.9953990944735577,0.9986839243342842,0.995400995546739,3.9336798915512223,0.21829757015644952,1.0,0.0,0.0019454194047777097,-0.9986526753426113
172.0,3721,-0.25590980052948,-0.2530427873134613,-0.2510383129119873,-1.2497222372462715,-1.2484418890994404,-1.246829884928284,-0.9953990944735577,0.9953990944735577,0.9986839243342842,0.995400995546739,3.9336798915512223,0.21829757015644952,1.0,0.0,0.0019454194047777097,-0.9986526753426113
173.0,3721,-0.25590980052948,-0.2530427873134613,-0.2510383129119873,-1.2497222372462715,-1.2484418890994404,-1.246829884928284,-0.9953990944735577,0.9953990944735577,0.9986839243342842,0.995400995546739,3.9336798915512223,0.21829757015644952,1.0,0.0,0.0019454194047777097,-0.9986526753426113
174.0,3721,-0.25590980052948,-0.2530427873134613,-0.2510383129119873,-1.2497222372462715,-1.2484418890994404,-1.246829884928284,-0.9953990944735577,0.9953990944735577,0.9986839243342842,0.995400995546739,3.9336798915512223,0.21829757015644952,1.0,0.0,0.0019454194047777097,-0.9986526753426113
175.0,3721,-0.25590980052948,-0.2530427873134613,-0.2510383129119873,-1.2497222372462715,-1.2484418890994404,-1.246829884928284,-0.9953990944735577,0.9953990944735577,0.9986839243342842,0.995400995546739,3.9336798915512223,0.21829757015644952,1.0,0.0,0.0019454194047777097,-0.9986526753426113
176.0,3721,-0.25590980052948,-0.2530427873134613,-0.2510383129119873,-1.2497222372462715,-1.2484418890994404,-1.246829884928284,-0.9953990944735577,0.9953990944735577,0.9986839243342842,0.995400995546739,3.9336798915512223,0.21829757015644952,1.0,0.0,0.0019454194047777097,-0.9986526753426113
177.0,3721,-0.25590980052948,-0.2530427873134613,-0.2510383129119873,-1.2497222372462715,-1.2484418890994404,-1.246829884928284,-0.9953990944735577,0.9953990944735577,0.9986839243342842,0.995400995546739,3.9336798915512223,0.21829757015644952,1.0,0.0,0.0019454194047777097,-0.9986526753426113
178.0,3721,-0.25590980052948,-0.2530427873134613,-0.2510383129119873,-1.2497222372462715,-1.2484418890994404,-1.246829884928284,-0.9953990944735577,0.9953990944735577,0.9986839243342842,0.995400995546739,3.9336798915512223,0.21829757015644952,1.0,0.0,0.0019454194047777097,-0.9986526753426113
179.0,3721,-0.25590980052948,-0.2530427873134613,-0.2510383129119873,-1.2497222372462715,-1.2484418890994404,-1.246829884928284,-0.9953990944735577,0.9953990944735577,0.9986839243342842,0.995400995546739,3.9336798915512223,0.21829757015644952,1.0,0.0,0.0019454194047777097,-0.9986526753426113
180.0,3721,-0.25590980052948,-0.2530427873134613,-0.2510383129119873,-1.2497222372462715,-1.2484418890994404,-1.246829884928284,-0.9953990944735577,0.9953990944735577,0.9986839243342842,0.995400995546739,3.9336798915512223,0.21829757015644952,1.0,0.0,0.0019454194047777097,-0.9986526753426113
181.0,3721,-0.25590980052948,-0.2530427873134613,-0.2510383129119873,-1.2497222372462715,-1.2484418890994404,-1.246829884928284,-0.9953990944735577,0.9953990944735577,0.9986839243342842,0.995400995546739,3.9336798915512223,0.21829757015644952,1.0,0.0,0.0019454194047777097,-0.9986526753426113
182.0,3721,-0.25590980052948,-0.2530427873134613,-0.2510383129119873,-1.2497222372462715,-1.2484418890994404,-1.246829884928284,-0.9953990944735577,0.9953990944735577,0.9986839243342842,0.995400995546739,3.9336798915512223,0.21829757015644952,1.0,0.0,0.0019454194047777097,-0.9986526753426113
183.0,3721,-0.25590980052948,-0.2530427873134613,-0.2510383129119873,-1.2497222372462715,-1.2484418890994404,-1.246829884928284,-0.9953990944735577,0.9953990944735577,0.9986839243342842,0.995400995546739,3.9336798915512223,0.21829757015644952,1.0,0.0,0.0019454194047777097,-0.9986526753426113
184.0,3721,-0.25590980052948,-0.2530427873134613,-0.2510383129119873,-1.2497222372462715,-1.2484418890994404,-1.246829884928284,-0.9953990944735577,0.9953990944735577,0.9986839243342842,0.995400995546739,3.9336798915512223,0.21829757015644952,1.0,0.0,0.0019454194047777097,-0.9986526753426113
185.0,3721,-0.25590980052948,-0.2530427873134613,-0.2510383129119873,-1.2497222372462715,-1.2484418890994404,-1.246829884928284,-0.9953990944735577,0.9953990944735577,0.9986839243342842,0.995400995546739,3.9336798915512223,0.21829757015644952,1.0,0.0,0.0019454194047777097,-0.9986526753426113
186.0,3721,-0.25590980052948,-0.2530427873134613,-0.2510383129119873,-1.2497222372462715,-1.2484418890994404,-1.246829884928284,-0.9953990944735577,0.9953990944735577,0.9986839243342842,0.995400995546739,3.9336798915512223,0.21829757015644952,1.0,0.0,0.0019454194047777097,-0.9986526753426113
187.0,3721,-0.25590980052948,-0.2530427873134613,-0.2510383129119873,-1.2497222372462715,-1.2484418890994404,-1.246829884928284,-0.9953990944735577,0.9953990944735577,0.9986839243342842,0.995400995546739,3.9336798915512223,0.21829757015644952,1.0,0.0,0.0019454194047777097,-0.9986526753426113
188.0,3721,-0.2990095019340515,-0.2971721589565277,-0.29581332206726074,-1.282821639637096,-1.2819617184606338,-1.2809122142513942,-0.9847895567889791,0.9847895567889791,0.9870083175698352,0.9847903877792237,3.3138592933433246,0.21597059850995293,1.0,0.0,0.001279336437368994,-0.9990202738458374
189.0,3721,-0.2990095019340515,-0.2971721589565277,-0.29581332206726074,-1.282821639637096,-1.2819617184606338,-1.2809122142513942,-0.9847895567889791,0.9847895567889791,0.9870083175698352,0.9847903877792237,3.3138592933433246,0.21597059850995293,1.0,0.0,0.001279336437368994,-0.9990202738458374
190.0,3721,-0.2990095019340515,-0.2971721589565277,-0.29581332206726074,-1.282821639637096,-1.2819617184606338,-1.2809122142513942,-0.9847895567889791,0.9847895567889791,0.9870083175698352,0.9847903877792237,3.3138592933433246,0.21597059850995293,1.0,0.0,0.001279336437368994,-0.9990202738458374
191.0,3721,-0.2990095019340515,-0.2971721589565277,-0.29581332206726074,-1.282821639637096,-1.2819617184606338,-1.2809122142513942,-0.9847895567889791,0.9847895567889791,0.9870083175698352,0.9847903877792237,3.3138592933433246,0.21597059850995293,1.0,0.0,0.001279336437368994,-0.9990202738458374
192.0,3721,-0.2990095019340515,-0.2971721589565277,-0.29581332206726074,-1.282821639637096,-1.2819617184606338,-1.2809122142513942,-0.9847895567889791,0.9847895567889791,0.9870083175698352,0.9847903877792237,3.3138592933433246,0.21597059850995293,1.0,0.0,0.001279336437368994,-0.9990202738458374
193.0,3721,-0.2990095019340515,-0.2971721589565277,-0.29581332206726074,-1.282821639637096,-1.2819617184606338,-1.2809122142513942,-0.9847895567889791,0.9847895567889791,0.9870083175698352,0.9847903877792237,3.3138592933433246,0.21597059850995293,1.0,0.0,0.001279336437368994,-0.9990202738458374
194.0,3721,-0.2990095019340515,-0.2971721589565277,-0.29581332206726074,-1.282821639637096,-1.2819617184606338,-1.2809122142513942,-0.9847895567889791,0.9847895567889791,0.9870083175698352,0.9847903877792237,3.3138592933433246,0.21597059850995293,1.0,0.0,0.001279336437368994,-0.9990202738458374
195.0,3721,-0.2990095019340515,-0.2971721589565277,-0.29581332206726074,-1.282821639637096,-1.2819617184606338,-1.2809122142513942,-0.9847895567889791,0.9847895567889791,0.9870083175698352,0.9847903877792237,3.3138592933433246,0.21597059850995293,1.0,0.0,0.001279336437368994,-0.9990202738458374
196.0,3721,-0.2990095019340515,-0.2971721589565277,-0.29581332206726074,-1.282821639637096,-1.2819617184606338,-1.2809122142513942,-0.9847895567889791,0.9847895567889791,0.9870083175698352,0.9847903877792237,3.3138592933433246,0.21597059850995293,1.0,0.0,0.001279336437368994,-0.9990202738458374
197.0,3721,-0.2990095019340515,-0.2971721589565277,-0.29581332206726074,-1.282821639637096,-1.2819617184606338,-1.2809122142513942,-0.9847895567889791,0.9847895567889791,0.9870083175698352,0.9847903877792237,3.3138592933433246,0.21597059850995293,1.0,0.0,0.001279336437368994,-0.9990202738458374
198.0,3721,-0.2990095019340515,-0.2971721589565277,-0.29581332206726074,-1.282821639637096,-1.2819617184606338,-1.2809122142513942,-0.9847895567889791,0.9847895567889791,0.9870083175698352,0.9847903877792237,3.3138592933433246,0.21597059850995293,1.0,0.0,0.001279336437368994,-0.9990202738458374
199.0,3721,-0.2990095019340515,-0.2971721589565277,-0.29581332206726074,-1.282821639637096,-1.2819617184606338,-1.2809122142513942,-0.9847895567889791,0.9847895567889791,0.9870083175698352,0.9847903877792237,3.3138592933433246,0.21597059850995293,1.0,0.0,0.001279336437368994,-0.9990202738458374
200.0,3721,-0.2990095019340515,-0.2971721589565277,-0.29581332206726074,-1.282821639637096,-1.2819617184606338,-1.2809122142513942,-0.9847895567889791,0.9847895567889791,0.9870083175698352,0.9847903877792237,3.3138592933433246,0.21597059850995293,1.0,0.0,0.001279336437368994,-0.9990202738458374
201.0,3721,-0.2990095019340515,-0.2971721589565277,-0.29581332206726074,-1.282821639637096,-1.2819617184606338,-1.2809122142513942,-0.9847895567889791,0.9847895567889791,0.9870083175698352,0.9847903877792237,3.3138592933433246,0.21597059850995293,1.0,0.0,0.001279336437368994,-0.9990202738458374
202.0,3721,-0.2990095019340515,-0.2971721589565277,-0.29581332206726074,-1.282821639637096,-1.2819617184606338,-1.2809122142513942,-0.9847895567889791,0.9847895567889791,0.9870083175698352,0.9847903877792237,3.3138592933433246,0.21597059850995293,1.0,0.0,0.001279336437368994,-0.9990202738458374
203.0,3721,-0.2990095019340515,-0.2971721589565277,-0.29581332206726074,-1.282821639637096,-1.2819617184606338,-1.2809122142513942,-0.9847895567889791,0.9847895567889791,0.9870083175698352,0.9847903877792237,3.3138592933433246,0.21597059850995293,1.0,0.0,0.001279336437368994,-0.9990202738458374
204.0,3721,-0.2990095019340515,-0.2971721589565277,-0.29581332206726074,-1.282821639637096,-1.2819617184606338,-1.2809122142513942,-0.9847895567889791,0.9847895567889791,0.9870083175698352,0.9847903877792237,3.3138592933433246,0.21597059850995293,1.0,0.0,0.001279336437368994,-0.9990202738458374
205.0,3721,-0.2990095019340515,-0.2971721589565277,-0.29581332206726074,-1.282821639637096,-1.2819617184606338,-1.2809122142513942,-0.9847895567889791,0.9847895567889791,0.9870083175698352,0.9847903877792237,3.3138592933433246,0.21597059850995293,1.0,0.0,0.001279336437368994,-0.9990202738458374
206.0,3721,-0.2990095019340515,-0.2971721589565277,-0.29581332206726074,-1.282821639637096,-1.2819617184606338,-1.2809122142513942,-0.9847895567889791,0.9847895567889791,0.9870083175698352,0.9847903877792237,3.3138592933433246,0.21597059850995293,1.0,0.0,0.001279336437368994,-0.9990202738458374
207.0,3721,-0.2990095019340515,-0.2971721589565277,-0.29581332206726074,-1.282821639637096,-1.2819617184606338,-1.2809122142513942,-0.9847895567889791,0.9847895567889791,0.9870083175698352,0.9847903877792237,3.3138592933433246,0.21597059850995293,1.0,0.0,0.001279336437368994,-0.9990202738458374
208.0,3721,-0.34248077869415283,-0.34129709005355835,-0.3403806984424591,-1.3160546598649494,-1.3154839276561354,-1.314791337049186,-0.9741868513303872,0.9741868513303872,0.9756739614224903,0.9741872145465259,2.8543638110341343,0.21364525730273976,1.0,0.0,0.0008412377221287168,-0.9992452755316003
209.0,3721,-0.34248077869415283,-0.34129709005355835,-0.3403806984424591,-1.3160546598649494,-1.3154839276561354,-1.314791337049186,-0.9741868513303872,0.9741868513303872,0.9756739614224903,0.9741872145465259,2.8543638110341343,0.21364525730273976,1.0,0.0,0.0008412377221287168,-0.9992452755316003
210.0,3721,-0.34248077869415283,-0.34129709005355835,-0.3403806984424591,-1.3160546598649494,-1.3154839276561354,-1.314791337049186,-0.9741868513303872,0.9741868513303872,0.9756739614224903,0.9741872145465259,2.8543638110341343,0.21364525730273976,1.0,0.0,0.0008412377221287168,-0.9992452755316003
211.0,3721,-0.34248077869415283,-0.34129709005355835,-0.3403806984424591,-1.3160546598649494,-1.3154839276561354,-1.314791337049186,-0.9741868513303872,0.9741868513303872,0.9756739614224903,0.9741872145465259,2.8543638110341343,0.21364525730273976,1.0,0.0,0.0008412377221287168,-0.9992452755316003
212.0,3721,-0.34248077869415283,-0.34129709005355835,-0.3403806984424591,-1.3160546598649494,-1.3154839276561354,-1.314791337049186,-0.9741868513303872,0.9741868513303872,0.9756739614224903,0.9741872145465259,2.8543638110341343,0.21364525730273976,1.0,0.0,0.0008412377221287168,-0.9992452755316003
213.0,3721,-0.34248077869415283,-0.34129709005355835,-0.3403806984424591,-1.3160546598649494,-1.3154839276561354,-1.314791337049186,-0.9741868513303872,0.9741868513303872,0.9756739614224903,0.9741872145465259,2.8543638110341343,0.21364525730273976,1.0,0.0,0.0008412377221287168,-0.9992452755316003
214.0,3721,-0.34248077869415283,-0.34129709005355835,-0.3403806984424591,-1.3160546598649494,-1.3154839276561354,-1.314791337049186,-0.9741868513303872,0.9741868513303872,0.9756739614224903,0.9741872145465259,2.8543638110341343,0.21364525730273976,1.0,0.0,0.0008412377221287168,-0.9992452755316003
215.0,3721,-0.34248077869415283,-0.34129709005355835,-0.3403806984424591,-1.3160546598649494,-1.3154839276561354,-1.314791337049186,-0.9741868513303872,0.9741868513303872,0.9756739614224903,0.9741872145465259,2.8543638110341343,0.21364525730273976,1.0,0.0,0.0008412377221287168,-0.9992452755316003
216.0,3721,-0.34248077869415283,-0.34129709005355835,-0.3403806984424591,-1.3160546598649494,-1.3154839276561354,-1.314791337049186,-0.9741868513303872,0.9741868513303872,0.9756739614224903,0.9741872145465259,2.8543638110341343,0.21364525730273976,1.0,0.0,0.0008412377221287168,-0.9992452755316003
217.0,3721,-0.34248077869415283,-0.34129709005355835,-0.3403806984424591,-1.3160546598649494,-1.3154839276561354,-1.314791337049186,-0.9741868513303872,0.9741868513303872,0.9756739614224903,0.9741872145465259,2.8543638110341343,0.21364525730273976,1.0,0.0,0.0008412377221287168,-0.9992452755316003
218.0,3721,-0.34248077869415283,-0.34129709005355835,-0.3403806984424591,-1.3160546598649494,-1.3154839276561354,-1.314791337049186,-0.9741868513303872,0.9741868513303872,0.9756739614224903,0.9741872145465259,2.8543638110341343,0.21364525730273976,1.0,0.0,0.0008412377221287168,-0.9992452755316003
219.0,3721,-0.34248077869415283,-0.34129709005355835,-0.3403806984424591,-1.3160546598649494,-1.3154839276561354,-1.314791337049186,-0.9741868513303872,0.9741868513303872,0.9756739614224903,0.9741872145465259,2.8543638110341343,0.21364525730273976,1.0,0.0,0.0008412377221287168,-0.9992452755316003
220.0,3721,-0.34248077869415283,-0.34129709005355835,-0.3403806984424591,-1.3160546598649494,-1.3154839276561354,-1.314791337049186,-0.9741868513303872,0.9741868513303872,0.9756739614224903,0.9741872145465259,2.8543638110341343,0.21364525730273976,1.0,0.0,0.0008412377221287168,-0.9992452755316003
221.0,3721,-0.34248077869415283,-0.34129709005355835,-0.3403806984424591,-1.3160546598649494,-1.3154839276561354,-1.314791337049186,-0.9741868513303872,0.9741868513303872,0.9756739614224903,0.9741872145465259,2.8543638110341343,0.21364525730273976,1.0,0.0,0.0008412377221287168,-0.9992452755316003
222.0,3721,-0.34248077869415283,-0.34129709005355835,-0.3403806984424591,-1.3160546598649494,-1.3154839276561354,-1.314791337049186,-0.9741868513303872,0.9741868513303872,0.9756739614224903,0.9741872145465259,2.8543638110341343,0.21364525730273976,1.0,0.0,0.0008412377221287168,-0.9992452755316003
223.0,3721,-0.34248077869415283,-0.34129709005355835,-0.3403806984424591,-1.3160546598649494,-1.3154839276561354,-1.314791337049186,-0.9741868513303872,0.9741868513303872,0.9756739614224903,0.9741872145465259,2.8543638110341343,0.21364525730273976,1.0,0.0,0.0008412377221287168,-0.9992452755316003
224.0,3721,-0.34248077869415283,-0.34129709005355835,-0.3403806984424591,-1.3160546598649494,-1.3154839276561354,-1.314791337049186,-0.9741868513303872,0.9741868513303872,0.9756739614224903,0.9741872145465259,2.8543638110341343,0.21364525730273976,1.0,0.0,0.0008412377221287168,-0.9992452755316003
225.0,3721,-0.34248077869415283,-0.34129709005355835,-0.3403806984424591,-1.3160546598649494,-1.3154839276561354,-1.314791337049186,-0.9741868513303872,0.9741868513303872,0.9756739614224903,0.9741872145465259,2.8543638110341343,0.21364525730273976,1.0,0.0,0.0008412377221287168,-0.9992452755316003
226.0,3721,-0.34248077869415283,-0.34129709005355835,-0.3403806984424591,-1.3160546598649494,-1.3154839276561354,-1.314791337049186,-0.9741868513303872,0.9741868513303872,0.9756739614224903,0.9741872145465259,2.8543638110341343,0.21364525730273976,1.0,0.0,0.0008412377221287168,-0.9992452755316003
227.0,3721,-0.34248077869415283,-0.34129709005355835,-0.3403806984424591,-1.3160546598649494,-1.3154839276561354,-1.314791337049186,-0.9741868513303872,0.9741868513303872,0.9756739614224903,0.9741872145465259,2.8543638110341343,0.21364525730273976,1.0,0.0,0.0008412377221287168,-0.9992452755316003
228.0,3721,-0.3861847221851349,-0.3854190409183502,-0.3848036229610443,-1.349393760585178,-1.3490081519401842,-1.3485644651893083,-0.963589126399544,0.963589126399544,0.9645901376241337,0.9635892854950687,2.50010719007813,0.21132106617677768,1.0,0.0,0.0005537196591523319,-0.9994384036411974
229.0,3721,-0.3861847221851349,-0.3854190409183502,-0.3848036229610443,-1.349393760585178,-1.3490081519401842,-1.3485644651893083,-0.963589126399544,0.963589126399544,0.9645901376241337,0.9635892854950687,2.50010719007813,0.21132106617677768,1.0,0.0,0.0005537196591523319,-0.9994384036411974
230.0,3721,-0.3861847221851349,-0.3854190409183502,-0.3848036229610443,-1.349393760585178,-1.3490081519401842,-1.3485644651893083,-0.963589126399544,0.963589126399544,0.9645901376241337,0.9635892854950687,2.50010719007813,0.21132106617677768,1.0,0.0,0.0005537196591523319,-0.9994384036411974
231.0,3721,-0.3861847221851349,-0.3854190409183502,-0.3848036229610443,-1.349393760585178,-1.3490081519401842,-1.3485644651893083,-0.963589126399544,0.963589126399544,0.9645901376241337,0.9635892854950687,2.50010719007813,0.21132106617677768,1.0,0.0,0.0005537196591523319,-0.9994384036411974
232.0,3721,-0.3861847221851349,-0.3854190409183502,-0.3848036229610443,-1.349393760585178,-1.3490081519401842,-1.3485644651893083,-0.963589126399544,0.963589126399544,0.9645901376241337,0.9635892854950687,2.50010719007813,0.21132106617677768,1.0,0.0,0.0005537196591523319,-0.9994384036411974
233.0,3721,-0.3861847221851349,-0.3854190409183502,-0.3848036229610443,-1.349393760585178,-1.3490081519401842,-1.3485644651893083,-0.963589126399544,0.963589126399544,0.9645901376241337,0.9635892854950687,2.50010719007813,0.21132106617677768,1.0,0.0,0.0005537196591523319,-0.9994384036411974
234.0,3721,-0.3861847221851349,-0.3854190409183502,-0.3848036229610443,-1.349393760585178,-1.3490081519401842,-1.3485644651893083,-0.963589126399544,0.963589126399544,0.9645901376241337,0.9635892854950687,2.50010719007813,0.21132106617677768,1.0,0.0,0.0005537196591523319,-0.9994384036411974
235.0,3721,-0.3861847221851349,-0.3854190409183502,-0.3848036229610443,-1.349393760585178,-1.3490081519401842,-1.3485644651893083,-0.963589126399544,0.963589126399544,0.9645901376241337,0.9635892854950687,2.50010719007813,0.21132106617677768,1.0,0.0,0.0005537196591523319,-0.9994384036411974
236.0,3721,-0.3861847221851349,-0.3854190409183502,-0.3848036229610443,-1.349393760585178,-1.3490081519401842,-1.3485644651893083,-0.963589126399544,0.963589126399544,0.9645901376241337,0.9635892854950687,2.50010719007813,0.21132106617677768,1.0,0.0,0.0005537196591523319,-0.9994384036411974
237.0,3721,-0.3861847221851349,-0.3854190409183502,-0.3848036229610443,-1.349393760585178,-1.3490081519401842,-1.3485644651893083,-0.963589126399544,0.963589126399544,0.9645901376241337,0.9635892854950687,2.50010719007813,0.21132106617677768,1.0,0.0,0.0005537196591523319,-0.9994384036411974
238.0,3721,-0.3861847221851349,-0.3854190409183502,-0.3848036229610443,-1.349393760585178,-1.3490081519401842,-1.3485644651893083,-0.963589126399544,0.963589126399544,0.9645901376241337,0.9635892854950687,2.50010719007813,0.21132106617677768,1.0,0.0,0.0005537196591523319,-0.9994384036411974
239.0,3721,-0.3861847221851349,-0.3854190409183502,-0.3848036229610443,-1.349393760585178,-1.3490081519401842,-1.3485644651893083,-0.963589126399544,0.963589126399544,0.9645901376241337,0.9635892854950687,2.50010719007813,0.21132106617677768,1.0,0.0,0.0005537196591523319,-0.9994384036411974
240.0,3721,-0.3861847221851349,-0.3854190409183502,-0.3848036229610443,-1.349393760585178,-1.3490081519401842,-1.3485644651893083,-0.963589126399544,0.963589126399544,0.9645901376241337,0.9635892854950687,2.50010719007813,0.21132106617677768,1.0,0.0,0.0005537196591523319,-0.9994384036411974
241.0,3721,-0.3861847221851349,-0.3854190409183502,-0.3848036229610443,-1.349393760585178,-1.3490081519401842,-1.3485644651893083,-0.963589126399544,0.963589126399544,0.9645901376241337,0.9635892854950687,2.50010719007813,0.21132106617677768,1.0,0.0,0.0005537196591523319,-0.9994384036411974
242.0,3721,-0.3861847221851349,-0.3854190409183502,-0.3848036229610443,-1.349393760585178,-1.3490081519401842,-1.3485644651893083,-0.963589126399544,0.963589126399544,0.9645901376241337,0.9635892854950687,2.50010719007813,0.21132106617677768,1.0,0.0,0.0005537196591523319,-0.9994384036411974
243.0,3721,-0.3861847221851349,-0.3854190409183502,-0.3848036229610443,-1.349393760585178,-1.3490081519401842,-1.3485644651893083,-0.963589126399544,0.963589126399544,0.9645901376241337,0.9635892854950687,2.50010719007813,0.21132106617677768,1.0,0.0,0.0005537196591523319,-0.9994384036411974
244.0,3721,-0.3861847221851349,-0.3854190409183502,-0.3848036229610443,-1.349393760585178,-1.3490081519401842,-1.3485644651893083,-0.963589126399544,0.963589126399544,0.9645901376241337,0.9635892854950687,2.50010719007813,0.21132106617677768,1.0,0.0,0.0005537196591523319,-0.9994384036411974
245.0,3721,-0.3861847221851349,-0.3854190409183502,-0.3848036229610443,-1.349393760585178,-1.3490081519401842,-1.3485644651893083,-0.963589126399544,0.963589126399544,0.9645901376241337,0.9635892854950687,2.50010719007813,0.21132106617677768,1.0,0.0,0.0005537196591523319,-0.9994384036411974
246.0,3721,-0.3861847221851349,-0.3854190409183502,-0.3848036229610443,-1.349393760585178,-1.3490081519401842,-1.3485644651893083,-0.963589126399544,0.963589126399544,0.9645901376241337,0.9635892854950687,2.50010719007813,0.21132106617677768,1.0,0.0,0.0005537196591523319,-0.9994384036411974
247.0,3721,-0.3861847221851349,-0.3854190409183502,-0.3848036229610443,-1.349393760585178,-1.3490081519401842,-1.3485644651893083,-0.963589126399544,0.963589126399544,0.9645901376241337,0.9635892854950687,2.50010719007813,0.21132106617677768,1.0,0.0,0.0005537196591523319,-0.9994384036411974
248.0,3721,-0.43003588914871216,-0.4295390248298645,-0.42912715673446655,-1.3827901815227532,-1.3825332514849948,-1.3822445085508646,-0.9529942437628327,0.9529942437628327,0.9536630247882867,0.9529943133375708,2.2186440727336834,0.20899752351587583,1.0,0.0,0.0003641547129192183,-0.999598146557492
249.0,3721,-0.43003588914871216,-0.4295390248298645,-0.42912715673446655,-1.3827901815227532,-1.3825332514849948,-1.3822445085508646,-0.9529942437628327,0.9529942437628327,0.9536630247882867,0.9529943133375708,2.2186440727336834,0.20899752351587583,1.0,0.0,0.0003641547129192183,-0.999598146557492
250.0,3721,-0.43003588914871216,-0.4295390248298645,-0.42912715673446655,-1.3827901815227532,-1.3825332514849948,-1.3822445085508646,-0.9529942437628327,0.9529942437628327,0.9536630247882867,0.9529943133375708,2.2186440727336834,0.20899752351587583,1.0,0.0,0.0003641547129192183,-0.999598146557492
251.0,3721,-0.43003588914871216,-0.4295390248298645,-0.42912715673446655,-1.3827901815227532,-1.3825332514849948,-1.3822445085508646,-0.9529942437628327,0.9529942437628327,0.9536630247882867,0.9529943133375708,2.2186440727336834,0.20899752351587583,1.0,0.0,0.0003641547129192183,-0.999598146557492
252.0,3721,-0.43003588914871216,-0.4295390248298645,-0.42912715673446655,-1.3827901815227532,-1.3825332514849948,-1.3822445085508646,-0.9529942437628327,0.9529942437628327,0.9536630247882867,0.9529943133375708,2.2186440727336834,0.20899752351587583,1.0,0.0,0.0003641547129192183,-0.999598146557492
253.0,3721,-0.43003588914871216,-0.4295390248298645,-0.42912715673446655,-1.3827901815227532,-1.3825332514849948,-1.3822445085508646,-0.9529942437628327,0.9529942437628327,0.9536630247882867,0.9529943133375708,2.2186440727336834,0.20899752351587583,1.0,0.0,0.0003641547129192183,-0.999598146557492
254.0,3721,-0.43003588914871216,-0.4295390248298645,-0.42912715673446655,-1.3827901815227532,-1.3825332514849948,-1.3822445085508646,-0.9529942437628327,0.9529942437628327,0.9536630247882867,0.9529943133375708,2.2186440727336834,0.20899752351587583,1.0,0.0,0.0003641547129192183,-0.999598146557492
255.0,3721,-0.43003588914871216,-0.4295390248298645,-0.42912715673446655,-1.3827901815227532,-1.3825332514849948,-1.3822445085508646,-0.9529942437628327,0.9529942437628327,0.9536630247882867,0.9529943133375708,2.2186440727336834,0.20899752351587583,1.0,0.0,0.0003641547129192183,-0.999598146557492
256.0,3721,-0.43003588914871216,-0.4295390248298645,-0.42912715673446655,-1.3827901815227532,-1.3825332514849948,-1.3822445085508646,-0.9529942437628327,0.9529942437628327,0.9536630247882867,0.9529943133375708,2.2186440727336834,0.20899752351587583,1.0,0.0,0.0003641547129192183,-0.999598146557492
257.0,3721,-0.43003588914871216,-0.4295390248298645,-0.42912715673446655,-1.3827901815227532,-1.3825332514849948,-1.3822445085508646,-0.9529942437628327,0.9529942437628327,0.9536630247882867,0.9529943133375708,2.2186440727336834,0.20899752351587583,1.0,0.0,0.0003641547129192183,-0.999598146557492
258.0,3721,-0.43003588914871216,-0.4295390248298645,-0.42912715673446655,-1.3827901815227532,-1.3825332514849948,-1.3822445085508646,-0.9529942437628327,0.9529942437628327,0.9536630247882867,0.9529943133375708,2.2186440727336834,0.20899752351587583,1.0,0.0,0.0003641547129192183,-0.999598146557492
259.0,3721,-0.43003588914871216,-0.4295390248298645,-0.42912715673446655,-1.3827901815227532,-1.3825332514849948,-1.3822445085508646,-0.9529942437628327,0.9529942437628327,0.9536630247882867,0.9529943133375708,2.2186440727336834,0.20899752351587583,1.0,0.0,0.0003641547129192183,-0.999598146557492
260.0,3721,-0.43003588914871216,-0.4295390248298645,-0.42912715673446655,-1.3827901815227532,-1.3825332514849948,-1.3822445085508646,-0.9529942437628327,0.9529942437628327,0.9536630247882867,0.9529943133375708,2.2186440727336834,0.20899752351587583,1.0,0.0,0.0003641547129192183,-0.999598146557492
261.0,3721,-0.43003588914871216,-0.4295390248298645,-0.42912715673446655,-1.3827901815227532,-1.3825332514849948,-1.3822445085508646,-0.9529942437628327,0.9529942437628327,0.9536630247882867,0.9529943133375708,2.2186440727336834,0.20899752351587583,1.0,0.0,0.0003641547129192183,-0.999598146557492
262.0,3721,-0.43003588914871216,-0.4295390248298645,-0.42912715673446655,-1.3827901815227532,-1.3825332514849948,-1.3822445085508646,-0.9529942437628327,0.9529942437628327,0.9536630247882867,0.9529943133375708,2.2186440727336834,0.20899752351587583,1.0,0.0,0.0003641547129192183,-0.999598146557492
263.0,3721,-0.43003588914871216,-0.4295390248298645,-0.42912715673446655,-1.3827901815227532,-1.3825332514849948,-1.3822445085508646,-0.9529942437628327,0.9529942437628327,0.9536630247882867,0.9529943133375708,2.2186440727336834,0.20899752351587583,1.0,0.0,0.0003641547129192183,-0.999598146557492
264.0,3721,-0.43003588914871216,-0.4295390248298645,-0.42912715673446655,-1.3827901815227532,-1.3825332514849948,-1.3822445085508646,-0.9529942437628327,0.9529942437628327,0.9536630247882867,0.9529943133375708,2.2186440727336834,0.20899752351587583,1.0,0.0,0.0003641547129192183,-0.999598146557492
265.0,3721,-0.43003588914871216,-0.4295390248298645,-0.42912715673446655,-1.3827901815227532,-1.3825332514849948,-1.3822445085508646,-0.9529942437628327,0.9529942437628327,0.9536630247882867,0.9529943133375708,2.2186440727336834,0.20899752351587583,1.0,0.0,0.0003641547129192183,-0.999598146557492
266.0,3721,-0.43003588914871216,-0.4295390248298645,-0.42912715673446655,-1.3827901815227532,-1.3825332514849948,-1.3822445085508646,-0.9529942437628327,0.9529942437628327,0.9536630247882867,0.9529943133375708,2.2186440727336834,0.20899752351587583,1.0,0.0,0.0003641547129192183,-0.999598146557492
267.0,3721,-0.43003588914871216,-0.4295390248298645,-0.42912715673446655,-1.3827901815227532,-1.3825332514849948,-1.3822445085508646,-0.9529942437628327,0.9529942437628327,0.9536630247882867,0.9529943133375708,2.2186440727336834,0.20899752351587583,1.0,0.0,0.0003641547129192183,-0.999598146557492
268.0,3721,-0.47398093342781067,-0.47365766763687134,-0.473382830619812,-1.416228166536336,-1.416059371706195,-1.4158667232631397,-0.9424016864250031,0.9424016864250031,0.9428453359165241,0.9424017169437434,1.9896259494538622,0.206674501874582,1.0,0.0,0.00023983708183051875,-0.999662930922013
269.0,3721,-0.47398093342781067,-0.47365766763687134,-0.473382830619812,-1.416228166536336,-1.416059371706195,-1.4158667232631397,-0.9424016864250031,0.9424016864250031,0.9428453359165241,0.9424017169437434,1.9896259494538622,0.206674501874582,1.0,0.0,0.00023983708183051875,-0.999662930922013
270.0,3721,-0.47398093342781067,-0.47365766763687134,-0.473382830619812,-1.416228166536336,-1.416059371706195,-1.4158667232631397,-0.9424016864250031,0.9424016864250031,0.9428453359165241,0.9424017169437434,1.9896259494538622,0.206674501874582,1.0,0.0,0.00023983708183051875,-0.999662930922013
271.0,3721,-0.47398093342781067,-0.47365766763687134,-0.473382830619812,-1.416228166536336,-1.416059371706195,-1.4158667232631397,-0.9424016864250031,0.9424016864250031,0.9428453359165241,0.9424017169437434,1.9896259494538622,0.206674501874582,1.0,0.0,0.00023983708183051875,-0.999662930922013
272.0,3721,-0.47398093342781067,-0.47365766763687134,-0.473382830619812,-1.416228166536336,-1.416059371706195,-1.4158667232631397,-0.9424016864250031,0.9424016864250031,0.9428453359165241,0.9424017169437434,1.9896259494538622,0.206674501874582,1.0,0.0,0.00023983708183051875,-0.999662930922013
273.0,3721,-0.47398093342781067,-0.47365766763687134,-0.473382830619812,-1.416228166536336,-1.416059371706195,-1.4158667232631397,-0.9424016864250031,0.9424016864250031,0.9428453359165241,0.9424017169437434,1.9896259494538622,0.206674501874582,1.0,0.0,0.00023983708183051875,-0.999662930922013
274.0,3721,-0.47398093342781067,-0.47365766763687134,-0.473382830619812,-1.416228166536336,-1.416059371706195,-1.4158667232631397,-0.9424016864250031,0.9424016864250031,0.9428453359165241,0.9424017169437434,1.9896259494538622,0.206674501874582,1.0,0.0,0.00023983708183051875,-0.999662930922013
275.0,3721,-0.47398093342781067,-0.47365766763687134,-0.473382830619812,-1.416228166536336,-1.416059371706195,-1.4158667232631397,-0.9424016864250031,0.9424016864250031,0.9428453359165241,0.9424017169437434,1.9896259494538622,0.206674501874582,1.0,0.0,0.00023983708183051875,-0.999662930922013
276.0,3721,-0.47398093342781067,-0.47365766763687134,-0.473382830619812,-1.416228166536336,-1.416059371706195,-1.4158667232631397,-0.9424016864250031,0.9424016864250031,0.9428453359165241,0.9424017169437434,1.9896259494538622,0.206674501874582,1.0,0.0,0.00023983708183051875,-0.999662930922013
277.0,3721,-0.47398093342781067,-0.47365766763687134,-0.473382830619812,-1.416228166536336,-1.416059371706195,-1.4158667232631397,-0.9424016864250031,0.9424016864250031,0.9428453359165241,0.9424017169437434,1.9896259494538622,0.206674501874582,1.0,0.0,0.00023983708183051875,-0.999662930922013
278.0,3721,-0.47398093342781067,-0.47365766763687134,-0.473382830619812,-1.416228166536336,-1.416059371706195,-1.4158667232631397,-0.9424016864250031,0.9424016864250031,0.9428453359165241,0.9424017169437434,1.9896259494538622,0.206674501874582,1.0,0.0,0.00023983708183051875,-0.999662930922013
279.0,3721,-0.47398093342781067,-0.47365766763687134,-0.473382830619812,-1.416228166536336,-1.416059371706195,-1.4158667232631397,-0.9424016864250031,0.9424016864250031,0.9428453359165241,0.9424017169437434,1.9896259494538622,0.206674501874582,1.0,0.0,0.00023983708183051875,-0.999662930922013
280.0,3721,-0.47398093342781067,-0.47365766763687134,-0.473382830619812,-1.416228166536336,-1.416059371706195,-1.4158667232631397,-0.9424016864250031,0.9424016864250031,0.9428453359165241,0.9424017169437434,1.9896259494538622,0.206674501874582,1.0,0.0,0.00023983708183051875,-0.999662930922013
281.0,3721,-0.47398093342781067,-0.47365766763687134,-0.473382830619812,-1.416228166536336,-1.416059371706195,-1.4158667232631397,-0.9424016864250031,0.9424016864250031,0.9428453359165241,0.9424017169437434,1.9896259494538622,0.206674501874582,1.0,0.0,0.00023983708183051875,-0.999662930922013
282.0,3721,-0.47398093342781067,-0.47365766763687134,-0.473382830619812,-1.416228166536336,-1.416059371706195,-1.4158667232631397,-0.9424016864250031,0.9424016864250031,0.9428453359165241,0.9424017169437434,1.9896259494538622,0.206674501874582,1.0,0.0,0.00023983708183051875,-0.999662930922013
283.0,3721,-0.47398093342781067,-0.47365766763687134,-0.473382830619812,-1.416228166536336,-1.416059371706195,-1.4158667232631397,-0.9424016864250031,0.9424016864250031,0.9428453359165241,0.9424017169437434,1.9896259494538622,0.206674501874582,1.0,0.0,0.00023983708183051875,-0.999662930922013
284.0,3721,-0.47398093342781067,-0.47365766763687134,-0.473382830619812,-1.416228166536336,-1.416059371706195,-1.4158667232631397,-0.9424016864250031,0.9424016864250031,0.9428453359165241,0.9424017169437434,1.9896259494538622,0.206674501874582,1.0,0.0,0.00023983708183051875,-0.999662930922013
285.0,3721,-0.47398093342781067,-0.47365766763687134,-0.473382830619812,-1.416228166536336,-1.416059371706195,-1.4158667232631397,-0.9424016864250031,0.9424016864250031,0.9428453359165241,0.9424017169437434,1.9896259494538622,0.206674501874582,1.0,0.0,0.00023983708183051875,-0.999662930922013
286.0,3721,-0.47398093342781067,-0.47365766763687134,-0.473382830619812,-1.416228166536336,-1.416059371706195,-1.4158667232631397,-0.9424016864250031,0.9424016864250031,0.9428453359165241,0.9424017169437434,1.9896259494538622,0.206674501874582,1.0,0.0,0.00023983708183051875,-0.999662930922013
287.0,3721,-0.47398093342781067,-0.47365766763687134,-0.473382830619812,-1.416228166536336,-1.416059371706195,-1.4158667232631397,-0.9424016864250031,0.9424016864250031,0.9428453359165241,0.9424017169437434,1.9896259494538622,0.206674501874582,1.0,0.0,0.00023983708183051875,-0.999662930922013
288.0,3721,-0.5179862380027771,-0.5177754759788513,-0.5175924897193909,-1.449698896277771,-1.4495858425755501,-1.4494593025029858,-0.9318103377634926,0.9318103377634926,0.9321064065583802,0.9318103511326887,1.799641681582014,0.20435175010767084,1.0,0.0,0.00015784521336990168,-0.9997139971996868
289.0,3721,-0.5179862380027771,-0.5177754759788513,-0.5175924897193909,-1.449698896277771,-1.4495858425755501,-1.4494593025029858,-0.9318103377634926,0.9318103377634926,0.9321064065583802,0.9318103511326887,1.799641681582014,0.20435175010767084,1.0,0.0,0.00015784521336990168,-0.9997139971996868
290.0,3721,-0.5179862380027771,-0.5177754759788513,-0.5175924897193909,-1.449698896277771,-1.4495858425755501,-1.4494593025029858,-0.9318103377634926,0.9318103377634926,0.9321064065583802,0.9318103511326887,1.799641681582014,0.20435175010767084,1.0,0.0,0.00015784521336990168,-0.9997139971996868
291.0,3721,-0.5179862380027771,-0.5177754759788513,-0.5175924897193909,-1.449698896277771,-1.4495858425755501,-1.4494593025029858,-0.9318103377634926,0.9318103377634926,0.9321064065583802,0.9318103511326887,1.799641681582014,0.20435175010767084,1.0,0.0,0.00015784521336990168,-0.9997139971996868
292.0,3721,-0.5179862380027771,-0.5177754759788513,-0.5175924897193909,-1.449698896277771,-1.4495858425755501,-1.4494593025029858,-0.9318103377634926,0.9318103377634926,0.9321064065583802,0.9318103511326887,1.799641681582014,0.20435175010767084,1.0,0.0,0.00015784521336990168,-0.9997139971996868
293.0,3721,-0.5179862380027771,-0.5177754759788513,-0.5175924897193909,-1.449698896277771,-1.4495858425755501,-1.4494593025029858,-0.9318103377634926,0.9318103377634926,0.9321064065583802,0.9318103511326887,1.799641681582014,0.20435175010767084,1.0,0.0,0.00015784521336990168,-0.9997139971996868
294.0,3721,-0.5179862380027771,-0.5177754759788513,-0.5175924897193909,-1.449698896277771,-1.4495858425755501,-1.4494593025029858,-0.9318103377634926,0.9318103377634926,0.9321064065583802,0.9318103511326887,1.799641681582014,0.20435175010767084,1.0,0.0,0.00015784521336990168,-0.9997139971996868
295.0,3721,-0.5179862380027771,-0.5177754759788513,-0.5175924897193909,-1.449698896277771,-1.4495858425755501,-1.4494593025029858,-0.9318103377634926,0.9318103377634926,0.9321064065583802,0.9318103511326887,1.799641681582014,0.20435175010767084,1.0,0.0,0.00015784521336990168,-0.9997139971996868
296.0,3721,-0.5179862380027771,-0.5177754759788513,-0.5175924897193909,-1.449698896277771,-1.4495858425755501,-1.4494593025029858,-0.9318103377634926,0.9318103377634926,0.9321064065583802,0.9318103511326887,1.799641681582014,0.20435175010767084,1.0,0.0,0.00015784521336990168,-0.9997139971996868
297.0,3721,-0.5179862380027771,-0.5177754759788513,-0.5175924897193909,-1.449698896277771,-1.4495858425755501,-1.4494593025029858,-0.9318103377634926,0.9318103377634926,0.9321064065583802,0.9318103511326887,1.799641681582014,0.20435175010767084,1.0,0.0,0.00015784521336990168,-0.9997139971996868
298.0,3721,-0.5179862380027771,-0.5177754759788513,-0.5175924897193909,-1.449698896277771,-1.4495858425755501,-1.4494593025029858,-0.9318103377634926,0.9318103377634926,0.9321064065583802,0.9318103511326887,1.799641681582014,0.20435175010767084,1.0,0.0,0.00015784521336990168,-0.9997139971996868
299.0,3721,-0.5179862380027771,-0.5177754759788513,-0.5175924897193909,-1.449698896277771,-1.4495858425755501,-1.4494593025029858,-0.9318103377634926,0.9318103377634926,0.9321064065583802,0.9318103511326887,1.799641681582014,0.20435175010767084,1.0,0.0,0.00015784521336990168,-0.9997139971996868
300.0,3721,-0.5179862380027771,-0.5177754759788513,-0.5175924897193909,-1.449698896277771,-1.4495858425755501,-1.4494593025029858,-0.9318103377634926,0.9318103377634926,0.9321064065583802,0.9318103511326887,1.799641681582014,0.20435175010767084,1.0,0.0,0.00015784521336990168,-0.9997139971996868
305.0,3721,-0.5179862380027771,-0.5177754759788513,-0.5175924897193909,-1.449698896277771,-1.4495858425755501,-1.4494593025029858,-0.9318103377634926,0.9318103377634926,0.9321064065583802,0.9318103511326887,1.799641681582014,0.20435175010767084,1.0,0.0,0.00015784521336990168,-0.9997139971996868
310.0,3721,-0.5620303750038147,-0.5618926882743835,-0.5617711544036865,-1.4831880003514097,-1.4831127066467678,-1.4830310194942609,-0.9212199535617439,0.9212199535617439,0.9214168459477232,0.9212199594347512,1.6394942238644563,0.20202921196976695,1.0,0.0,0.00010402243696705343,-0.9997394158793019
315.0,3721,-0.5620303750038147,-0.5618926882743835,-0.5617711544036865,-1.4831880003514097,-1.4831127066467678,-1.4830310194942609,-0.9212199535617439,0.9212199535617439,0.9214168459477232,0.9212199594347512,1.6394942238644563,0.20202921196976695,1.0,0.0,0.00010402243696705343,-0.9997394158793019
320.0,3721,-0.5620303750038147,-0.5618926882743835,-0.5617711544036865,-1.4831880003514097,-1.4831127066467678,-1.4830310194942609,-0.9212199535617439,0.9212199535617439,0.9214168459477232,0.9212199594347512,1.6394942238644563,0.20202921196976695,1.0,0.0,0.00010402243696705343,-0.9997394158793019
325.0,3721,-0.5620303750038147,-0.5618926882743835,-0.5617711544036865,-1.4831880003514097,-1.4831127066467678,-1.4830310194942609,-0.9212199535617439,0.9212199535617439,0.9214168459477232,0.9212199594347512,1.6394942238644563,0.20202921196976695,1.0,0.0,0.00010402243696705343,-0.9997394158793019
330.0,3721,-0.6060996055603027,-0.6060096621513367,-0.6059289574623108,-1.5166887569694132,-1.5166396590646454,-1.5165860388129317,-0.9106300302797357,0.9106300302797357,0.9107597995071024,0.9106300328555919,1.5026659589655336,0.19970677583527632,1.0,0.0,6.849310179070752e-05,-0.999778562242545
335.0,3721,-0.6060996055603027,-0.6060096621513367,-0.6059289574623108,-1.5166887569694132,-1.5166396590646454,-1.5165860388129317,-0.9106300302797357,0.9106300302797357,0.9107597995071024,0.9106300328555919,1.5026659589655336,0.19970677583527632,1.0,0.0,6.849310179070752e-05,-0.999778562242545
340.0,3721,-0.6060996055603027,-0.6060096621513367,-0.6059289574623108,-1.5166887569694132,-1.5166396590646454,-1.5165860388129317,-0.9106300302797357,0.9106300302797357,0.9107597995071024,0.9106300328555919,1.5026659589655336,0.19970677583527632,1.0,0.0,6.849310179070752e-05,-0.999778562242545
345.0,3721,-0.6060996055603027,-0.6060096621513367,-0.6059289574623108,-1.5166887569694132,-1.5166396590646454,-1.5165860388129317,-0.9106300302797357,0.9106300302797357,0.9107597995071024,0.9106300328555919,1.5026659589655336,0.19970677583527632,1.0,0.0,6.849310179070752e-05,-0.999778562242545
350.0,3721,-0.6501851677894592,-0.6501262784004211,-0.6500727534294128,-1.5501997248686175,-1.5501668743384998,-1.5501318157426967,-0.9000406179153893,0.9000406179153893,0.9001269714392046,0.9000406190461437,1.3844090387591463,0.1973844521543421,1.0,0.0,4.511596617492656e-05,-0.9997615957922517
355.0,3721,-0.6501851677894592,-0.6501262784004211,-0.6500727534294128,-1.5501997248686175,-1.5501668743384998,-1.5501318157426967,-0.9000406179153893,0.9000406179153893,0.9001269714392046,0.9000406190461437,1.3844090387591463,0.1973844521543421,1.0,0.0,4.511596617492656e-05,-0.9997615957922517
360.0,3721,-0.6501851677894592,-0.6501262784004211,-0.6500727534294128,-1.5501997248686175,-1.5501668743384998,-1.5501318157426967,-0.9000406179153893,0.9000406179153893,0.9001269714392046,0.9000406190461437,1.3844090387591463,0.1973844521543421,1.0,0.0,4.511596617492656e-05,-0.9997615957922517
365.0,3721,-0.6501851677894592,-0.6501262784004211,-0.6500727534294128,-1.5501997248686175,-1.5501668743384998,-1.5501318157426967,-0.9000406179153893,0.9000406179153893,0.9001269714392046,0.9000406190461437,1.3844090387591463,0.1973844521543421,1.0,0.0,4.511596617492656e-05,-0.9997615957922517
370.0,3721,-0.6942813396453857,-0.6942427754402161,-0.6942073106765747,-1.5837159539255197,-1.5836941817443075,-1.5836706628977737,-0.8894514600139473,0.8894514600139473,0.889508643248945,0.8894514605101729,1.2811823088084795,0.195062184456454,1.0,0.0,2.9710938140082076e-05,-0.9997767697119849
375.0,3721,-0.6942813396453857,-0.6942427754402161,-0.6942073106765747,-1.5837159539255197,-1.5836941817443075,-1.5836706628977737,-0.8894514600139473,0.8894514600139473,0.889508643248945,0.8894514605101729,1.2811823088084795,0.195062184456454,1.0,0.0,2.9710938140082076e-05,-0.9997767697119849
380.0,3721,-0.6942813396453857,-0.6942427754402161,-0.6942073106765747,-1.5837159539255197,-1.5836941817443075,-1.5836706628977737,-0.8894514600139473,0.8894514600139473,0.889508643248945,0.8894514605101729,1.2811823088084795,0.195062184456454,1.0,0.0,2.9710938140082076e-05,-0.9997767697119849
385.0,3721,-0.6942813396453857,-0.6942427754402161,-0.6942073106765747,-1.5837159539255197,-1.5836941817443075,-1.5836706628977737,-0.8894514600139473,0.8894514600139473,0.889508643248945,0.8894514605101729,1.2811823088084795,0.195062184456454,1.0,0.0,2.9710938140082076e-05,-0.9997767697119849
390.0,3721,-0.7383843660354614,-0.7383590936660767,-0.7383356690406799,-1.6172357865914246,-1.6172214878650137,-1.6172060655074614,-0.8788624093203519,0.8788624093203519,0.8789001175507447,0.8788624095380584,1.1902912834613666,0.1927399403479822,1.0,0.0,1.9561913367488455e-05,-0.9997257902655643
395.0,3721,-0.7383843660354614,-0.7383590936660767,-0.7383356690406799,-1.6172357865914246,-1.6172214878650137,-1.6172060655074614,-0.8788624093203519,0.8788624093203519,0.8789001175507447,0.8788624095380584,1.1902912834613666,0.1927399403479822,1.0,0.0,1.9561913367488455e-05,-0.9997257902655643
400.0,3721,-0.7383843660354614,-0.7383590936660767,-0.7383356690406799,-1.6172357865914246,-1.6172214878650137,-1.6172060655074614,-0.8788624093203519,0.8788624093203519,0.8789001175507447,0.8788624095380584,1.1902912834613666,0.1927399403479822,1.0,0.0,1.9561913367488455e-05,-0.9997257902655643
405.0,3721,-0.7383843660354614,-0.7383590936660767,-0.7383356690406799,-1.6172357865914246,-1.6172214878650137,-1.6172060655074614,-0.8788624093203519,0.8788624093203519,0.8789001175507447,0.8788624095380584,1.1902912834613666,0.1927399403479822,1.0,0.0,1.9561913367488455e-05,-0.9997257902655643
410.0,3721,-0.7824919819831848,-0.7824753522872925,-0.7824599146842957,-1.6507584149485042,-1.6507488780431976,-1.6507390797224293,-0.8682735114834679,0.8682735114834679,0.8682985002642085,0.8682735115789675,1.1096496942616072,0.19041772979620905,1.0,0.0,1.2877875063709963e-05,-0.9996867517248479
415.0,3721,-0.7824919819831848,-0.7824753522872925,-0.7824599146842957,-1.6507584149485042,-1.6507488780431976,-1.6507390797224293,-0.8682735114834679,0.8682735114834679,0.8682985002642085,0.8682735115789675,1.1096496942616072,0.19041772979620905,1.0,0.0,1.2877875063709963e-05,-0.9996867517248479
420.0,3721,-0.7824919819831848,-0.7824753522872925,-0.7824599146842957,-1.6507584149485042,-1.6507488780431976,-1.6507390797224293,-0.8682735114834679,0.8682735114834679,0.8682985002642085,0.8682735115789675,1.1096496942616072,0.19041772979620905,1.0,0.0,1.2877875063709963e-05,-0.9996867517248479
425.0,3721,-0.7824919819831848,-0.7824753522872925,-0.7824599146842957,-1.6507584149485042,-1.6507488780431976,-1.6507390797224293,-0.8682735114834679,0.8682735114834679,0.8682985002642085,0.8682735115789675,1.1096496942616072,0.19041772979620905,1.0,0.0,1.2877875063709963e-05,-0.9996867517248479
430.0,3721,-0.8266025185585022,-0.8265916705131531,-0.8265813589096069,-1.6842825563815993,-1.684276253065394,-1.6842697507037627,-0.8576846454406675,0.8576846454406675,0.8577011974719924,0.8576846454825519,1.0376160282403073,0.18809552623211687,1.0,0.0,8.476508751486785e-06,-0.9996047321206901
435.0,3721,-0.8266025185585022,-0.8265916705131531,-0.8265813589096069,-1.6842825563815993,-1.684276253065394,-1.6842697507037627,-0.8576846454406675,0.8576846454406675,0.8577011974719924,0.8576846454825519,1.0376160282403073,0.18809552623211687,1.0,0.0,8.476508751486785e-06,-0.9996047321206901
440.0,3721,-0.8266025185585022,-0.8265916705131531,-0.8265813589096069,-1.6842825563815993,-1.684276253065394,-1.6842697507037627,-0.8576846454406675,0.8576846454406675,0.8577011974719924,0.8576846454825519,1.0376160282403073,0.18809552623211687,1.0,0.0,8.476508751486785e-06,-0.9996047321206901
445.0,3721,-0.8266025185585022,-0.8265916705131531,-0.8265813589096069,-1.6842825563815993,-1.684276253065394,-1.6842697507037627,-0.8576846454406675,0.8576846454406675,0.8577011974719924,0.8576846454825519,1.0376160282403073,0.18809552623211687,1.0,0.0,8.476508751486785e-06,-0.9996047321206901
450.0,3721,-0.8707149624824524,-0.8707078099250793,-0.8707010746002197,-1.7178078454491577,-1.717803697428822,-1.717799338892493,-0.8470958802634042,0.8470958802634042,0.8471067708489379,0.8470958802818244,0.9728818797264034,0.18577334479507063,1.0,0.0,5.586351557049434e-06,-0.9994684782760904
455.0,3721,-0.8707149624824524,-0.8707078099250793,-0.8707010746002197,-1.7178078454491577,-1.717803697428822,-1.717799338892493,-0.8470958802634042,0.8470958802634042,0.8471067708489379,0.8470958802818244,0.9728818797264034,0.18577334479507063,1.0,0.0,5.586351557049434e-06,-0.9994684782760904
460.0,3721,-0.8707149624824524,-0.8707078099250793,-0.8707010746002197,-1.7178078454491577,-1.717803697428822,-1.717799338892493,-0.8470958802634042,0.8470958802634042,0.8471067708489379,0.8470958802818244,0.9728818797264034,0.18577334479507063,1.0,0.0,5.586351557049434e-06,-0.9994684782760904
465.0,3721,-0.8707149624824524,-0.8707078099250793,-0.8707010746002197,-1.7178078454491577,-1.717803697428822,-1.717799338892493,-0.8470958802634042,0.8470958802634042,0.8471067708489379,0.8470958802818244,0.9728818797264034,0.18577334479507063,1.0,0.0,5.586351557049434e-06,-0.9994684782760904
470.0,3721,-0.9148287177085876,-0.9148240089416504,-0.9148195385932922,-1.7513339288514962,-1.751331149067644,-1.7513283568295408,-0.8365071424486684,0.8365071424486684,0.836514390258204,0.8365071424567446,0.9143913380370176,0.18345116936167258,1.0,0.0,3.675845078684942e-06,-0.9991923198661531
475.0,3721,-0.9148287177085876,-0.9148240089416504,-0.9148195385932922,-1.7513339288514962,-1.751331149067644,-1.7513283568295408,-0.8365071424486684,0.8365071424486684,0.836514390258204,0.8365071424567446,0.9143913380370176,0.18345116936167258,1.0,0.0,3.675845078684942e-06,-0.9991923198661531
480.0,3721,-0.9148287177085876,-0.9148240089416504,-0.9148195385932922,-1.7513339288514962,-1.751331149067644,-1.7513283568295408,-0.8365071424486684,0.8365071424486684,0.836514390258204,0.8365071424567446,0.9143913380370176,0.18345116936167258,1.0,0.0,3.675845078684942e-06,-0.9991923198661531
485.0,3721,-0.9148287177085876,-0.9148240089416504,-0.9148195385932922,-1.7513339288514962,-1.751331149067644,-1.7513283568295408,-0.8365071424486684,0.8365071424486684,0.836514390258204,0.8365071424567446,0.9143913380370176,0.18345116936167258,1.0,0.0,3.675845078684942e-06,-0.9991923198661531
490.0,3721,-0.958943247795105,-0.9589401483535767,-0.9589372277259827,-1.7848604009497884,-1.7848585572693896,-1.7848567338079346,-0.8259183737393013,0.8259183737393013,0.8259231732238057,0.8259183737428478,0.8612824933638981,0.18112898715416667,1.0,0.0,2.4206280804788967e-06,-0.9987635342386599
495.0,3721,-0.958943247795105,-0.9589401483535767,-0.9589372277259827,-1.7848604009497884,-1.7848585572693896,-1.7848567338079346,-0.8259183737393013,0.8259183737393013,0.8259231732238057,0.8259183737428478,0.8612824933638981,0.18112898715416667,1.0,0.0,2.4206280804788967e-06,-0.9987635342386599
500.0,3721,-0.958943247795105,-0.9589401483535767,-0.9589372277259827,-1.7848604009497884,-1.7848585572693896,-1.7848567338079346,-0.8259183737393013,0.8259183737393013,0.8259231732238057,0.8259183737428478,0.8612824933638981,0.18112898715416667,1.0,0.0,2.4206280804788967e-06,-0.9987635342386599
505.0,3721,-0.958943247795105,-0.9589401483535767,-0.9589372277259827,-1.7848604009497884,-1.7848585572693896,-1.7848567338079346,-0.8259183737393013,0.8259183737393013,0.8259231732238057,0.8259183737428478,0.8612824933638981,0.18112898715416667,1.0,0.0,2.4206280804788967e-06,-0.9987635342386599
510.0,3721,-1.0030584335327148,-1.0030564069747925,-1.0030543804168701,-1.8183871947149484,-1.8183859727218121,-1.8183847466240506,-0.8153296219717718,0.8153296219717718,0.8153328142980782,0.8153296219733304,0.812845253544507,0.17880680866266754,1.0,0.0,1.5951882685091706e-06,-0.9977784111237911
515.0,3721,-1.0030584335327148,-1.0030564069747925,-1.0030543804168701,-1.8183871947149484,-1.8183859727218121,-1.8183847466240506,-0.8153296219717718,0.8153296219717718,0.8153328142980782,0.8153296219733304,0.812845253544507,0.17880680866266754,1.0,0.0,1.5951882685091706e-06,-0.9977784111237911
520.0,3721,-1.0030584335327148,-1.0030564069747925,-1.0030543804168701,-1.8183871947149484,-1.8183859727218121,-1.8183847466240506,-0.8153296219717718,0.8153296219717718,0.8153328142980782,0.8153296219733304,0.812845253544507,0.17880680866266754,1.0,0.0,1.5951882685091706e-06,-0.9977784111237911
525.0,3721,-1.0030584335327148,-1.0030564069747925,-1.0030543804168701,-1.8183871947149484,-1.8183859727218121,-1.8183847466240506,-0.8153296219717718,0.8153296219717718,0.8153328142980782,0.8153296219733304,0.812845253544507,0.17880680866266754,1.0,0.0,1.5951882685091706e-06,-0.9977784111237911
530.0,3721,-1.0471738576889038,-1.0471725463867188,-1.0471712350845337,-1.8519142609801134,-1.8519134409822477,-1.851912632733405,-0.8047409282022324,0.8047409282022324,0.8047430258955797,0.8047409282029184,0.7684893755455624,0.17648464289072954,1.0,0.0,1.0512379141624362e-06,-0.9961821236602358
535.0,3721,-1.0471738576889038,-1.0471725463867188,-1.0471712350845337,-1.8519142609801134,-1.8519134409822477,-1.851912632733405,-0.8047409282022324,0.8047409282022324,0.8047430258955797,0.8047409282029184,0.7684893755455624,0.17648464289072954,1.0,0.0,1.0512379141624362e-06,-0.9961821236602358
540.0,3721,-1.0471738576889038,-1.0471725463867188,-1.0471712350845337,-1.8519142609801134,-1.8519134409822477,-1.851912632733405,-0.8047409282022324,0.8047409282022324,0.8047430258955797,0.8047409282029184,0.7684893755455624,0.17648464289072954,1.0,0.0,1.0512379141624362e-06,-0.9961821236602358
545.0,3721,-1.0471738576889038,-1.0471725463867188,-1.0471712350845337,-1.8519142609801134,-1.8519134409822477,-1.851912632733405,-0.8047409282022324,0.8047409282022324,0.8047430258955797,0.8047409282029184,0.7684893755455624,0.17648464289072954,1.0,0.0,1.0512379141624362e-06,-0.9961821236602358
550.0,3721,-1.0912895202636719,-1.091288685798645,-1.0912878513336182,-1.8854414565168722,-1.8854409113014265,-1.8854403847337333,-0.7941522412969713,0.7941522412969713,0.7941536051832541,0.7941522412972744,0.7277197381459732,0.1741624786242774,1.0,0.0,6.940083975602981e-07,-0.9933747143548004
555.0,3721,-1.0912895202636719,-1.091288685798645,-1.0912878513336182,-1.8854414565168722,-1.8854409113014265,-1.8854403847337333,-0.7941522412969713,0.7941522412969713,0.7941536051832541,0.7941522412972744,0.7277197381459732,0.1741624786242774,1.0,0.0,6.940083975602981e-07,-0.9933747143548004
560.0,3721,-1.0912895202636719,-1.091288685798645,-1.0912878513336182,-1.8854414565168722,-1.8854409113014265,-1.8854403847337333,-0.7941522412969713,0.7941522412969713,0.7941536051832541,0.7941522412972744,0.7277197381459732,0.1741624786242774,1.0,0.0,6.940083975602981e-07,-0.9933747143548004
565.0,3721,-1.0912895202636719,-1.091288685798645,-1.0912878513336182,-1.8854414565168722,-1.8854409113014265,-1.8854403847337333,-0.7941522412969713,0.7941522412969713,0.7941536051832541,0.7941522412972744,0.7277197381459732,0.1741624786242774,1.0,0.0,6.940083975602981e-07,-0.9933747143548004
570.0,3721,-1.135405421257019,-1.1354047060012817,-1.1354042291641235,-1.9189687462208482,-1.9189683839143736,-1.9189680402504299,-0.783563557262142,0.783563557262142,0.7835645170567247,0.7835635572622753,0.6901181941395659,0.1718403149873754,1.0,0.0,4.7272392803838194e-07,-0.9875458105584505
575.0,3721,-1.135405421257019,-1.1354047060012817,-1.1354042291641235,-1.9189687462208482,-1.9189683839143736,-1.9189680402504299,-0.783563557262142,0.783563557262142,0.7835645170567247,0.7835635572622753,0.6901181941395659,0.1718403149873754,1.0,0.0,4.7272392803838194e-07,-0.9875458105584505
580.0,3721,-1.135405421257019,-1.1354047060012817,-1.1354042291641235,-1.9189687462208482,-1.9189683839143736,-1.9189680402504299,-0.783563557262142,0.783563557262142,0.7835645170567247,0.7835635572622753,0.6901181941395659,0.1718403149873754,1.0,0.0,4.7272392803838194e-07,-0.9875458105584505
585.0,3721,-1.135405421257019,-1.1354047060012817,-1.1354042291641235,-1.9189687462208482,-1.9189683839143736,-1.9189680402504299,-0.783563557262142,0.783563557262142,0.7835645170567247,0.7835635572622753,0.6901181941395659,0.1718403149873754,1.0,0.0,4.7272392803838194e-07,-0.9875458105584505
590.0,3721,-1.1795213222503662,-1.1795209646224976,-1.179520606994629,-1.9524961023330216,-1.952495857149441,-1.9524956300737102,-0.772974877693861,0.772974877693861,0.7729754953383927,0.7729748776939207,0.6553295283245194,0.16951815233003606,1.0,0.0,3.04405645600583e-07,-0.9767014167491157
595.0,3721,-1.1795213222503662,-1.1795209646224976,-1.179520606994629,-1.9524961023330216,-1.952495857149441,-1.9524956300737102,-0.772974877693861,0.772974877693861,0.7729754953383927,0.7729748776939207,0.6553295283245194,0.16951815233003606,1.0,0.0,3.04405645600583e-07,-0.9767014167491157
600.0,3721,-1.1795213222503662,-1.1795209646224976,-1.179520606994629,-1.9524961023330216,-1.952495857149441,-1.9524956300737102,-0.772974877693861,0.772974877693861,0.7729754953383927,0.7729748776939207,0.6553295283245194,0.16951815233003606,1.0,0.0,3.04405645600583e-07,-0.9767014167491157
605.0,3721,-1.1795213222503662,-1.1795209646224976,-1.179520606994629,-1.9524961023330216,-1.952495857149441,-1.9524956300737102,-0.772974877693861,0.772974877693861,0.7729754953383927,0.7729748776939207,0.6553295283245194,0.16951815233003606,1.0,0.0,3.04405645600583e-07,-0.9767014167491157
610.0,3721,-1.223637342453003,-1.2236369848251343,-1.2236368656158447,-1.9860233933555793,-1.9860232284997699,-1.9860230785907922,-0.7623860982591653,0.7623860982591653,0.7623865277397346,0.7623860982591917,0.6230491394641461,0.1671959677713856,1.0,0.0,2.48015448160717e-07,-0.9524144615622452
615.0,3721,-1.223637342453003,-1.2236369848251343,-1.2236368656158447,-1.9860233933555793,-1.9860232284997699,-1.9860230785907922,-0.7623860982591653,0.7623860982591653,0.7623865277397346,0.7623860982591917,0.6230491394641461,0.1671959677713856,1.0,0.0,2.48015448160717e-07,-0.9524144615622452
620.0,3721,-1.223637342453003,-1.2236369848251343,-1.2236368656158447,-1.9860233933555793,-1.9860232284997699,-1.9860230785907922,-0.7623860982591653,0.7623860982591653,0.7623865277397346,0.7623860982591917,0.6230491394641461,0.1671959677713856,1.0,0.0,2.48015448160717e-07,-0.9524144615622452
625.0,3721,-1.223637342453003,-1.2236369848251343,-1.2236368656158447,-1.9860233933555793,-1.9860232284997699,-1.9860230785907922,-0.7623860982591653,0.7623860982591653,0.7623865277397346,0.7623860982591917,0.6230491394641461,0.1671959677713856,1.0,0.0,2.48015448160717e-07,-0.9524144615622452
630.0,3721,-1.2677534818649292,-1.2677534818649292,-1.2677531242370605,-2.0195508148973174,-2.019550702830692,-2.0195506014008395,-0.7517974206196979,0.7517974206196979,0.7517976906602568,0.7517974206197106,0.593015526299438,0.16487380553706008,1.0,0.0,2.431890605330503e-07,-0.9054916518703576
635.0,3721,-1.2677534818649292,-1.2677534818649292,-1.2677531242370605,-2.0195508148973174,-2.019550702830692,-2.0195506014008395,-0.7517974206196979,0.7517974206196979,0.7517976906602568,0.7517974206197106,0.593015526299438,0.16487380553706008,1.0,0.0,2.431890605330503e-07,-0.9054916518703576
640.0,3721,-1.2677534818649292,-1.2677534818649292,-1.2677531242370605,-2.0195508148973174,-2.019550702830692,-2.0195506014008395,-0.7517974206196979,0.7517974206196979,0.7517976906602568,0.7517974206197106,0.593015526299438,0.16487380553706008,1.0,0.0,2.431890605330503e-07,-0.9054916518703576
645.0,3721,-1.2677534818649292,-1.2677534818649292,-1.2677531242370605,-2.0195508148973174,-2.019550702830692,-2.0195506014008395,-0.7517974206196979,0.7517974206196979,0.7517976906602568,0.7517974206197106,0.593015526299438,0.16487380553706008,1.0,0.0,2.431890605330503e-07,-0.9054916518703576
650.0,3721,-1.311869502067566,-1.3118693828582764,-1.3118693828582764,-2.053078253661462,-2.053078177517538,-2.0530781119789836,-0.7412087408052399,0.7412087408052399,0.7412088708031854,0.741208740805245,0.5650018802299238,0.16255164282574708,1.0,0.0,1.0283875110512209e-07,-0.7891040676402087
655.0,3721,-1.311869502067566,-1.3118693828582764,-1.3118693828582764,-2.053078253661462,-2.053078177517538,-2.0530781119789836,-0.7412087408052399,0.7412087408052399,0.7412088708031854,0.741208740805245,0.5650018802299238,0.16255164282574708,1.0,0.0,1.0283875110512209e-07,-0.7891040676402087
660.0,3721,-1.311869502067566,-1.3118693828582764,-1.3118693828582764,-2.053078253661462,-2.053078177517538,-2.0530781119789836,-0.7412087408052399,0.7412087408052399,0.7412088708031854,0.741208740805245,0.5650018802299238,0.16255164282574708,1.0,0.0,1.0283875110512209e-07,-0.7891040676402087
665.0,3721,-1.311869502067566,-1.3118693828582764,-1.3118693828582764,-2.053078253661462,-2.053078177517538,-2.0530781119789836,-0.7412087408052399,0.7412087408052399,0.7412088708031854,0.741208740805245,0.5650018802299238,0.16255164282574708,1.0,0.0,1.0283875110512209e-07,-0.7891040676402087
670.0,3721,-1.3559856414794922,-1.3559857606887817,-1.3559855222702026,-2.086605704176502,-2.0866056522903795,-2.086605609517134,-0.7306200589943788,0.7306200589943788,0.7306201819062994,0.7306200589943826,0.5388110959197685,0.16022947967661197,1.0,0.0,1.841435278092243e-07,-0.7763443694704047
675.0,3721,-1.3559856414794922,-1.3559857606887817,-1.3559855222702026,-2.086605704176502,-2.0866056522903795,-2.086605609517134,-0.7306200589943788,0.7306200589943788,0.7306201819062994,0.7306200589943826,0.5388110959197685,0.16022947967661197,1.0,0.0,1.841435278092243e-07,-0.7763443694704047
680.0,3721,-1.3559856414794922,-1.3559857606887817,-1.3559855222702026,-2.086605704176502,-2.0866056522903795,-2.086605609517134,-0.7306200589943788,0.7306200589943788,0.7306201819062994,0.7306200589943826,0.5388110959197685,0.16022947967661197,1.0,0.0,1.841435278092243e-07,-0.7763443694704047
685.0,3721,-1.3559856414794922,-1.3559857606887817,-1.3559855222702026,-2.086605704176502,-2.0866056522903795,-2.086605609517134,-0.7306200589943788,0.7306200589943788,0.7306201819062994,0.7306200589943826,0.5388110959197685,0.16022947967661197,1.0,0.0,1.841435278092243e-07,-0.7763443694704047
690.0,3721,-1.4001017808914185,-1.400101900100708,-1.400101661682129,-2.120133162737701,-2.1201331272248316,-2.1201330986041693,-0.7200313736288483,0.7200313736288483,0.7200315010555722,0.7200313736288508,0.5142707168296333,0.15790731574791594,1.0,0.0,1.587973358494072e-07,-0.697338080273032
695.0,3721,-1.4001017808914185,-1.400101900100708,-1.400101661682129,-2.120133162737701,-2.1201331272248316,-2.1201330986041693,-0.7200313736288483,0.7200313736288483,0.7200315010555722,0.7200313736288508,0.5142707168296333,0.15790731574791594,1.0,0.0,1.587973358494072e-07,-0.697338080273032
700.0,3721,-1.4001017808914185,-1.400101900100708,-1.400101661682129,-2.120133162737701,-2.1201331272248316,-2.1201330986041693,-0.7200313736288483,0.7200313736288483,0.7200315010555722,0.7200313736288508,0.5142707168296333,0.15790731574791594,1.0,0.0,1.587973358494072e-07,-0.697338080273032
705.0,3721,-1.4001017808914185,-1.400101900100708,-1.400101661682129,-2.120133162737701,-2.1201331272248316,-2.1201330986041693,-0.7200313736288483,0.7200313736288483,0.7200315010555722,0.7200313736288508,0.5142707168296333,0.15790731574791594,1.0,0.0,1.587973358494072e-07,-0.697338080273032
710.0,3721,-1.4442179203033447,-1.4442178010940552,-1.4442179203033447,-2.153660524420521,-2.1536604996641517,-2.153660480696993,-0.709442579360807,0.709442579360807,0.7094426041171764,0.7094425793608071,0.4912295664717542,0.1555851279362282,1.0,0.0,1.1962335895373018e-07,
715.0,3721,-1.4442179203033447,-1.4442178010940552,-1.4442179203033447,-2.153660524420521,-2.1536604996641517,-2.153660480696993,-0.709442579360807,0.709442579360807,0.7094426041171764,0.7094425793608071,0.4912295664717542,0.1555851279362282,1.0,0.0,1.1962335895373018e-07,
720.0,3721,-1.4442179203033447,-1.4442178010940552,-1.4442179203033447,-2.153660524420521,-2.1536604996641517,-2.153660480696993,-0.709442579360807,0.709442579360807,0.7094426041171764,0.7094425793608071,0.4912295664717542,0.1555851279362282,1.0,0.0,1.1962335895373018e-07,
725.0,3721,-1.4442179203033447,-1.4442178010940552,-1.4442179203033447,-2.153660524420521,-2.1536604996641517,-2.153660480696993,-0.709442579360807,0.709442579360807,0.7094426041171764,0.7094425793608071,0.4912295664717542,0.1555851279362282,1.0,0.0,1.1962335895373018e-07,
730.0,3721,-1.488334059715271,-1.4883341789245605,-1.488334059715271,-2.1871879920912187,-2.1871879747193286,-2.187187962112372,-0.6988539150040572,0.6988539150040572,0.6988539323759477,0.6988539150040572,0.46955448221225304,0.15326296861488747,1.0,0.0,1.1940434855971796e-07,
735.0,3721,-1.488334059715271,-1.4883341789245605,-1.488334059715271,-2.1871879920912187,-2.1871879747193286,-2.187187962112372,-0.6988539150040572,0.6988539150040572,0.6988539323759477,0.6988539150040572,0.46955448221225304,0.15326296861488747,1.0,0.0,1.1940434855971796e-07,
740.0,3721,-1.488334059715271,-1.4883341789245605,-1.488334059715271,-2.1871879920912187,-2.1871879747193286,-2.187187962112372,-0.6988539150040572,0.6988539150040572,0.6988539323759477,0.6988539150040572,0.46955448221225304,0.15326296861488747,1.0,0.0,1.1940434855971796e-07,
745.0,3721,-1.488334059715271,-1.4883341789245605,-1.488334059715271,-2.1871879920912187,-2.1871879747193286,-2.187187962112372,-0.6988539150040572,0.6988539150040572,0.6988539323759477,0.6988539150040572,0.46955448221225304,0.15326296861488747,1.0,0.0,1.1940434855971796e-07,
750.0,3721,-1.5324501991271973,-1.5324499607086182,-1.5324501991271973,-2.2207154619777683,-2.220715449825437,-2.22071544138576,-0.6882652506982398,0.6882652506982398,0.688265262850571,0.6882652506982398,0.44912732211530837,0.15094080930471654,1.0,0.0,2.3846571364441176e-07,
755.0,3721,-1.5324501991271973,-1.5324499607086182,-1.5324501991271973,-2.2207154619777683,-2.220715449825437,-2.22071544138576,-0.6882652506982398,0.6882652506982398,0.688265262850571,0.6882652506982398,0.44912732211530837,0.15094080930471654,1.0,0.0,2.3846571364441176e-07,
760.0,3721,-1.5324501991271973,-1.5324499607086182,-1.5324501991271973,-2.2207154619777683,-2.220715449825437,-2.22071544138576,-0.6882652506982398,0.6882652506982398,0.688265262850571,0.6882652506982398,0.44912732211530837,0.15094080930471654,1.0,0.0,2.3846571364441176e-07,
765.0,3721,-1.5324501991271973,-1.5324499607086182,-1.5324501991271973,-2.2207154619777683,-2.220715449825437,-2.22071544138576,-0.6882652506982398,0.6882652506982398,0.688265262850571,0.6882652506982398,0.44912732211530837,0.15094080930471654,1.0,0.0,2.3846571364441176e-07,
770.0,3721,-1.5765663385391235,-1.576566457748413,-1.5765663385391235,-2.2542429336913603,-2.2542429249535094,-2.2542429191991635,-0.6776765864143857,0.6776765864143857,0.6776765951522368,0.6776765864143858,0.42984336527328243,0.1486186499993623,1.0,0.0,1.1925615491717902e-07,
775.0,3721,-1.5765663385391235,-1.576566457748413,-1.5765663385391235,-2.2542429336913603,-2.2542429249535094,-2.2542429191991635,-0.6776765864143857,0.6776765864143857,0.6776765951522368,0.6776765864143858,0.42984336527328243,0.1486186499993623,1.0,0.0,1.1925615491717902e-07,
780.0,3721,-1.5765663385391235,-1.576566457748413,-1.5765663385391235,-2.2542429336913603,-2.2542429249535094,-2.2542429191991635,-0.6776765864143857,0.6776765864143857,0.6776765951522368,0.6776765864143858,0.42984336527328243,0.1486186499993623,1.0,0.0,1.1925615491717902e-07,
785.0,3721,-1.5765663385391235,-1.576566457748413,-1.5765663385391235,-2.2542429336913603,-2.2542429249535094,-2.2542429191991635,-0.6776765864143857,0.6776765864143857,0.6776765951522368,0.6776765864143858,0.42984336527328243,0.1486186499993623,1.0,0.0,1.1925615491717902e-07,
790.0,3721,-1.6206824779510498,-1.6206822395324707,-1.6206824779510498,-2.2877704063212065,-2.2877704001090517,-2.2877703961911005,-0.6670879221580018,0.6670879221580018,0.6670879283701567,0.6670879221580018,0.4116092869734754,0.14629649070003245,1.0,0.0,2.384306364084203e-07,
795.0,3721,-1.6206824779510498,-1.6206822395324707,-1.6206824779510498,-2.2877704063212065,-2.2877704001090517,-2.2877703961911005,-0.6670879221580018,0.6670879221580018,0.6670879283701567,0.6670879221580018,0.4116092869734754,0.14629649070003245,1.0,0.0,2.384306364084203e-07,
800.0,3721,-1.6206824779510498,-1.6206822395324707,-1.6206824779510498,-2.2877704063212065,-2.2877704001090517,-2.2877703961911005,-0.6670879221580018,0.6670879221580018,0.6670879283701567,0.6670879221580018,0.4116092869734754,0.14629649070003245,1.0,0.0,2.384306364084203e-07,
805.0,3721,-1.6206824779510498,-1.6206822395324707,-1.6206824779510498,-2.2877704063212065,-2.2877704001090517,-2.2877703961911005,-0.6670879221580018,0.6670879221580018,0.6670879283701567,0.6670879221580018,0.4116092869734754,0.14629649070003245,1.0,0.0,2.384306364084203e-07,
810.0,3721,-1.664798617362976,-1.664798617362976,-1.664798617362976,-2.321297777118386,-2.3212977726893294,-2.321297770006436,-0.6564991553263533,0.6564991553263533,0.65649915975541,0.6564991553263533,0.39434149899686716,0.14397430890531518,1.0,0.0,1.7542890076222638e-09,
815.0,3721,-1.664798617362976,-1.664798617362976,-1.664798617362976,-2.321297777118386,-2.3212977726893294,-2.321297770006436,-0.6564991553263533,0.6564991553263533,0.65649915975541,0.6564991553263533,0.39434149899686716,0.14397430890531518,1.0,0.0,1.7542890076222638e-09,
820.0,3721,-1.664798617362976,-1.664798617362976,-1.664798617362976,-2.321297777118386,-2.3212977726893294,-2.321297770006436,-0.6564991553263533,0.6564991553263533,0.65649915975541,0.6564991553263533,0.39434149899686716,0.14397430890531518,1.0,0.0,1.7542890076222638e-09,
825.0,3721,-1.664798617362976,-1.664798617362976,-1.664798617362976,-2.321297777118386,-2.3212977726893294,-2.321297770006436,-0.6564991553263533,0.6564991553263533,0.65649915975541,0.6564991553263533,0.39434149899686716,0.14397430890531518,1.0,0.0,1.7542890076222638e-09,
830.0,3721,-1.7089147567749023,-1.7089149951934814,-1.7089147567749023,-2.3548252510845487,-2.3548252478496283,-2.3548252459327292,-0.645910491074726,0.645910491074726,0.6459104943096463,0.645910491074726,0.37796531760369145,0.14165214960702846,1.0,0.0,2.384221973323643e-07,
835.0,3721,-1.7089147567749023,-1.7089149951934814,-1.7089147567749023,-2.3548252510845487,-2.3548252478496283,-2.3548252459327292,-0.645910491074726,0.645910491074726,0.6459104943096463,0.645910491074726,0.37796531760369145,0.14165214960702846,1.0,0.0,2.384221973323643e-07,
840.0,3721,-1.7089147567749023,-1.7089149951934814,-1.7089147567749023,-2.3548252510845487,-2.3548252478496283,-2.3548252459327292,-0.645910491074726,0.645910491074726,0.6459104943096463,0.645910491074726,0.37796531760369145,0.14165214960702846,1.0,0.0,2.384221973323643e-07,
845.0,3721,-1.7089147567749023,-1.7089149951934814,-1.7089147567749023,-2.3548252510845487,-2.3548252478496283,-2.3548252459327292,-0.645910491074726,0.645910491074726,0.6459104943096463,0.645910491074726,0.37796531760369145,0.14165214960702846,1.0,0.0,2.384221973323643e-07,
850.0,3721,-1.7530308961868286,-1.7530310153961182,-1.7530308961868286,-2.3883527253865937,-2.3883527230125576,-2.388352721636608,-0.6353218268257294,0.6353218268257294,0.6353218291997651,0.6353218268257294,0.36241334484583315,0.1393299903093187,1.0,0.0,1.1921345227439158e-07,
855.0,3721,-1.7530308961868286,-1.7530310153961182,-1.7530308961868286,-2.3883527253865937,-2.3883527230125576,-2.388352721636608,-0.6353218268257294,0.6353218268257294,0.6353218291997651,0.6353218268257294,0.36241334484583315,0.1393299903093187,1.0,0.0,1.1921345227439158e-07,
860.0,3721,-1.7530308961868286,-1.7530310153961182,-1.7530308961868286,-2.3883527253865937,-2.3883527230125576,-2.388352721636608,-0.6353218268257294,0.6353218268257294,0.6353218291997651,0.6353218268257294,0.36241334484583315,0.1393299903093187,1.0,0.0,1.1921345227439158e-07,
865.0,3721,-1.7530308961868286,-1.7530310153961182,-1.7530308961868286,-2.3883527253865937,-2.3883527230125576,-2.388352721636608,-0.6353218268257294,0.6353218268257294,0.6353218291997651,0.6353218268257294,0.36241334484583315,0.1393299903093187,1.0,0.0,1.1921345227439158e-07,
870.0,3721,-1.7971471548080444,-1.797147274017334,-1.7971471548080444,-2.4218801999245407,-2.4218801981803133,-2.42188019713825,-0.6247330433722689,0.6247330433722689,0.6247330451164963,0.624733043372269,0.3476248681258666,0.1370078048693357,1.0,0.0,1.1921175492740042e-07,
875.0,3721,-1.7971471548080444,-1.797147274017334,-1.7971471548080444,-2.4218801999245407,-2.4218801981803133,-2.42188019713825,-0.6247330433722689,0.6247330433722689,0.6247330451164963,0.624733043372269,0.3476248681258666,0.1370078048693357,1.0,0.0,1.1921175492740042e-07,
880.0,3721,-1.7971471548080444,-1.797147274017334,-1.7971471548080444,-2.4218801999245407,-2.4218801981803133,-2.42188019713825,-0.6247330433722689,0.6247330433722689,0.6247330451164963,0.624733043372269,0.3476248681258666,0.1370078048693357,1.0,0.0,1.1921175492740042e-07,
885.0,3721,-1.7971471548080444,-1.797147274017334,-1.7971471548080444,-2.4218801999245407,-2.4218801981803133,-2.42188019713825,-0.6247330433722689,0.6247330433722689,0.6247330451164963,0.624733043372269,0.3476248681258666,0.1370078048693357,1.0,0.0,1.1921175492740042e-07,
890.0,3721,-1.8412632942199707,-1.8412630558013916,-1.8412632942199707,-2.455407674654153,-2.455407673349272,-2.4554076725385094,-0.6141443791293012,0.6141443791293012,0.6141443804341824,0.6141443791293012,0.3335451117910364,0.13468564557294807,1.0,0.0,2.3841931888869675e-07,
895.0,3721,-1.8412632942199707,-1.8412630558013916,-1.8412632942199707,-2.455407674654153,-2.455407673349272,-2.4554076725385094,-0.6141443791293012,0.6141443791293012,0.6141443804341824,0.6141443791293012,0.3335451117910364,0.13468564557294807,1.0,0.0,2.3841931888869675e-07,
900.0,3721,-1.8412632942199707,-1.8412630558013916,-1.8412632942199707,-2.455407674654153,-2.455407673349272,-2.4554076725385094,-0.6141443791293012,0.6141443791293012,0.6141443804341824,0.6141443791293012,0.3335451117910364,0.13468564557294807,1.0,0.0,2.3841931888869675e-07,
905.0,3721,-1.8412632942199707,-1.8412630558013916,-1.8412632942199707,-2.455407674654153,-2.455407673349272,-2.4554076725385094,-0.6141443791293012,0.6141443791293012,0.6141443804341824,0.6141443791293012,0.3335451117910364,0.13468564557294807,1.0,0.0,2.3841931888869675e-07,
910.0,3721,-1.885379433631897,-1.885379672050476,-1.885379433631897,-2.4889350469134315,-2.488935045945619,-2.488935045303895,-0.6035556123137219,0.6035556123137219,0.6035556132815345,0.6035556123137219,0.32012422921193423,0.1323634637817549,1.0,0.0,2.384190267043366e-07,
915.0,3721,-1.885379433631897,-1.885379672050476,-1.885379433631897,-2.4889350469134315,-2.488935045945619,-2.488935045303895,-0.6035556123137219,0.6035556123137219,0.6035556132815345,0.6035556123137219,0.32012422921193423,0.1323634637817549,1.0,0.0,2.384190267043366e-07,
920.0,3721,-1.885379433631897,-1.885379672050476,-1.885379433631897,-2.4889350469134315,-2.488935045945619,-2.488935045303895,-0.6035556123137219,0.6035556123137219,0.6035556132815345,0.6035556123137219,0.32012422921193423,0.1323634637817549,1.0,0.0,2.384190267043366e-07,
925.0,3721,-1.885379433631897,-1.885379672050476,-1.885379433631897,-2.4889350469134315,-2.488935045945619,-2.488935045303895,-0.6035556123137219,0.6035556123137219,0.6035556132815345,0.6035556123137219,0.32012422921193423,0.1323634637817549,1.0,0.0,2.384190267043366e-07,
930.0,3721,-1.9294955730438232,-1.9294953346252441,-1.9294955730438232,-2.5224625218327925,-2.5224625211145852,-2.5224625205979976,-0.5929669480707622,0.5929669480707622,0.5929669487889693,0.5929669480707622,0.3073170708113144,0.13004130448536905,1.0,0.0,2.384188489683056e-07,
935.0,3721,-1.9294955730438232,-1.9294953346252441,-1.9294955730438232,-2.5224625218327925,-2.5224625211145852,-2.5224625205979976,-0.5929669480707622,0.5929669480707622,0.5929669487889693,0.5929669480707622,0.3073170708113144,0.13004130448536905,1.0,0.0,2.384188489683056e-07,
940.0,3721,-1.9294955730438232,-1.9294953346252441,-1.9294955730438232,-2.5224625218327925,-2.5224625211145852,-2.5224625205979976,-0.5929669480707622,0.5929669480707622,0.5929669487889693,0.5929669480707622,0.3073170708113144,0.13004130448536905,1.0,0.0,2.384188489683056e-07,
945.0,3721,-1.9294955730438232,-1.9294953346252441,-1.9294955730438232,-2.5224625218327925,-2.5224625211145852,-2.5224625205979976,-0.5929669480707622,0.5929669480707622,0.5929669487889693,0.5929669480707622,0.3073170708113144,0.13004130448536905,1.0,0.0,2.384188489683056e-07,
950.0,3721,-1.9736117124557495,-1.973611831665039,-1.9736117124557495,-2.555989996790936,-2.5559899962822343,-2.555989995860848,-0.5823782838264852,0.5823782838264852,0.5823782843351863,0.5823782838264853,0.2950825084324591,0.12771914518869432,1.0,0.0,1.1920961841441316e-07,
955.0,3721,-1.9736117124557495,-1.973611831665039,-1.9736117124557495,-2.555989996790936,-2.5559899962822343,-2.555989995860848,-0.5823782838264852,0.5823782838264852,0.5823782843351863,0.5823782838264853,0.2950825084324591,0.12771914518869432,1.0,0.0,1.1920961841441316e-07,
960.0,3721,-1.9736117124557495,-1.973611831665039,-1.9736117124557495,-2.555989996790936,-2.5559899962822343,-2.555989995860848,-0.5823782838264852,0.5823782838264852,0.5823782843351863,0.5823782838264853,0.2950825084324591,0.12771914518869432,1.0,0.0,1.1920961841441316e-07,
965.0,3721,-1.9736117124557495,-1.973611831665039,-1.9736117124557495,-2.555989996790936,-2.5559899962822343,-2.555989995860848,-0.5823782838264852,0.5823782838264852,0.5823782843351863,0.5823782838264853,0.2950825084324591,0.12771914518869432,1.0,0.0,1.1920961841441316e-07,
970.0,3721,-2.017727851867676,-2.0177273750305176,-2.017727851867676,-2.5895174718393514,-2.589517471446404,-2.589517471099572,-0.5717896195787285,0.5717896195787285,0.5717896199716757,0.5717896195787285,0.2833829267311106,0.12539698589125647,1.0,0.0,4.76837209075e-07,
975.0,3721,-2.017727851867676,-2.0177273750305176,-2.017727851867676,-2.5895174718393514,-2.589517471446404,-2.589517471099572,-0.5717896195787285,0.5717896195787285,0.5717896199716757,0.5717896195787285,0.2833829267311106,0.12539698589125647,1.0,0.0,4.76837209075e-07,
980.0,3721,-2.017727851867676,-2.0177273750305176,-2.017727851867676,-2.5895174718393514,-2.589517471446404,-2.589517471099572,-0.5717896195787285,0.5717896195787285,0.5717896199716757,0.5717896195787285,0.2833829267311106,0.12539698589125647,1.0,0.0,4.76837209075e-07,
985.0,3721,-2.017727851867676,-2.0177273750305176,-2.017727851867676,-2.5895174718393514,-2.589517471446404,-2.589517471099572,-0.5717896195787285,0.5717896195787285,0.5717896199716757,0.5717896195787285,0.2833829267311106,0.12539698589125647,1.0,0.0,4.76837209075e-07,
990.0,3721,-2.0618441104888916,-2.0618438720703125,-2.0618441104888916,-2.623044946936389,-2.6230449466043084,-2.623044946318564,-0.5612008361154173,0.5612008361154173,0.5612008364474974,0.5612008361154172,0.27218392994359547,0.12307480044911308,1.0,0.0,2.3841864597249996e-07,
995.0,3721,-2.0618441104888916,-2.0618438720703125,-2.0618441104888916,-2.623044946936389,-2.6230449466043084,-2.623044946318564,-0.5612008361154173,0.5612008361154173,0.5612008364474974,0.5612008361154172,0.27218392994359547,0.12307480044911308,1.0,0.0,2.3841864597249996e-07,
1000.0,3721,-2.0618441104888916,-2.0618438720703125,-2.0618441104888916,-2.623044946936389,-2.6230449466043084,-2.623044946318564,-0.5612008361154173,0.5612008361154173,0.5612008364474974,0.5612008361154172,0.27218392994359547,0.12307480044911308,1.0,0.0,2.3841864597249996e-07,
1005.0,3721,-2.0618441104888916,-2.0618438720703125,-2.0618441104888916,-2.623044946936389,-2.6230449466043084,-2.623044946318564,-0.5612008361154173,0.5612008361154173,0.5612008364474974,0.5612008361154172,0.27218392994359547,0.12307480044911308,1.0,0.0,2.3841864597249996e-07,
1010.0,3721,-2.1059601306915283,-2.1059603691101074,-2.1059601306915283,-2.656572319459868,-2.6565723191813806,-2.6565723189432373,-0.5506121884898525,0.5506121884898525,0.5506121887683397,0.5506121884898524,0.2614542440822019,0.12075264479702431,1.0,0.0,2.384186246729565e-07,
1015.0,3721,-2.1059601306915283,-2.1059603691101074,-2.1059601306915283,-2.656572319459868,-2.6565723191813806,-2.6565723189432373,-0.5506121884898525,0.5506121884898525,0.5506121887683397,0.5506121884898524,0.2614542440822019,0.12075264479702431,1.0,0.0,2.384186246729565e-07,
1020.0,3721,-2.1059601306915283,-2.1059603691101074,-2.1059601306915283,-2.656572319459868,-2.6565723191813806,-2.6565723189432373,-0.5506121884898525,0.5506121884898525,0.5506121887683397,0.5506121884898524,0.2614542440822019,0.12075264479702431,1.0,0.0,2.384186246729565e-07,
1025.0,3721,-2.1059601306915283,-2.1059603691101074,-2.1059601306915283,-2.656572319459868,-2.6565723191813806,-2.6565723189432373,-0.5506121884898525,0.5506121884898525,0.5506121887683397,0.5506121884898524,0.2614542440822019,0.12075264479702431,1.0,0.0,2.384186246729565e-07,
1030.0,3721,-2.150076389312744,-2.150075912475586,-2.150076389312744,-2.690099897125817,-2.6900998968995102,-2.690099896698313,-0.5400235075867658,0.5400235075867658,0.5400235078130731,0.5400235075867659,0.2511648234243818,0.11843048184697003,1.0,0.0,4.76837173945723e-07,
1035.0,3721,-2.150076389312744,-2.150075912475586,-2.150076389312744,-2.690099897125817,-2.6900998968995102,-2.690099896698313,-0.5400235075867658,0.5400235075867658,0.5400235078130731,0.5400235075867659,0.2511648234243818,0.11843048184697003,1.0,0.0,4.76837173945723e-07,
1040.0,3721,-2.150076389312744,-2.150075912475586,-2.150076389312744,-2.690099897125817,-2.6900998968995102,-2.690099896698313,-0.5400235075867658,0.5400235075867658,0.5400235078130731,0.5400235075867659,0.2511648234243818,0.11843048184697003,1.0,0.0,4.76837173945723e-07,
1045.0,3721,-2.150076389312744,-2.150075912475586,-2.150076389312744,-2.690099897125817,-2.6900998968995102,-2.690099896698313,-0.5400235075867658,0.5400235075867658,0.5400235078130731,0.5400235075867659,0.2511648234243818,0.11843048184697003,1.0,0.0,4.76837173945723e-07,
1050.0,3721,-2.194192409515381,-2.194192886352539,-2.194192409515381,-2.7236272696526664,-2.7236272694627957,-2.7236272692893104,-0.5294348599474147,0.5294348599474147,0.5294348601372856,0.5294348599474148,0.24128917357227336,0.11610832619185785,1.0,0.0,4.768371688924212e-07,
1055.0,3721,-2.194192409515381,-2.194192886352539,-2.194192409515381,-2.7236272696526664,-2.7236272694627957,-2.7236272692893104,-0.5294348599474147,0.5294348599474147,0.5294348601372856,0.5294348599474148,0.24128917357227336,0.11610832619185785,1.0,0.0,4.768371688924212e-07,
1060.0,3721,-2.194192409515381,-2.194192886352539,-2.194192409515381,-2.7236272696526664,-2.7236272694627957,-2.7236272692893104,-0.5294348599474147,0.5294348599474147,0.5294348601372856,0.5294348599474148,0.24128917357227336,0.11610832619185785,1.0,0.0,4.768371688924212e-07,
1065.0,3721,-2.194192409515381,-2.194192886352539,-2.194192409515381,-2.7236272696526664,-2.7236272694627957,-2.7236272692893104,-0.5294348599474147,0.5294348599474147,0.5294348601372856,0.5294348599474148,0.24128917357227336,0.11610832619185785,1.0,0.0,4.768371688924212e-07,
1070.0,3721,-2.2383086681365967,-2.2383084297180176,-2.2383086681365967,-2.757154642181187,-2.7571546420191617,-2.757154641869645,-0.5188459738825649,0.5188459738825649,0.5188459740445905,0.5188459738825649,0.23180270737572267,0.11378611824856502,1.0,0.0,2.3841859470982904e-07,
1075.0,3721,-2.2383086681365967,-2.2383084297180176,-2.2383086681365967,-2.757154642181187,-2.7571546420191617,-2.757154641869645,-0.5188459738825649,0.5188459738825649,0.5188459740445905,0.5188459738825649,0.23180270737572267,0.11378611824856502,1.0,0.0,2.3841859470982904e-07,
1080.0,3721,-2.2383086681365967,-2.2383084297180176,-2.2383086681365967,-2.757154642181187,-2.7571546420191617,-2.757154641869645,-0.5188459738825649,0.5188459738825649,0.5188459740445905,0.5188459738825649,0.23180270737572267,0.11378611824856502,1.0,0.0,2.3841859470982904e-07,
1085.0,3721,-2.2383086681365967,-2.2383084297180176,-2.2383086681365967,-2.757154642181187,-2.7571546420191617,-2.757154641869645,-0.5188459738825649,0.5188459738825649,0.5188459740445905,0.5188459738825649,0.23180270737572267,0.11378611824856502,1.0,0.0,2.3841859470982904e-07,
1090.0,3721,-2.2824246883392334,-2.2824246883392334,-2.2824246883392334,-2.790682219854437,-2.790682219717104,-2.7906822195532985,-0.5082575313778702,0.5082575313778702,0.5082575315152038,0.5082575313778702,0.2226831564632116,0.11146400758074664,1.0,0.0,7.611955464389254e-11,
1095.0,3721,-2.2824246883392334,-2.2824246883392334,-2.2824246883392334,-2.790682219854437,-2.790682219717104,-2.7906822195532985,-0.5082575313778702,0.5082575313778702,0.5082575315152038,0.5082575313778702,0.2226831564632116,0.11146400758074664,1.0,0.0,7.611955464389254e-11,
1100.0,3721,-2.2824246883392334,-2.2824246883392334,-2.2824246883392334,-2.790682219854437,-2.790682219717104,-2.7906822195532985,-0.5082575313778702,0.5082575313778702,0.5082575315152038,0.5082575313778702,0.2226831564632116,0.11146400758074664,1.0,0.0,7.611955464389254e-11,
1105.0,3721,-2.2824246883392334,-2.2824246883392334,-2.2824246883392334,-2.790682219854437,-2.790682219717104,-2.7906822195532985,-0.5082575313778702,0.5082575313778702,0.5082575315152038,0.5082575313778702,0.2226831564632116,0.11146400758074664,1.0,0.0,7.611955464389254e-11,
1110.0,3721,-2.326540946960449,-2.3265414237976074,-2.326540946960449,-2.8242095923881596,-2.8242095922603907,-2.824209592065038,-0.4976686452999416,0.4976686452999416,0.4976686454277104,0.4976686452999416,0.2139092670429634,0.10914179963458556,1.0,0.0,4.768371636872122e-07,
1115.0,3721,-2.326540946960449,-2.3265414237976074,-2.326540946960449,-2.8242095923881596,-2.8242095922603907,-2.824209592065038,-0.4976686452999416,0.4976686452999416,0.4976686454277104,0.4976686452999416,0.2139092670429634,0.10914179963458556,1.0,0.0,4.768371636872122e-07,
1120.0,3721,-2.326540946960449,-2.3265414237976074,-2.326540946960449,-2.8242095923881596,-2.8242095922603907,-2.824209592065038,-0.4976686452999416,0.4976686452999416,0.4976686454277104,0.4976686452999416,0.2139092670429634,0.10914179963458556,1.0,0.0,4.768371636872122e-07,
1125.0,3721,-2.326540946960449,-2.3265414237976074,-2.326540946960449,-2.8242095923881596,-2.8242095922603907,-2.824209592065038,-0.4976686452999416,0.4976686452999416,0.4976686454277104,0.4976686452999416,0.2139092670429634,0.10914179963458556,1.0,0.0,4.768371636872122e-07,
1130.0,3721,-2.370656967163086,-2.370656967163086,-2.370656967163086,-2.857737170070023,-2.8577371699469305,-2.8577371697488863,-0.4870802027838444,0.4870802027838444,0.4870802029069372,0.4870802027838444,0.2054621158211393,0.10681968896426655,1.0,0.0,7.18046778497787e-11,
1135.0,3721,-2.370656967163086,-2.370656967163086,-2.370656967163086,-2.857737170070023,-2.8577371699469305,-2.8577371697488863,-0.4870802027838444,0.4870802027838444,0.4870802029069372,0.4870802027838444,0.2054621158211393,0.10681968896426655,1.0,0.0,7.18046778497787e-11,
1140.0,3721,-2.370656967163086,-2.370656967163086,-2.370656967163086,-2.857737170070023,-2.8577371699469305,-2.8577371697488863,-0.4870802027838444,0.4870802027838444,0.4870802029069372,0.4870802027838444,0.2054621158211393,0.10681968896426655,1.0,0.0,7.18046778497787e-11,
1145.0,3721,-2.370656967163086,-2.370656967163086,-2.370656967163086,-2.857737170070023,-2.8577371699469305,-2.8577371697488863,-0.4870802027838444,0.4870802027838444,0.4870802029069372,0.4870802027838444,0.2054621158211393,0.10681968896426655,1.0,0.0,7.18046778497787e-11,
1150.0,3721,-2.4147732257843018,-2.4147732257843018,-2.4147732257843018,-2.8912645426119346,-2.8912645424818084,-2.891264542298928,-0.47649131669750666,0.47649131669750666,0.4764913168276328,0.4764913166975066,0.19732342760832391,0.1044974810162613,1.0,0.0,7.610953183062157e-11,
1155.0,3721,-2.4147732257843018,-2.4147732257843018,-2.4147732257843018,-2.8912645426119346,-2.8912645424818084,-2.891264542298928,-0.47649131669750666,0.47649131669750666,0.4764913168276328,0.4764913166975066,0.19732342760832391,0.1044974810162613,1.0,0.0,7.610953183062157e-11,
1160.0,3721,-2.4147732257843018,-2.4147732257843018,-2.4147732257843018,-2.8912645426119346,-2.8912645424818084,-2.891264542298928,-0.47649131669750666,0.47649131669750666,0.4764913168276328,0.4764913166975066,0.19732342760832391,0.1044974810162613,1.0,0.0,7.610953183062157e-11,
1165.0,3721,-2.4147732257843018,-2.4147732257843018,-2.4147732257843018,-2.8912645426119346,-2.8912645424818084,-2.891264542298928,-0.47649131669750666,0.47649131669750666,0.4764913168276328,0.4764913166975066,0.19732342760832391,0.1044974810162613,1.0,0.0,7.610953183062157e-11,
1170.0,3721,-2.4588892459869385,-2.4588890075683594,-2.4588892459869385,-2.92479191515652,-2.9247919150154833,-2.9247919148109642,-0.4659026690285447,0.4659026690285447,0.46590266916958134,0.46590266902854477,0.18947689616952387,0.10217532535465529,1.0,0.0,2.384185935533023e-07,
1175.0,3721,-2.4588892459869385,-2.4588890075683594,-2.4588892459869385,-2.92479191515652,-2.9247919150154833,-2.9247919148109642,-0.4659026690285447,0.4659026690285447,0.46590266916958134,0.46590266902854477,0.18947689616952387,0.10217532535465529,1.0,0.0,2.384185935533023e-07,
1180.0,3721,-2.4588892459869385,-2.4588890075683594,-2.4588892459869385,-2.92479191515652,-2.9247919150154833,-2.9247919148109642,-0.4659026690285447,0.4659026690285447,0.46590266916958134,0.46590266902854477,0.18947689616952387,0.10217532535465529,1.0,0.0,2.384185935533023e-07,
1185.0,3721,-2.4588892459869385,-2.4588890075683594,-2.4588892459869385,-2.92479191515652,-2.9247919150154833,-2.9247919148109642,-0.4659026690285447,0.4659026690285447,0.46590266916958134,0.46590266902854477,0.18947689616952387,0.10217532535465529,1.0,0.0,2.384185935533023e-07,
1190.0,3721,-2.5030055046081543,-2.5030055046081543,-2.5030055046081543,-2.9583194928508436,-2.9583194926975835,-2.95831949246751,-0.455313988089429,0.455313988089429,0.4553139882426893,0.455313988089429,0.18190688994256773,0.09985316239669957,1.0,0.0,9.012252076082439e-11,
1195.0,3721,-2.5030055046081543,-2.5030055046081543,-2.5030055046081543,-2.9583194928508436,-2.9583194926975835,-2.95831949246751,-0.455313988089429,0.455313988089429,0.4553139882426893,0.455313988089429,0.18190688994256773,0.09985316239669957,1.0,0.0,9.012252076082439e-11,
1200.0,3721,-2.5030055046081543,-2.5030055046081543,-2.5030055046081543,-2.9583194928508436,-2.9583194926975835,-2.95831949246751,-0.455313988089429,0.455313988089429,0.4553139882426893,0.455313988089429,0.18190688994256773,0.09985316239669957,1.0,0.0,9.012252076082439e-11,
1205.0,3721,-2.5030055046081543,-2.5030055046081543,-2.5030055046081543,-2.9583194928508436,-2.9583194926975835,-2.95831949246751,-0.455313988089429,0.455313988089429,0.4553139882426893,0.455313988089429,0.18190688994256773,0.09985316239669957,1.0,0.0,9.012252076082439e-11,
1210.0,3721,-2.54712176322937,-2.54712176322937,-2.54712176322937,-2.991846865397054,-2.9918468652332475,-2.9918468649974232,-0.44472510200387766,0.44472510200387766,0.4447251021676837,0.4447251020038776,0.1745990654644442,0.09753095444886677,1.0,0.0,9.606805598323905e-11,
1215.0,3721,-2.54712176322937,-2.54712176322937,-2.54712176322937,-2.991846865397054,-2.9918468652332475,-2.9918468649974232,-0.44472510200387766,0.44472510200387766,0.4447251021676837,0.4447251020038776,0.1745990654644442,0.09753095444886677,1.0,0.0,9.606805598323905e-11,
1220.0,3721,-2.54712176322937,-2.54712176322937,-2.54712176322937,-2.991846865397054,-2.9918468652332475,-2.9918468649974232,-0.44472510200387766,0.44472510200387766,0.4447251021676837,0.4447251020038776,0.1745990654644442,0.09753095444886677,1.0,0.0,9.606805598323905e-11,
1225.0,3721,-2.54712176322937,-2.54712176322937,-2.54712176322937,-2.991846865397054,-2.9918468652332475,-2.9918468649974232,-0.44472510200387766,0.44472510200387766,0.4447251021676837,0.4447251020038776,0.1745990654644442,0.09753095444886677,1.0,0.0,9.606805598323905e-11,
1230.0,3721,-2.591237783432007,-2.5912375450134277,-2.591237783432007,-3.0253744430992993,-3.0253744429170997,-3.0253744426796922,-0.4341366594850931,0.4341366594850931,0.4341366596672924,0.43413665948509306,0.16754026164126748,0.0952088437779584,1.0,0.0,2.384186002525812e-07,
1235.0,3721,-2.591237783432007,-2.5912375450134277,-2.591237783432007,-3.0253744430992993,-3.0253744429170997,-3.0253744426796922,-0.4341366594850931,0.4341366594850931,0.4341366596672924,0.43413665948509306,0.16754026164126748,0.0952088437779584,1.0,0.0,2.384186002525812e-07,
1240.0,3721,-2.591237783432007,-2.5912375450134277,-2.591237783432007,-3.0253744430992993,-3.0253744429170997,-3.0253744426796922,-0.4341366594850931,0.4341366594850931,0.4341366596672924,0.43413665948509306,0.16754026164126748,0.0952088437779584,1.0,0.0,2.384186002525812e-07,
1245.0,3721,-2.591237783432007,-2.5912375450134277,-2.591237783432007,-3.0253744430992993,-3.0253744429170997,-3.0253744426796922,-0.4341366594850931,0.4341366594850931,0.4341366596672924,0.43413665948509306,0.16754026164126748,0.0952088437779584,1.0,0.0,2.384186002525812e-07,
1250.0,3721,-2.6353540420532227,-2.6353535652160645,-2.6353540420532227,-3.0589018156439423,-3.0589018154512706,-3.058901815220216,-0.42354777339804806,0.42354777339804806,0.4235477735907196,0.4235477733980481,0.1607176034804638,0.09288663582979806,1.0,0.0,4.768371698920372e-07,
1255.0,3721,-2.6353540420532227,-2.6353535652160645,-2.6353540420532227,-3.0589018156439423,-3.0589018154512706,-3.058901815220216,-0.42354777339804806,0.42354777339804806,0.4235477735907196,0.4235477733980481,0.1607176034804638,0.09288663582979806,1.0,0.0,4.768371698920372e-07,
1260.0,3721,-2.6353540420532227,-2.6353535652160645,-2.6353540420532227,-3.0589018156439423,-3.0589018154512706,-3.058901815220216,-0.42354777339804806,0.42354777339804806,0.4235477735907196,0.4235477733980481,0.1607176034804638,0.09288663582979806,1.0,0.0,4.768371698920372e-07,
1265.0,3721,-2.6794700622558594,-2.6794703006744385,-2.6794700622558594,-3.0924291881872223,-3.092429187984791,-3.0924291877591346,-0.41295912572893134,0.41295912572893134,0.41295912593136297,0.41295912572893134,0.1541196977372557,0.09056448016815807,1.0,0.0,2.384186055172503e-07,
1270.0,3721,-2.6794700622558594,-2.6794703006744385,-2.6794700622558594,-3.0924291881872223,-3.092429187984791,-3.0924291877591346,-0.41295912572893134,0.41295912572893134,0.41295912593136297,0.41295912572893134,0.1541196977372557,0.09056448016815807,1.0,0.0,2.384186055172503e-07,
1275.0,3721,-2.6794700622558594,-2.6794703006744385,-2.6794700622558594,-3.0924291881872223,-3.092429187984791,-3.0924291877591346,-0.41295912572893134,0.41295912572893134,0.41295912593136297,0.41295912572893134,0.1541196977372557,0.09056448016815807,1.0,0.0,2.384186055172503e-07,
1280.0,3721,-2.6794700622558594,-2.6794703006744385,-2.6794700622558594,-3.0924291881872223,-3.092429187984791,-3.0924291877591346,-0.41295912572893134,0.41295912572893134,0.41295912593136297,0.41295912572893134,0.1541196977372557,0.09056448016815807,1.0,0.0,2.384186055172503e-07,
1285.0,3721,-2.723586320877075,-2.7235867977142334,-2.723586320877075,-3.1259567658668406,-3.125956765671996,-3.1259567654518907,-0.4023704447949205,0.4023704447949205,0.4023704449897654,0.4023704447949205,0.14773552316203645,0.08824231721132189,1.0,0.0,4.76837173012205e-07,
1290.0,3721,-2.723586320877075,-2.7235867977142334,-2.723586320877075,-3.1259567658668406,-3.125956765671996,-3.1259567654518907,-0.4023704447949205,0.4023704447949205,0.4023704449897654,0.4023704447949205,0.14773552316203645,0.08824231721132189,1.0,0.0,4.76837173012205e-07,
1295.0,3721,-2.723586320877075,-2.7235867977142334,-2.723586320877075,-3.1259567658668406,-3.125956765671996,-3.1259567654518907,-0.4023704447949205,0.4023704447949205,0.4023704449897654,0.4023704447949205,0.14773552316203645,0.08824231721132189,1.0,0.0,4.76837173012205e-07,
1300.0,3721,-2.723586320877075,-2.7235867977142334,-2.723586320877075,-3.1259567658668406,-3.125956765671996,-3.1259567654518907,-0.4023704447949205,0.4023704447949205,0.4023704449897654,0.4023704447949205,0.14773552316203645,0.08824231721132189,1.0,0.0,4.76837173012205e-07,
1305.0,3721,-2.767702341079712,-2.76770281791687,-2.767702341079712,-3.159484138411696,-3.159484138219488,-3.1594841380106367,-0.3917817971397763,0.3917817971397763,0.3917817973319839,0.39178179713977634,0.14155488340871106,0.08592016155274618,1.0,0.0,4.768371757995451e-07,
1310.0,3721,-2.767702341079712,-2.76770281791687,-2.767702341079712,-3.159484138411696,-3.159484138219488,-3.1594841380106367,-0.3917817971397763,0.3917817971397763,0.3917817973319839,0.39178179713977634,0.14155488340871106,0.08592016155274618,1.0,0.0,4.768371757995451e-07,
1315.0,3721,-2.767702341079712,-2.76770281791687,-2.767702341079712,-3.159484138411696,-3.159484138219488,-3.1594841380106367,-0.3917817971397763,0.3917817971397763,0.3917817973319839,0.39178179713977634,0.14155488340871106,0.08592016155274618,1.0,0.0,4.768371757995451e-07,
1320.0,3721,-2.767702341079712,-2.76770281791687,-2.767702341079712,-3.159484138411696,-3.159484138219488,-3.1594841380106367,-0.3917817971397763,0.3917817971397763,0.3917817973319839,0.39178179713977634,0.14155488340871106,0.08592016155274618,1.0,0.0,4.768371757995451e-07,
1325.0,3721,-2.8118185997009277,-2.8118185997009277,-2.8118185997009277,-3.1930117161337876,-3.19301171592413,-3.193011715697058,-0.38119311622320234,0.38119311622320234,0.3811931164328599,0.38119311622320234,0.13556817470515709,0.083597998599734,1.0,0.0,1.3528574725613344e-10,
1330.0,3721,-2.8118185997009277,-2.8118185997009277,-2.8118185997009277,-3.1930117161337876,-3.19301171592413,-3.193011715697058,-0.38119311622320234,0.38119311622320234,0.3811931164328599,0.38119311622320234,0.13556817470515709,0.083597998599734,1.0,0.0,1.3528574725613344e-10,
1335.0,3721,-2.8118185997009277,-2.8118185997009277,-2.8118185997009277,-3.1930117161337876,-3.19301171592413,-3.193011715697058,-0.38119311622320234,0.38119311622320234,0.3811931164328599,0.38119311622320234,0.13556817470515709,0.083597998599734,1.0,0.0,1.3528574725613344e-10,
1340.0,3721,-2.8118185997009277,-2.8118185997009277,-2.8118185997009277,-3.1930117161337876,-3.19301171592413,-3.193011715697058,-0.38119311622320234,0.38119311622320234,0.3811931164328599,0.38119311622320234,0.13556817470515709,0.083597998599734,1.0,0.0,1.3528574725613344e-10,
1345.0,3721,-2.8559346199035645,-2.8559343814849854,-2.8559346199035645,-3.2265390887092096,-3.2265390884883924,-3.226539088252722,-0.3706044685848282,0.3706044685848282,0.3706044688056451,0.37060446858482815,0.12976643328201815,0.08127584294483606,1.0,0.0,2.384186203522797e-07,
1350.0,3721,-2.8559346199035645,-2.8559343814849854,-2.8559346199035645,-3.2265390887092096,-3.2265390884883924,-3.226539088252722,-0.3706044685848282,0.3706044685848282,0.3706044688056451,0.37060446858482815,0.12976643328201815,0.08127584294483606,1.0,0.0,2.384186203522797e-07,
1355.0,3721,-2.8559346199035645,-2.8559343814849854,-2.8559346199035645,-3.2265390887092096,-3.2265390884883924,-3.226539088252722,-0.3706044685848282,0.3706044685848282,0.3706044688056451,0.37060446858482815,0.12976643328201815,0.08127584294483606,1.0,0.0,2.384186203522797e-07,
1360.0,3721,-2.8559346199035645,-2.8559343814849854,-2.8559346199035645,-3.2265390887092096,-3.2265390884883924,-3.226539088252722,-0.3706044685848282,0.3706044685848282,0.3706044688056451,0.37060446858482815,0.12976643328201815,0.08127584294483606,1.0,0.0,2.384186203522797e-07,
1365.0,3721,-2.9000508785247803,-2.900050640106201,-2.9000508785247803,-3.260066461309119,-3.2600664610634813,-3.2600664608289804,-0.3600155825387011,0.3600155825387011,0.36001558278433876,0.3600155825387011,0.1241411241771599,0.07895363500564927,1.0,0.0,2.384186216250549e-07,
1370.0,3721,-2.9000508785247803,-2.900050640106201,-2.9000508785247803,-3.260066461309119,-3.2600664610634813,-3.2600664608289804,-0.3600155825387011,0.3600155825387011,0.36001558278433876,0.3600155825387011,0.1241411241771599,0.07895363500564927,1.0,0.0,2.384186216250549e-07,
1375.0,3721,-2.9000508785247803,-2.900050640106201,-2.9000508785247803,-3.260066461309119,-3.2600664610634813,-3.2600664608289804,-0.3600155825387011,0.3600155825387011,0.36001558278433876,0.3600155825387011,0.1241411241771599,0.07895363500564927,1.0,0.0,2.384186216250549e-07,
1380.0,3721,-2.9000508785247803,-2.900050640106201,-2.9000508785247803,-3.260066461309119,-3.2600664610634813,-3.2600664608289804,-0.3600155825387011,0.3600155825387011,0.36001558278433876,0.3600155825387011,0.1241411241771599,0.07895363500564927,1.0,0.0,2.384186216250549e-07,
1385.0,3721,-2.944167137145996,-2.9441676139831543,-2.944167137145996,-3.29359403904649,-3.2935940387992173,-3.2935940385451516,-0.3494269016532216,0.3494269016532216,0.3494269019004941,0.3494269016532216,0.11868446692822211,0.07663147205945631,1.0,0.0,4.768371798090353e-07,
1390.0,3721,-2.944167137145996,-2.9441676139831543,-2.944167137145996,-3.29359403904649,-3.2935940387992173,-3.2935940385451516,-0.3494269016532216,0.3494269016532216,0.3494269019004941,0.3494269016532216,0.11868446692822211,0.07663147205945631,1.0,0.0,4.768371798090353e-07,
1395.0,3721,-2.944167137145996,-2.9441676139831543,-2.944167137145996,-3.29359403904649,-3.2935940387992173,-3.2935940385451516,-0.3494269016532216,0.3494269016532216,0.3494269019004941,0.3494269016532216,0.11868446692822211,0.07663147205945631,1.0,0.0,4.768371798090353e-07,
1400.0,3721,-2.944167137145996,-2.9441676139831543,-2.944167137145996,-3.29359403904649,-3.2935940387992173,-3.2935940385451516,-0.3494269016532216,0.3494269016532216,0.3494269019004941,0.3494269016532216,0.11868446692822211,0.07663147205945631,1.0,0.0,4.768371798090353e-07,
1405.0,3721,-2.988283157348633,-2.9882829189300537,-2.988283157348633,-3.327121411640254,-3.3271214113952707,-3.3271214111621155,-0.3388382540466378,0.3388382540466378,0.33883825429162107,0.3388382540466378,0.11338893457169379,0.07430931641153019,1.0,0.0,2.384186209524148e-07,
1410.0,3721,-2.988283157348633,-2.9882829189300537,-2.988283157348633,-3.327121411640254,-3.3271214113952707,-3.3271214111621155,-0.3388382540466378,0.3388382540466378,0.33883825429162107,0.3388382540466378,0.11338893457169379,0.07430931641153019,1.0,0.0,2.384186209524148e-07,
1415.0,3721,-2.988283157348633,-2.9882829189300537,-2.988283157348633,-3.327121411640254,-3.3271214113952707,-3.3271214111621155,-0.3388382540466378,0.3388382540466378,0.33883825429162107,0.3388382540466378,0.11338893457169379,0.07430931641153019,1.0,0.0,2.384186209524148e-07,
1420.0,3721,-2.988283157348633,-2.9882829189300537,-2.988283157348633,-3.327121411640254,-3.3271214113952707,-3.3271214111621155,-0.3388382540466378,0.3388382540466378,0.33883825429162107,0.3388382540466378,0.11338893457169379,0.07430931641153019,1.0,0.0,2.384186209524148e-07,
1425.0,3721,-3.0323994159698486,-3.0323989391326904,-3.0323994159698486,-3.360648989371919,-3.360648989138255,-3.3606489889103655,-0.3282495731684065,0.3282495731684065,0.3282495734020703,0.32824957316840647,0.10824747289647799,0.0719871534669268,1.0,0.0,4.768371790226953e-07,
1430.0,3721,-3.0323994159698486,-3.0323989391326904,-3.0323994159698486,-3.360648989371919,-3.360648989138255,-3.3606489889103655,-0.3282495731684065,0.3282495731684065,0.3282495734020703,0.32824957316840647,0.10824747289647799,0.0719871534669268,1.0,0.0,4.768371790226953e-07,
1435.0,3721,-3.0323994159698486,-3.0323989391326904,-3.0323994159698486,-3.360648989371919,-3.360648989138255,-3.3606489889103655,-0.3282495731684065,0.3282495731684065,0.3282495734020703,0.32824957316840647,0.10824747289647799,0.0719871534669268,1.0,0.0,4.768371790226953e-07,
1440.0,3721,-3.0323994159698486,-3.0323989391326904,-3.0323994159698486,-3.360648989371919,-3.360648989138255,-3.3606489889103655,-0.3282495731684065,0.3282495731684065,0.3282495734020703,0.32824957316840647,0.10824747289647799,0.0719871534669268,1.0,0.0,4.768371790226953e-07,
1445.0,3721,-3.0765154361724854,-3.0765154361724854,-3.0765154361724854,-3.394176361958867,-3.3941763617261507,-3.394176361468935,-0.3176609255536652,0.3176609255536652,0.31766092578638183,0.31766092555366526,0.10325348396505833,0.06966499781721171,1.0,0.0,1.4079997019877475e-10,
1450.0,3721,-3.0765154361724854,-3.0765154361724854,-3.0765154361724854,-3.394176361958867,-3.3941763617261507,-3.394176361468935,-0.3176609255536652,0.3176609255536652,0.31766092578638183,0.31766092555366526,0.10325348396505833,0.06966499781721171,1.0,0.0,1.4079997019877475e-10,
1455.0,3721,-3.0765154361724854,-3.0765154361724854,-3.0765154361724854,-3.394176361958867,-3.3941763617261507,-3.394176361468935,-0.3176609255536652,0.3176609255536652,0.31766092578638183,0.31766092555366526,0.10325348396505833,0.06966499781721171,1.0,0.0,1.4079997019877475e-10,
1460.0,3721,-3.0765154361724854,-3.0765154361724854,-3.0765154361724854,-3.394176361958867,-3.3941763617261507,-3.394176361468935,-0.3176609255536652,0.3176609255536652,0.31766092578638183,0.31766092555366526,0.10325348396505833,0.06966499781721171,1.0,0.0,1.4079997019877475e-10,
1465.0,3721,-3.120631694793701,-3.1206319332122803,-3.120631694793701,-3.4277037345345955,-3.4277037343075656,-3.4277037340425456,-0.3070720395138645,0.3070720395138645,0.30707203974089436,0.3070720395138646,0.098400601448796,0.06734278987941233,1.0,0.0,2.384186207681242e-07,
1470.0,3721,-3.120631694793701,-3.1206319332122803,-3.120631694793701,-3.4277037345345955,-3.4277037343075656,-3.4277037340425456,-0.3070720395138645,0.3070720395138645,0.30707203974089436,0.3070720395138646,0.098400601448796,0.06734278987941233,1.0,0.0,2.384186207681242e-07,
1475.0,3721,-3.120631694793701,-3.1206319332122803,-3.120631694793701,-3.4277037345345955,-3.4277037343075656,-3.4277037340425456,-0.3070720395138645,0.3070720395138645,0.30707203974089436,0.3070720395138646,0.098400601448796,0.06734278987941233,1.0,0.0,2.384186207681242e-07,
1480.0,3721,-3.120631694793701,-3.1206319332122803,-3.120631694793701,-3.4277037345345955,-3.4277037343075656,-3.4277037340425456,-0.3070720395138645,0.3070720395138645,0.30707203974089436,0.3070720395138646,0.098400601448796,0.06734278987941233,1.0,0.0,2.384186207681242e-07,
1485.0,3721,-3.164747714996338,-3.164747953414917,-3.164747714996338,-3.461231312256164,-3.4612313120339646,-3.4612313117411166,-0.2964835970376274,0.2964835970376274,0.2964835972598263,0.2964835970376274,0.09368317171811745,0.06502067921783485,1.0,0.0,2.3841862412657147e-07,
1490.0,3721,-3.164747714996338,-3.164747953414917,-3.164747714996338,-3.461231312256164,-3.4612313120339646,-3.4612313117411166,-0.2964835970376274,0.2964835970376274,0.2964835972598263,0.2964835970376274,0.09368317171811745,0.06502067921783485,1.0,0.0,2.3841862412657147e-07,
1495.0,3721,-3.164747714996338,-3.164747953414917,-3.164747714996338,-3.461231312256164,-3.4612313120339646,-3.4612313117411166,-0.2964835970376274,0.2964835970376274,0.2964835972598263,0.2964835970376274,0.09368317171811745,0.06502067921783485,1.0,0.0,2.3841862412657147e-07,
1500.0,3721,-3.164747714996338,-3.164747953414917,-3.164747714996338,-3.461231312256164,-3.4612313120339646,-3.4612313117411166,-0.2964835970376274,0.2964835970376274,0.2964835972598263,0.2964835970376274,0.09368317171811745,0.06502067921783485,1.0,0.0,2.3841862412657147e-07,
1505.0,3721,-3.2088639736175537,-3.2088634967803955,-3.2088639736175537,-3.4947586848553325,-3.4947586846131005,-3.4947586843303218,-0.2858947109955467,0.2858947109955467,0.28589471123777876,0.2858947109955467,0.08909530164983233,0.06269847127953546,1.0,0.0,4.768371825843754e-07,
1510.0,3721,-3.2088639736175537,-3.2088634967803955,-3.2088639736175537,-3.4947586848553325,-3.4947586846131005,-3.4947586843303218,-0.2858947109955467,0.2858947109955467,0.28589471123777876,0.2858947109955467,0.08909530164983233,0.06269847127953546,1.0,0.0,4.768371825843754e-07,
1515.0,3721,-3.2088639736175537,-3.2088634967803955,-3.2088639736175537,-3.4947586848553325,-3.4947586846131005,-3.4947586843303218,-0.2858947109955467,0.2858947109955467,0.28589471123777876,0.2858947109955467,0.08909530164983233,0.06269847127953546,1.0,0.0,4.768371825843754e-07,
1520.0,3721,-3.2088639736175537,-3.2088634967803955,-3.2088639736175537,-3.4947586848553325,-3.4947586846131005,-3.4947586843303218,-0.2858947109955467,0.2858947109955467,0.28589471123777876,0.2858947109955467,0.08909530164983233,0.06269847127953546,1.0,0.0,4.768371825843754e-07,
1525.0,3721,-3.2529799938201904,-3.2529797554016113,-3.2529799938201904,-3.5282862626089107,-3.5282862623489777,-3.5282862620250217,-0.2753062685287872,0.2753062685287872,0.2753062687887202,0.27530626852878726,0.08463202090614992,0.060376360620036505,1.0,0.0,2.384186324842586e-07,
1530.0,3721,-3.2529799938201904,-3.2529797554016113,-3.2529799938201904,-3.5282862626089107,-3.5282862623489777,-3.5282862620250217,-0.2753062685287872,0.2753062685287872,0.2753062687887202,0.27530626852878726,0.08463202090614992,0.060376360620036505,1.0,0.0,2.384186324842586e-07,
1535.0,3721,-3.2529799938201904,-3.2529797554016113,-3.2529799938201904,-3.5282862626089107,-3.5282862623489777,-3.5282862620250217,-0.2753062685287872,0.2753062685287872,0.2753062687887202,0.27530626852878726,0.08463202090614992,0.060376360620036505,1.0,0.0,2.384186324842586e-07,
1540.0,3721,-3.2529799938201904,-3.2529797554016113,-3.2529799938201904,-3.5282862626089107,-3.5282862623489777,-3.5282862620250217,-0.2753062685287872,0.2753062685287872,0.2753062687887202,0.27530626852878726,0.08463202090614992,0.060376360620036505,1.0,0.0,2.384186324842586e-07,
1545.0,3721,-3.2970962524414062,-3.2970964908599854,-3.2970962524414062,-3.561813635203817,-3.561813634933837,-3.561813634569975,-0.26471738249243076,0.26471738249243076,0.26471738276241075,0.2647173824924307,0.08028803900953875,0.05805415268299245,1.0,0.0,2.384186375490833e-07,
1550.0,3721,-3.2970962524414062,-3.2970964908599854,-3.2970962524414062,-3.561813635203817,-3.561813634933837,-3.561813634569975,-0.26471738249243076,0.26471738249243076,0.26471738276241075,0.2647173824924307,0.08028803900953875,0.05805415268299245,1.0,0.0,2.384186375490833e-07,
1555.0,3721,-3.2970962524414062,-3.2970964908599854,-3.2970962524414062,-3.561813635203817,-3.561813634933837,-3.561813634569975,-0.26471738249243076,0.26471738249243076,0.26471738276241075,0.2647173824924307,0.08028803900953875,0.05805415268299245,1.0,0.0,2.384186375490833e-07,
1560.0,3721,-3.2970962524414062,-3.2970964908599854,-3.2970962524414062,-3.561813635203817,-3.561813634933837,-3.561813634569975,-0.26471738249243076,0.26471738249243076,0.26471738276241075,0.2647173824924307,0.08028803900953875,0.05805415268299245,1.0,0.0,2.384186375490833e-07,
1565.0,3721,-3.341212272644043,-3.341212749481201,-3.341212272644043,-3.5953410077525265,-3.595341007486491,-3.595341007111006,-0.25412873484244825,0.25412873484244825,0.25412873510848355,0.25412873484244825,0.07605884689209269,0.05573199702554873,1.0,0.0,4.768371894360331e-07,
1570.0,3721,-3.341212272644043,-3.341212749481201,-3.341212272644043,-3.5953410077525265,-3.595341007486491,-3.595341007111006,-0.25412873484244825,0.25412873484244825,0.25412873510848355,0.25412873484244825,0.07605884689209269,0.05573199702554873,1.0,0.0,4.768371894360331e-07,
1575.0,3721,-3.341212272644043,-3.341212749481201,-3.341212272644043,-3.5953410077525265,-3.595341007486491,-3.595341007111006,-0.25412873484244825,0.25412873484244825,0.25412873510848355,0.25412873484244825,0.07605884689209269,0.05573199702554873,1.0,0.0,4.768371894360331e-07,
1580.0,3721,-3.341212272644043,-3.341212749481201,-3.341212272644043,-3.5953410077525265,-3.595341007486491,-3.595341007111006,-0.25412873484244825,0.25412873484244825,0.25412873510848355,0.25412873484244825,0.07605884689209269,0.05573199702554873,1.0,0.0,4.768371894360331e-07,
1585.0,3721,-3.385328531265259,-3.385329008102417,-3.385328531265259,-3.628868585449663,-3.628868585170444,-3.6288685847708035,-0.2435400539051851,0.2435400539051851,0.2435400541844044,0.24354005390518507,0.07193985976861167,0.0534098340679993,1.0,0.0,4.768371886974539e-07,
1590.0,3721,-3.385328531265259,-3.385329008102417,-3.385328531265259,-3.628868585449663,-3.628868585170444,-3.6288685847708035,-0.2435400539051851,0.2435400539051851,0.2435400541844044,0.24354005390518507,0.07193985976861167,0.0534098340679993,1.0,0.0,4.768371886974539e-07,
1595.0,3721,-3.385328531265259,-3.385329008102417,-3.385328531265259,-3.628868585449663,-3.628868585170444,-3.6288685847708035,-0.2435400539051851,0.2435400539051851,0.2435400541844044,0.24354005390518507,0.07193985976861167,0.0534098340679993,1.0,0.0,4.768371886974539e-07,
1600.0,3721,-3.385328531265259,-3.385329008102417,-3.385328531265259,-3.628868585449663,-3.628868585170444,-3.6288685847708035,-0.2435400539051851,0.2435400539051851,0.2435400541844044,0.24354005390518507,0.07193985976861167,0.0534098340679993,1.0,0.0,4.768371886974539e-07,
1605.0,3721,-3.4294447898864746,-3.4294445514678955,-3.4294447898864746,-3.662395957955609,-3.66239595772301,-3.6623959573563747,-0.23295116783653558,0.23295116783653558,0.23295116806913452,0.23295116783653558,0.06792678620885226,0.0510876261238732,1.0,0.0,2.384186322860933e-07,
1610.0,3721,-3.4294447898864746,-3.4294445514678955,-3.4294447898864746,-3.662395957955609,-3.66239595772301,-3.6623959573563747,-0.23295116783653558,0.23295116783653558,0.23295116806913452,0.23295116783653558,0.06792678620885226,0.0510876261238732,1.0,0.0,2.384186322860933e-07,
1615.0,3721,-3.4294447898864746,-3.4294445514678955,-3.4294447898864746,-3.662395957955609,-3.66239595772301,-3.6623959573563747,-0.23295116783653558,0.23295116783653558,0.23295116806913452,0.23295116783653558,0.06792678620885226,0.0510876261238732,1.0,0.0,2.384186322860933e-07,
1620.0,3721,-3.4294447898864746,-3.4294445514678955,-3.4294447898864746,-3.662395957955609,-3.66239595772301,-3.6623959573563747,-0.23295116783653558,0.23295116783653558,0.23295116806913452,0.23295116783653558,0.06792678620885226,0.0510876261238732,1.0,0.0,2.384186322860933e-07,
1625.0,3721,-3.4735608100891113,-3.4735605716705322,-3.4735608100891113,-3.6959235356975197,-3.695923535427766,-3.6959235351218154,-0.2223627253386548,0.2223627253386548,0.22236272560840842,0.2223627253386548,0.06401578207057179,0.04876551545754915,1.0,0.0,2.384186190691288e-07,
1630.0,3721,-3.4735608100891113,-3.4735605716705322,-3.4735608100891113,-3.6959235356975197,-3.695923535427766,-3.6959235351218154,-0.2223627253386548,0.2223627253386548,0.22236272560840842,0.2223627253386548,0.06401578207057179,0.04876551545754915,1.0,0.0,2.384186190691288e-07,
1635.0,3721,-3.4735608100891113,-3.4735605716705322,-3.4735608100891113,-3.6959235356975197,-3.695923535427766,-3.6959235351218154,-0.2223627253386548,0.2223627253386548,0.22236272560840842,0.2223627253386548,0.06401578207057179,0.04876551545754915,1.0,0.0,2.384186190691288e-07,
1640.0,3721,-3.4735608100891113,-3.4735605716705322,-3.4735608100891113,-3.6959235356975197,-3.695923535427766,-3.6959235351218154,-0.2223627253386548,0.2223627253386548,0.22236272560840842,0.2223627253386548,0.06401578207057179,0.04876551545754915,1.0,0.0,2.384186190691288e-07,
1645.0,3721,-3.517677068710327,-3.517677068710327,-3.517677068710327,-3.729450908313278,-3.72945090797936,-3.7294509077133644,-0.21177383926903323,0.21177383926903323,0.2117738396029507,0.21177383926903323,0.06020274980014065,0.04644330751320987,1.0,0.0,1.2842742753060295e-10,
1650.0,3721,-3.517677068710327,-3.517677068710327,-3.517677068710327,-3.729450908313278,-3.72945090797936,-3.7294509077133644,-0.21177383926903323,0.21177383926903323,0.2117738396029507,0.21177383926903323,0.06020274980014065,0.04644330751320987,1.0,0.0,1.2842742753060295e-10,
1655.0,3721,-3.517677068710327,-3.517677068710327,-3.517677068710327,-3.729450908313278,-3.72945090797936,-3.7294509077133644,-0.21177383926903323,0.21177383926903323,0.2117738396029507,0.21177383926903323,0.06020274980014065,0.04644330751320987,1.0,0.0,1.2842742753060295e-10,
1660.0,3721,-3.517677068710327,-3.517677068710327,-3.517677068710327,-3.729450908313278,-3.72945090797936,-3.7294509077133644,-0.21177383926903323,0.21177383926903323,0.2117738396029507,0.21177383926903323,0.06020274980014065,0.04644330751320987,1.0,0.0,1.2842742753060295e-10,
1665.0,3721,-3.561793088912964,-3.561793565750122,-3.561793088912964,-3.7629782808197234,-3.762978280527405,-3.762978280273814,-0.20118519161444043,0.20118519161444043,0.20118519190675954,0.20118519161444046,0.05648424441608205,0.04412115185475508,1.0,0.0,4.768371735925111e-07,
1670.0,3721,-3.561793088912964,-3.561793565750122,-3.561793088912964,-3.7629782808197234,-3.762978280527405,-3.762978280273814,-0.20118519161444043,0.20118519161444043,0.20118519190675954,0.20118519161444046,0.05648424441608205,0.04412115185475508,1.0,0.0,4.768371735925111e-07,
1675.0,3721,-3.561793088912964,-3.561793565750122,-3.561793088912964,-3.7629782808197234,-3.762978280527405,-3.762978280273814,-0.20118519161444043,0.20118519161444043,0.20118519190675954,0.20118519161444046,0.05648424441608205,0.04412115185475508,1.0,0.0,4.768371735925111e-07,
1680.0,3721,-3.561793088912964,-3.561793565750122,-3.561793088912964,-3.7629782808197234,-3.762978280527405,-3.762978280273814,-0.20118519161444043,0.20118519161444043,0.20118519190675954,0.20118519161444046,0.05648424441608205,0.04412115185475508,1.0,0.0,4.768371735925111e-07,
1685.0,3721,-3.6059093475341797,-3.605910301208496,-3.6059093475341797,-3.7965058585179907,-3.796505858202043,-3.796505857985774,-0.1905965106678632,0.1905965106678632,0.19059651098381103,0.19059651066786323,0.052856716705362114,0.041798988895163015,1.0,0.0,9.536743227359769e-07,
1690.0,3721,-3.6059093475341797,-3.605910301208496,-3.6059093475341797,-3.7965058585179907,-3.796505858202043,-3.796505857985774,-0.1905965106678632,0.1905965106678632,0.19059651098381103,0.19059651066786323,0.052856716705362114,0.041798988895163015,1.0,0.0,9.536743227359769e-07,
1695.0,3721,-3.6059093475341797,-3.605910301208496,-3.6059093475341797,-3.7965058585179907,-3.796505858202043,-3.796505857985774,-0.1905965106678632,0.1905965106678632,0.19059651098381103,0.19059651066786323,0.052856716705362114,0.041798988895163015,1.0,0.0,9.536743227359769e-07,
1700.0,3721,-3.6059093475341797,-3.605910301208496,-3.6059093475341797,-3.7965058585179907,-3.796505858202043,-3.796505857985774,-0.1905965106678632,0.1905965106678632,0.19059651098381103,0.19059651066786323,0.052856716705362114,0.041798988895163015,1.0,0.0,9.536743227359769e-07,
1705.0,3721,-3.6500253677368164,-3.650024890899658,-3.6500253677368164,-3.8300332309638545,-3.830033230707856,-3.8300332304943905,-0.1800078629710399,0.1800078629710399,0.1800078632270381,0.1800078629710399,0.049316879342565234,0.03947683322744681,1.0,0.0,4.768371694530648e-07,
1710.0,3721,-3.6500253677368164,-3.650024890899658,-3.6500253677368164,-3.8300332309638545,-3.830033230707856,-3.8300332304943905,-0.1800078629710399,0.1800078629710399,0.1800078632270381,0.1800078629710399,0.049316879342565234,0.03947683322744681,1.0,0.0,4.768371694530648e-07,
1715.0,3721,-3.6500253677368164,-3.650024890899658,-3.6500253677368164,-3.8300332309638545,-3.830033230707856,-3.8300332304943905,-0.1800078629710399,0.1800078629710399,0.1800078632270381,0.1800078629710399,0.049316879342565234,0.03947683322744681,1.0,0.0,4.768371694530648e-07,
1720.0,3721,-3.6500253677368164,-3.650024890899658,-3.6500253677368164,-3.8300332309638545,-3.830033230707856,-3.8300332304943905,-0.1800078629710399,0.1800078629710399,0.1800078632270381,0.1800078629710399,0.049316879342565234,0.03947683322744681,1.0,0.0,4.768371694530648e-07,
1725.0,3721,-3.6941416263580322,-3.6941416263580322,-3.6941416263580322,-3.8635608085733386,-3.8635608083669464,-3.8635608080630823,-0.16941918200891437,0.16941918200891437,0.16941918221530639,0.16941918200891437,0.04586158341367965,0.037154670264444904,1.0,0.0,1.0195092327074586e-10,
1730.0,3721,-3.6941416263580322,-3.6941416263580322,-3.6941416263580322,-3.8635608085733386,-3.8635608083669464,-3.8635608080630823,-0.16941918200891437,0.16941918200891437,0.16941918221530639,0.16941918200891437,0.04586158341367965,0.037154670264444904,1.0,0.0,1.0195092327074586e-10,
1735.0,3721,-3.6941416263580322,-3.6941416263580322,-3.6941416263580322,-3.8635608085733386,-3.8635608083669464,-3.8635608080630823,-0.16941918200891437,0.16941918200891437,0.16941918221530639,0.16941918200891437,0.04586158341367965,0.037154670264444904,1.0,0.0,1.0195092327074586e-10,
1740.0,3721,-3.6941416263580322,-3.6941416263580322,-3.6941416263580322,-3.8635608085733386,-3.8635608083669464,-3.8635608080630823,-0.16941918200891437,0.16941918200891437,0.16941918221530639,0.16941918200891437,0.04586158341367965,0.037154670264444904,1.0,0.0,1.0195092327074586e-10,
1745.0,3721,-3.738257646560669,-3.738258123397827,-3.738257646560669,-3.8970881810947553,-3.8970881809037015,-3.897088180665873,-0.15883053434303285,0.15883053434303285,0.15883053453408635,0.15883053434303285,0.04248785010035219,0.03483251460351442,1.0,0.0,4.768371676486656e-07,
1750.0,3721,-3.738257646560669,-3.738258123397827,-3.738257646560669,-3.8970881810947553,-3.8970881809037015,-3.897088180665873,-0.15883053434303285,0.15883053434303285,0.15883053453408635,0.15883053434303285,0.04248785010035219,0.03483251460351442,1.0,0.0,4.768371676486656e-07,
1755.0,3721,-3.738257646560669,-3.738258123397827,-3.738257646560669,-3.8970881810947553,-3.8970881809037015,-3.897088180665873,-0.15883053434303285,0.15883053434303285,0.15883053453408635,0.15883053434303285,0.04248785010035219,0.03483251460351442,1.0,0.0,4.768371676486656e-07,
1760.0,3721,-3.738257646560669,-3.738258123397827,-3.738257646560669,-3.8970881810947553,-3.8970881809037015,-3.897088180665873,-0.15883053434303285,0.15883053434303285,0.15883053453408635,0.15883053434303285,0.04248785010035219,0.03483251460351442,1.0,0.0,4.768371676486656e-07,
1765.0,3721,-3.7823739051818848,-3.782374382019043,-3.7823739051818848,-3.9306155536656933,-3.93061555346593,-3.9306155532745604,-0.1482416482840451,0.1482416482840451,0.1482416484838085,0.1482416482840451,0.03919275362684863,0.0325103066615072,1.0,0.0,4.768371658649577e-07,
1770.0,3721,-3.7823739051818848,-3.782374382019043,-3.7823739051818848,-3.9306155536656933,-3.93061555346593,-3.9306155532745604,-0.1482416482840451,0.1482416482840451,0.1482416484838085,0.1482416482840451,0.03919275362684863,0.0325103066615072,1.0,0.0,4.768371658649577e-07,
1775.0,3721,-3.7823739051818848,-3.782374382019043,-3.7823739051818848,-3.9306155536656933,-3.93061555346593,-3.9306155532745604,-0.1482416482840451,0.1482416482840451,0.1482416484838085,0.1482416482840451,0.03919275362684863,0.0325103066615072,1.0,0.0,4.768371658649577e-07,
1780.0,3721,-3.7823739051818848,-3.782374382019043,-3.7823739051818848,-3.9306155536656933,-3.93061555346593,-3.9306155532745604,-0.1482416482840451,0.1482416482840451,0.1482416484838085,0.1482416482840451,0.03919275362684863,0.0325103066615072,1.0,0.0,4.768371658649577e-07,
1785.0,3721,-3.8264899253845215,-3.8264896869659424,-3.8264899253845215,-3.9641431313998794,-3.9641431311837527,-3.9641431309912987,-0.13765320579923174,0.13765320579923174,0.1376532060153579,0.13765320579923174,0.035973750017455244,0.030188195998048915,1.0,0.0,2.384185941813215e-07,
1790.0,3721,-3.8264899253845215,-3.8264896869659424,-3.8264899253845215,-3.9641431313998794,-3.9641431311837527,-3.9641431309912987,-0.13765320579923174,0.13765320579923174,0.1376532060153579,0.13765320579923174,0.035973750017455244,0.030188195998048915,1.0,0.0,2.384185941813215e-07,
1795.0,3721,-3.8264899253845215,-3.8264896869659424,-3.8264899253845215,-3.9641431313998794,-3.9641431311837527,-3.9641431309912987,-0.13765320579923174,0.13765320579923174,0.1376532060153579,0.13765320579923174,0.035973750017455244,0.030188195998048915,1.0,0.0,2.384185941813215e-07,
1800.0,3721,-3.8264899253845215,-3.8264896869659424,-3.8264899253845215,-3.9641431313998794,-3.9641431311837527,-3.9641431309912987,-0.13765320579923174,0.13765320579923174,0.1376532060153579,0.13765320579923174,0.035973750017455244,0.030188195998048915,1.0,0.0,2.384185941813215e-07,
1805.0,3721,-3.8706061840057373,-3.870605707168579,-3.8706061840057373,-3.9976705039656775,-3.997670503740173,-3.9976705034591005,-0.12706431973443555,0.12706431973443555,0.12706431995994016,0.12706431973443555,0.032828015183957594,0.027865988054767872,1.0,0.0,4.76837166255669e-07,
1810.0,3721,-3.8706061840057373,-3.870605707168579,-3.8706061840057373,-3.9976705039656775,-3.997670503740173,-3.9976705034591005,-0.12706431973443555,0.12706431973443555,0.12706431995994016,0.12706431973443555,0.032828015183957594,0.027865988054767872,1.0,0.0,4.76837166255669e-07,
1815.0,3721,-3.8706061840057373,-3.870605707168579,-3.8706061840057373,-3.9976705039656775,-3.997670503740173,-3.9976705034591005,-0.12706431973443555,0.12706431973443555,0.12706431995994016,0.12706431973443555,0.032828015183957594,0.027865988054767872,1.0,0.0,4.76837166255669e-07,
1820.0,3721,-3.8706061840057373,-3.870605707168579,-3.8706061840057373,-3.9976705039656775,-3.997670503740173,-3.9976705034591005,-0.12706431973443555,0.12706431973443555,0.12706431995994016,0.12706431973443555,0.032828015183957594,0.027865988054767872,1.0,0.0,4.76837166255669e-07,
1825.0,3721,-3.914722442626953,-3.914722204208374,-3.914722442626953,-4.031198081652463,-4.031198081446339,-4.031198081077735,-0.11647563881938638,0.11647563881938638,0.11647563902551017,0.11647563881938638,0.02975323088343262,0.025543825102090106,1.0,0.0,2.384185974425581e-07,
1830.0,3721,-3.914722442626953,-3.914722204208374,-3.914722442626953,-4.031198081652463,-4.031198081446339,-4.031198081077735,-0.11647563881938638,0.11647563881938638,0.11647563902551017,0.11647563881938638,0.02975323088343262,0.025543825102090106,1.0,0.0,2.384185974425581e-07,
1835.0,3721,-3.914722442626953,-3.914722204208374,-3.914722442626953,-4.031198081652463,-4.031198081446339,-4.031198081077735,-0.11647563881938638,0.11647563881938638,0.11647563902551017,0.11647563881938638,0.02975323088343262,0.025543825102090106,1.0,0.0,2.384185974425581e-07,
1840.0,3721,-3.914722442626953,-3.914722204208374,-3.914722442626953,-4.031198081652463,-4.031198081446339,-4.031198081077735,-0.11647563881938638,0.11647563881938638,0.11647563902551017,0.11647563881938638,0.02975323088343262,0.025543825102090106,1.0,0.0,2.384185974425581e-07,
1845.0,3721,-3.95883846282959,-3.958838939666748,-3.95883846282959,-4.064725454241306,-4.064725453999858,-4.064725453664313,-0.10588699117026837,0.10588699117026837,0.1058869914117162,0.10588699117026837,0.02674698401403652,0.023221669444835964,1.0,0.0,4.768371692705515e-07,
1850.0,3721,-3.95883846282959,-3.958838939666748,-3.95883846282959,-4.064725454241306,-4.064725453999858,-4.064725453664313,-0.10588699117026837,0.10588699117026837,0.1058869914117162,0.10588699117026837,0.02674698401403652,0.023221669444835964,1.0,0.0,4.768371692705515e-07,
1855.0,3721,-3.95883846282959,-3.958838939666748,-3.95883846282959,-4.064725454241306,-4.064725453999858,-4.064725453664313,-0.10588699117026837,0.10588699117026837,0.1058869914117162,0.10588699117026837,0.02674698401403652,0.023221669444835964,1.0,0.0,4.768371692705515e-07,
1860.0,3721,-3.95883846282959,-3.958838939666748,-3.95883846282959,-4.064725454241306,-4.064725453999858,-4.064725453664313,-0.10588699117026837,0.10588699117026837,0.1058869914117162,0.10588699117026837,0.02674698401403652,0.023221669444835964,1.0,0.0,4.768371692705515e-07,
1865.0,3721,-4.002954483032227,-4.00295352935791,-4.002954483032227,-4.098252826802178,-4.098252826547125,-4.098252826181187,-0.09529834351489935,0.09529834351489935,0.09529834376995172,0.09529834351489937,0.02380700023147114,0.020899513786210945,1.0,0.0,9.536743215983976e-07,
1870.0,3721,-4.002954483032227,-4.00295352935791,-4.002954483032227,-4.098252826802178,-4.098252826547125,-4.098252826181187,-0.09529834351489935,0.09529834351489935,0.09529834376995172,0.09529834351489937,0.02380700023147114,0.020899513786210945,1.0,0.0,9.536743215983976e-07,
1875.0,3721,-4.002954483032227,-4.00295352935791,-4.002954483032227,-4.098252826802178,-4.098252826547125,-4.098252826181187,-0.09529834351489935,0.09529834351489935,0.09529834376995172,0.09529834351489937,0.02380700023147114,0.020899513786210945,1.0,0.0,9.536743215983976e-07,
1880.0,3721,-4.002954483032227,-4.00295352935791,-4.002954483032227,-4.098252826802178,-4.098252826547125,-4.098252826181187,-0.09529834351489935,0.09529834351489935,0.09529834376995172,0.09529834351489937,0.02380700023147114,0.020899513786210945,1.0,0.0,9.536743215983976e-07,
1885.0,3721,-4.0470709800720215,-4.047070026397705,-4.0470709800720215,-4.131780404515263,-4.131780404237492,-4.131780403946896,-0.08470942416547098,0.08470942416547098,0.08470942444324159,0.08470942416547098,0.02093104415540966,0.018577298543405018,1.0,0.0,9.53674321603403e-07,
1890.0,3721,-4.0470709800720215,-4.047070026397705,-4.0470709800720215,-4.131780404515263,-4.131780404237492,-4.131780403946896,-0.08470942416547098,0.08470942416547098,0.08470942444324159,0.08470942416547098,0.02093104415540966,0.018577298543405018,1.0,0.0,9.53674321603403e-07,
1895.0,3721,-4.0470709800720215,-4.047070026397705,-4.0470709800720215,-4.131780404515263,-4.131780404237492,-4.131780403946896,-0.08470942416547098,0.08470942416547098,0.08470942444324159,0.08470942416547098,0.02093104415540966,0.018577298543405018,1.0,0.0,9.53674321603403e-07,
1900.0,3721,-4.0470709800720215,-4.047070026397705,-4.0470709800720215,-4.131780404515263,-4.131780404237492,-4.131780403946896,-0.08470942416547098,0.08470942416547098,0.08470942444324159,0.08470942416547098,0.02093104415540966,0.018577298543405018,1.0,0.0,9.53674321603403e-07,
1905.0,3721,-4.091187000274658,-4.091187000274658,-4.091187000274658,-4.165307777055213,-4.165307776767569,-4.165307776492783,-0.07412077649291024,0.07412077649291024,0.07412077678055518,0.07412077649291024,0.018117182273744505,0.016255142881009745,1.0,0.0,9.671531672494512e-11,
1910.0,3721,-4.091187000274658,-4.091187000274658,-4.091187000274658,-4.165307777055213,-4.165307776767569,-4.165307776492783,-0.07412077649291024,0.07412077649291024,0.07412077678055518,0.07412077649291024,0.018117182273744505,0.016255142881009745,1.0,0.0,9.671531672494512e-11,
1915.0,3721,-4.091187000274658,-4.091187000274658,-4.091187000274658,-4.165307777055213,-4.165307776767569,-4.165307776492783,-0.07412077649291024,0.07412077649291024,0.07412077678055518,0.07412077649291024,0.018117182273744505,0.016255142881009745,1.0,0.0,9.671531672494512e-11,
1920.0,3721,-4.091187000274658,-4.091187000274658,-4.091187000274658,-4.165307777055213,-4.165307776767569,-4.165307776492783,-0.07412077649291024,0.07412077649291024,0.07412077678055518,0.07412077649291024,0.018117182273744505,0.016255142881009745,1.0,0.0,9.671531672494512e-11,
1925.0,3721,-4.135303020477295,-4.135303497314453,-4.135303020477295,-4.19883535471752,-4.198835354441732,-4.198835354195646,-0.06353233396443733,0.06353233396443733,0.0635323342402252,0.06353233396443733,0.01536340504453722,0.013933032207976653,1.0,0.0,4.768371663812447e-07,
1930.0,3721,-4.135303020477295,-4.135303497314453,-4.135303020477295,-4.19883535471752,-4.198835354441732,-4.198835354195646,-0.06353233396443733,0.06353233396443733,0.0635323342402252,0.06353233396443733,0.01536340504453722,0.013933032207976653,1.0,0.0,4.768371663812447e-07,
1935.0,3721,-4.135303020477295,-4.135303497314453,-4.135303020477295,-4.19883535471752,-4.198835354441732,-4.198835354195646,-0.06353233396443733,0.06353233396443733,0.0635323342402252,0.06353233396443733,0.01536340504453722,0.013933032207976653,1.0,0.0,4.768371663812447e-07,
1940.0,3721,-4.135303020477295,-4.135303497314453,-4.135303020477295,-4.19883535471752,-4.198835354441732,-4.198835354195646,-0.06353233396443733,0.06353233396443733,0.0635323342402252,0.06353233396443733,0.01536340504453722,0.013933032207976653,1.0,0.0,4.768371663812447e-07,
1945.0,3721,-4.179419040679932,-4.179419994354248,-4.179419040679932,-4.232362727208789,-4.23236272698167,-4.232362726777014,-0.0529436863017378,0.0529436863017378,0.052943686528857725,0.0529436863017378,0.012667714123243249,0.011610876547744,1.0,0.0,9.536743198115988e-07,
1950.0,3721,-4.179419040679932,-4.179419994354248,-4.179419040679932,-4.232362727208789,-4.23236272698167,-4.232362726777014,-0.0529436863017378,0.0529436863017378,0.052943686528857725,0.0529436863017378,0.012667714123243249,0.011610876547744,1.0,0.0,9.536743198115988e-07,
1955.0,3721,-4.179419040679932,-4.179419994354248,-4.179419040679932,-4.232362727208789,-4.23236272698167,-4.232362726777014,-0.0529436863017378,0.0529436863017378,0.052943686528857725,0.0529436863017378,0.012667714123243249,0.011610876547744,1.0,0.0,9.536743198115988e-07,
1960.0,3721,-4.179419040679932,-4.179419994354248,-4.179419040679932,-4.232362727208789,-4.23236272698167,-4.232362726777014,-0.0529436863017378,0.0529436863017378,0.052943686528857725,0.0529436863017378,0.012667714123243249,0.011610876547744,1.0,0.0,9.536743198115988e-07,
1965.0,3721,-4.223535537719727,-4.223535060882568,-4.223535537719727,-4.265890099867886,-4.265890099529984,-4.265890099250124,-0.04235456181025716,0.04235456181025716,0.04235456214815958,0.04235456181025715,0.010028224991611658,0.009288616316022307,1.0,0.0,4.768371691449422e-07,
1970.0,3721,-4.223535537719727,-4.223535060882568,-4.223535537719727,-4.265890099867886,-4.265890099529984,-4.265890099250124,-0.04235456181025716,0.04235456181025716,0.04235456214815958,0.04235456181025715,0.010028224991611658,0.009288616316022307,1.0,0.0,4.768371691449422e-07,
1975.0,3721,-4.223535537719727,-4.223535060882568,-4.223535537719727,-4.265890099867886,-4.265890099529984,-4.265890099250124,-0.04235456181025716,0.04235456181025716,0.04235456214815958,0.04235456181025715,0.010028224991611658,0.009288616316022307,1.0,0.0,4.768371691449422e-07,
1980.0,3721,-4.223535537719727,-4.223535060882568,-4.223535537719727,-4.265890099867886,-4.265890099529984,-4.265890099250124,-0.04235456181025716,0.04235456181025716,0.04235456214815958,0.04235456181025715,0.010028224991611658,0.009288616316022307,1.0,0.0,4.768371691449422e-07,
1985.0,3721,-4.267651557922363,-4.267650604248047,-4.267651557922363,-4.299417677591658,-4.299417677231319,-4.299417676933263,-0.031766119308955724,0.031766119308955724,0.0317661196692951,0.03176611930895572,0.0074434658179596686,0.006966505648948087,1.0,0.0,9.53674322201175e-07,
1990.0,3721,-4.267651557922363,-4.267650604248047,-4.267651557922363,-4.299417677591658,-4.299417677231319,-4.299417676933263,-0.031766119308955724,0.031766119308955724,0.0317661196692951,0.03176611930895572,0.0074434658179596686,0.006966505648948087,1.0,0.0,9.53674322201175e-07,
1995.0,3721,-4.267651557922363,-4.267650604248047,-4.267651557922363,-4.299417677591658,-4.299417677231319,-4.299417676933263,-0.031766119308955724,0.031766119308955724,0.0317661196692951,0.03176611930895572,0.0074434658179596686,0.006966505648948087,1.0,0.0,9.53674322201175e-07,
2000.0,3721,-4.267651557922363,-4.267650604248047,-4.267651557922363,-4.299417677591658,-4.299417677231319,-4.299417676933263,-0.031766119308955724,0.031766119308955724,0.0317661196692951,0.03176611930895572,0.0074434658179596686,0.006966505648948087,1.0,0.0,9.53674322201175e-07,
