slice_num,z_nm,n_points,vtk_phi_min,vtk_phi_mean,vtk_phi_max,fem_phi_min,fem_phi_mean,fem_phi_max,abs_err_min,abs_err_mean,abs_err_max,rel_err_min,rel_err_mean,rel_err_max
1,0.0,11163,-1.235,0.020129904,0.1598355,-0.9941755461412378,-0.9553707215630168,-0.7759820213558788,-1.1540110486465402,-0.975500623216645,0.45901799294923595,0.022781328557603054,30.046604659171486,19793.022581219226
2,1.0,11163,-1.235,0.020129904,0.1598355,-0.9941755461412378,-0.9553707215630168,-0.7759820213558788,-1.1540110486465402,-0.975500623216645,0.45901799294923595,0.022781328557603054,30.046604659171486,19793.022581219226
3,2.0,11163,-1.235,0.020129904,0.1598355,-0.9941755461412378,-0.9553707215630168,-0.7759820213558788,-1.1540110486465402,-0.975500623216645,0.45901799294923595,0.022781328557603054,30.046604659171486,19793.022581219226
4,3.0,11163,-1.235,0.020129904,0.1598355,-0.9941755461412378,-0.9553707215630168,-0.7759820213558788,-1.1540110486465402,-0.975500623216645,0.45901799294923595,0.022781328557603054,30.046604659171486,19793.022581219226
5,4.0,11163,-1.235,0.020129904,0.1598355,-0.9941755461412378,-0.9553707215630168,-0.7759820213558788,-1.1540110486465402,-0.975500623216645,0.45901799294923595,0.022781328557603054,30.046604659171486,19793.022581219226
6,5.0,11163,-1.235,0.020129904,0.1598355,-0.9941755461412378,-0.9553707215630168,-0.7759820213558788,-1.1540110486465402,-0.975500623216645,0.45901799294923595,0.022781328557603054,30.046604659171486,19793.022581219226
7,6.0,11163,-1.235,0.020129904,0.1598355,-0.9941755461412378,-0.9553707215630168,-0.7759820213558788,-1.1540110486465402,-0.975500623216645,0.45901799294923595,0.022781328557603054,30.046604659171486,19793.022581219226
8,7.0,11163,-1.235,0.020129904,0.1598355,-0.9941755461412378,-0.9553707215630168,-0.7759820213558788,-1.1540110486465402,-0.975500623216645,0.45901799294923595,0.022781328557603054,30.046604659171486,19793.022581219226
9,8.0,14884,-1.235,0.041978598,0.1598355,-1.0035135541236633,-0.9612094627875465,-0.7759820213558788,-1.1540110486465402,-1.0031880565388707,0.45901799294923595,0.022781328557603054,26.728321192192123,19793.022581219226
10,9.0,14884,-1.235,0.041978598,0.1598355,-1.0035135541236633,-0.9612094627875465,-0.7759820213558788,-1.1540110486465402,-1.0031880565388707,0.45901799294923595,0.022781328557603054,26.728321192192123,19793.022581219226
11,10.0,11163,-0.94335306,0.085426345,0.1598355,-1.0035135541236633,-0.9659274444321355,-0.7983377248053328,-1.1540110486465402,-1.0513537934288508,0.14501533210232098,0.022781328557603054,31.35449177706797,19793.022581219226
12,11.0,11163,-0.94335306,0.085426345,0.1598355,-1.0035135541236633,-0.9659274444321355,-0.7983377248053328,-1.1540110486465402,-1.0513537934288508,0.14501533210232098,0.022781328557603054,31.35449177706797,19793.022581219226
13,12.0,7442,-0.3967207,0.11605706,0.1598355,-1.0035135541236633,-0.9723530989598128,-0.854482336033836,-1.1540110486465402,-1.0884101575314034,-0.4589807966518634,1.156936827524759,13.630224430089928,1241.1906198089512
14,13.0,7442,-0.3967207,0.11605706,0.1598355,-1.0035135541236633,-0.9723530989598128,-0.854482336033836,-1.1540110486465402,-1.0884101575314034,-0.4589807966518634,1.156936827524759,13.630224430089928,1241.1906198089512
15,14.0,7442,-0.3967207,0.11605706,0.1598355,-1.0035135541236633,-0.9723530989598128,-0.854482336033836,-1.1540110486465402,-1.0884101575314034,-0.4589807966518634,1.156936827524759,13.630224430089928,1241.1906198089512
16,15.0,7442,-0.3967207,0.11605706,0.1598355,-1.0035135541236633,-0.9723530989598128,-0.854482336033836,-1.1540110486465402,-1.0884101575314034,-0.4589807966518634,1.156936827524759,13.630224430089928,1241.1906198089512
17,16.0,14884,-0.3967207,0.10298571,0.1598355,-1.0140994746391128,-0.9821333760499089,-0.854482336033836,-1.1540110486465402,-1.0851190929377854,-0.4589807966518634,1.156936827524759,20.41123939260167,6664.527090479781
18,17.0,22326,-0.3967207,0.097887374,0.1598355,-1.0153977830151417,-0.9859474257967953,-0.854482336033836,-1.1540110486465402,-1.0838347998340307,-0.4589807966518634,1.156936827524759,25.74998727733927,13510.449735477472
19,18.0,29768,-0.3967207,0.09478232,0.1598355,-1.0166974982515264,-0.9882698634241479,-0.854482336033836,-1.1540110486465402,-1.0830521868246974,-0.4589807966518634,1.156936827524759,25.858589266719154,13510.449735477472
20,19.0,37210,-0.3967207,0.09247462,0.1598355,-1.018021315917606,-0.9899956078426586,-0.854482336033836,-1.1540110486465402,-1.0824702313775512,-0.4589807966518634,1.156936827524759,47.71927535212521,104821.2153510162
21,20.0,40931,-0.20381558,0.08747255,0.13936874,-1.0193519770438335,-0.9937359306850448,-0.8947164454434742,-1.1428822968280548,-1.0812084831711957,-0.6912788151269998,3.3916878047953047,46.38231612629131,104821.2153510162
22,21.0,48373,-0.31972566,0.0590127,0.13936874,-1.0206826381700613,-0.9947356975531113,-0.8947164454434742,-1.1428822968280548,-1.0537483970884234,-0.6263211137468537,1.9589328829864834,42.69603237179033,104821.2153510162
23,22.0,55815,-0.31972566,0.029978229,0.13936874,-1.0220317640680932,-0.9956974132525593,-0.8947164454434742,-1.1428822968280548,-1.025675641568041,-0.6263211137468537,1.9589328829864834,37.73883518330561,104821.2153510162
24,23.0,63257,-0.31972566,0.007483732,0.13936874,-1.0234236292040733,-0.9966345820820876,-0.8947164454434742,-1.1428822968280548,-1.004118311503093,-0.6263211137468537,1.9589328829864834,33.93592658565111,104821.2153510162
25,24.0,70699,-0.31972566,-0.010536033,0.13936874,-1.024815628226132,-0.9975550170936629,-0.8947164454434742,-1.1428822968280548,-0.9870189827594912,-0.6263211137468537,1.9589328829864834,30.92321668216226,104821.2153510162
26,25.0,78141,-0.31972566,-0.025359541,0.13936874,-1.026207627248191,-0.9984635129878852,-0.8947164454434742,-1.1428822968280548,-0.9731039696694693,-0.6263211137468537,1.9589328829864834,28.47529330464219,104821.2153510162
27,26.0,85583,-0.31972566,-0.037820585,0.13936874,-1.0275996262702498,-0.999363145652915,-0.8947164454434742,-1.1428822968280548,-0.9615425566065485,-0.6263211137468537,1.9589328829864834,26.445128879387987,104821.2153510162
28,27.0,93025,-0.31972566,-0.048486147,0.13936874,-1.0289916252923088,-1.0002559642142959,-0.8947164454434742,-1.1428822968280548,-0.9517698142840283,-0.6263211137468537,1.9589328829864834,24.732727981723407,104821.2153510162
29,28.0,96746,-0.31972566,-0.06411213,0.11917236,-1.0303841338740982,-1.0020057388322612,-0.9261492096520008,-1.13262371402884,-0.937893609453435,-0.6263211137468537,1.9589328829864834,23.517488330667433,104821.2153510162
30,29.0,104188,-0.31972566,-0.072111025,0.11917236,-1.0317774803004998,-1.0028591252758536,-0.9261492096520008,-1.13262371402884,-0.9307480988220568,-0.6263211137468537,1.9589328829864834,22.185726845236886,104821.2153510162
31,30.0,111630,-0.31972566,-0.079208605,0.11917236,-1.033170826726901,-1.0037130726078565,-0.9261492096520008,-1.13262371402884,-0.9245044647009015,-0.6263211137468537,1.9589328829864834,21.026243807242764,104821.2153510162
32,31.0,119072,-0.31972566,-0.074554235,0.11917236,-1.0345629561977177,-1.0045670091633383,-0.9261492096520008,-1.13262371402884,-0.9300127785500554,-0.6263211137468537,1.9589328829864834,21.291907036778063,104821.2153510162
33,32.0,126514,-0.31972566,-0.06712222,0.11917236,-1.0359538687129501,-1.00541948352439,-0.9261492096520008,-1.13262371402884,-0.9382972668969728,-0.6263211137468537,1.9589328829864834,22.22883279245432,104821.2153510162
34,33.0,133956,-0.31972566,-0.06063939,0.11917236,-1.0373553048519422,-1.0062705204313331,-0.9261492096520008,-1.13262371402884,-0.9456311345650316,-0.6263211137468537,1.9589328829864834,32.16137086365904,147540.54311266742
35,34.0,141398,-0.31972566,-0.06423555,0.11917236,-1.0387721814803732,-1.0071207944322396,-0.9261492096520008,-1.13262371402884,-0.9428852471780064,-0.6263211137468537,1.9589328829864834,30.980902520688854,147540.54311266742
36,35.0,145119,-0.31972566,-0.07466176,0.11786445,-1.0402190465305328,-1.008394293321698,-0.9280222384536204,-1.1319639269415687,-0.9337325364609073,-0.6263211137468537,1.9589328829864834,29.832513092856864,147540.54311266742
37,36.0,145119,-0.31972566,-0.08909629,0.11525201,-1.0416715858936891,-1.0100925181240008,-0.9317682960568596,-1.1306497935394146,-0.9209962323184769,-0.6263211137468537,1.9589328829864834,28.04267444006138,147540.54311266742
38,37.0,145119,-0.31972566,-0.10354381,0.11264404,-1.043124125256845,-1.0117935404900438,-0.9353930183686098,-1.1293415373459745,-0.9082497332073288,-0.6263211137468537,1.9589328829864834,26.972511510097238,147540.54311266742
39,38.0,145119,-0.31972566,-0.11800433,0.110040516,-1.0445777058690562,-1.0134973969946526,-0.9389836497040918,-1.128037729149151,-0.895493074400887,-0.6263211137468537,1.9589328829864834,20.223580826348293,147540.54311266742
40,39.0,145119,-0.31972566,-0.13247783,0.10744143,-1.0460314358099339,-1.0152040538854594,-0.9425898220481833,-1.1267658277685306,-0.882726220832981,-0.6263211137468537,1.9589328829864834,19.185161160474205,147540.54311266742
41,40.0,145119,-0.31972566,-0.14395152,0.076142006,-1.0474851657508115,-1.0169134565912499,-0.9460467762167176,-1.1107049618201046,-0.8729619370796036,-0.6263211137468537,1.9589328829864834,17.850826095420757,147540.54311266742
42,41.0,145119,-0.31504187,-0.14638987,0.076142006,-1.0489388956916892,-1.0186235333648068,-0.9492523673703608,-1.1107049618201046,-0.872233656305228,-0.6342104974915919,2.013099077070746,17.774906719900667,147540.54311266742
43,42.0,145119,-0.31077552,-0.14882807,0.076142006,-1.050392625632567,-1.0203335421100412,-0.9524579585240041,-1.1107049618201046,-0.8715054618807327,-0.6416824401066457,2.06477795733219,17.701535350727998,147540.54311266742
44,43.0,145119,-0.30689254,-0.15126611,0.076142006,-1.0518463555734445,-1.0220434316672935,-0.9556635496776474,-1.1107049618201046,-0.8707773012475137,-0.6487710056465043,2.1140005460043616,17.630575993524122,147540.54311266742
45,44.0,145119,-0.30336234,-0.14466229,0.076142006,-1.0533068194773547,-1.0237527368877397,-0.9588691408312908,-1.1107049618201046,-0.8790904530998339,-0.6555068010962597,2.160804804145451,25.22870683394687,147540.54311266742
46,45.0,145119,-0.30015716,-0.13503233,0.076142006,-1.0547740173442974,-1.0254602024244015,-0.9620065586327834,-1.1107049618201046,-0.8904278708694094,-0.6618493990659041,2.205009535741008,29.622406414020578,147540.54311266742
47,46.0,145119,-0.29725197,-0.1253891,0.076142006,-1.0562412152112401,-1.0271658835142117,-0.9650758030818811,-1.1107049618201046,-0.9017767877982232,-0.6678238335059992,2.246659069942742,36.725679465792,147540.54311266742
48,47.0,145119,-0.294624,-0.115732566,0.076142006,-1.0577084130781829,-1.0288697755044776,-0.9681450475309787,-1.1107049618201046,-0.9131371977933298,-0.6735210467432438,2.286035913375873,42.41638013002261,147540.54311266742
49,48.0,145119,-0.29225257,-0.10606277,0.076142006,-1.0591756109451256,-1.0305718193997586,-0.9712142919800766,-1.1107049618201046,-0.924509040401107,-0.6789617215893753,2.3232018821312583,49.24845906613999,147540.54311266742
50,49.0,141398,-0.2901188,-0.09920363,0.076142006,-1.059909209878597,-1.031847995215368,-0.9742835364291741,-1.1107049618201046,-0.9326443678342334,-0.6841647229144646,2.358222531748278,55.123079012010464,147540.54311266742
51,50.0,133956,-0.28427428,-0.09798919,0.076142006,-1.059909209878597,-1.0326992278961582,-0.977190506777713,-1.1107049618201046,-0.9347100501160507,-0.7010440449789481,2.4660832657925247,57.57912666381695,147540.54311266742
52,51.0,126514,-0.28427428,-0.106865056,0.073589966,-1.059909209878597,-1.0335510515791033,-0.9799329206478797,-1.1095438344140534,-0.926685998701632,-0.7010440449789481,2.4660832657925247,58.99541611594517,147540.54311266742
53,52.0,119072,-0.28427428,-0.11671157,0.07104205,-1.059909209878597,-1.0344043048923806,-0.9826256228490433,-1.1083868346296528,-0.9176927266276209,-0.7010440449789481,2.4660832657925247,50.34942893371426,99660.51051658223
54,53.0,111630,-0.28427428,-0.123806216,0.040342737,-1.059909209878597,-1.0352594596731284,-0.9853183250502067,-1.0936495564666144,-0.9114532322954199,-0.7010440449789481,2.4660832657925247,51.597463618441296,99660.51051658223
55,54.0,104188,-0.2831756,-0.11915273,0.040342737,-1.059909209878597,-1.0361148311236945,-0.9880110272513704,-1.0936495564666144,-0.9169620943180872,-0.7048354395972566,2.4890402645095993,54.96221914830191,99660.51051658223
56,55.0,96746,-0.28223526,-0.11359277,0.040342737,-1.059909209878597,-1.0369697127057897,-0.9907037294525339,-1.0936495564666144,-0.923376940096056,-0.7084684646743967,2.510205325444777,58.84977527727192,99660.51051658223
57,56.0,89304,-0.28144318,-0.10689974,0.040342737,-1.059909209878597,-1.037824007610507,-0.9933964316536974,-1.0936495564666144,-0.9309242789635733,-0.7119532529999804,2.5296518338287943,63.39066389233732,99660.51051658223
58,57.0,81862,-0.28078994,-0.098764606,0.040342737,-1.059909209878597,-1.0386775771362213,-0.996089133854861,-1.0936495564666144,-0.9399129807886281,-0.7152991923055598,2.5474530474944648,68.76289180735745,99660.51051658223
59,58.0,74420,-0.2802669,-0.088754766,0.040342737,-1.059909209878597,-1.0395302110674802,-0.9987409814365676,-1.0936495564666144,-0.9507754474785702,-0.7184740706451705,2.563535126627672,75.21567751208535,99660.51051658223
60,59.0,66978,-0.27986598,-0.07624535,0.040342737,-1.059909209878597,-1.0403817295032067,-1.0013519743988177,-1.0936495564666144,-0.9641363835366338,-0.7214859942505023,2.5779696191303767,83.10901335640276,99660.51051658223
61,60.0,59536,-0.27957967,-0.060299024,0.040342737,-1.059909209878597,-1.041231818001051,-1.0039629673610677,-1.0936495564666144,-0.9809328012205416,-0.7243832981239309,2.5909727273821037,92.98289762609726,99660.51051658223
62,61.0,52094,-0.27940106,-0.039442837,0.040342737,-1.059909209878597,-1.0420800010592763,-1.0065739603233177,-1.0936495564666144,-1.0026371673233474,-0.7271728964042503,2.6026131976894926,105.68590976878116,99660.51051658223
63,62.0,44652,-0.27932358,-0.011221893,0.040342737,-1.059909209878597,-1.042925416464433,-1.009184953285568,-1.0936495564666144,-1.0317035235984127,-0.7298613754047085,2.612960140858636,122.63236022055325,99660.51051658223
64,63.0,37210,-0.045455188,0.017032634,0.040342737,-1.059909209878597,-1.0437665038331934,-1.0116566040922488,-1.0936495564666144,-1.0607991372291345,-0.9673163214136447,21.487026187993276,145.72561915012932,99660.51051658223
65,64.0,29768,-0.045455188,0.015922876,0.03783814,-1.059909209878597,-1.044606203634749,-1.0139889127433608,-1.0926121559842243,-1.0605290794018714,-0.9695431633711169,21.487026187993276,134.44844543732594,46863.57666320052
66,65.0,22326,-0.045455188,0.014813162,0.0353373,-1.059909209878597,-1.0454458318039586,-1.016321221394473,-1.0915785143197454,-1.0602589934650601,-0.9716850910615262,21.487026187993276,131.92630257356865,24428.80957648426
67,66.0,14884,-0.045455188,0.013703491,0.03284019,-1.059909209878597,-1.0462853213964682,-1.018653530045585,-1.0905486016708552,-1.0599888121684322,-0.9737465375803274,21.487026187993276,143.3247525432528,24428.80957648426
68,67.0,7442,-0.045455188,0.012593863,0.03034678,-1.059909209878597,-1.0471247553356873,-1.0209774755281518,-1.0895223900978765,-1.0597186180383042,-0.975731652900913,21.487026187993276,159.48067043707078,24428.80957648426
69,68.0,3721,-0.06427445,-0.032209903,-0.01988036,-1.089635112311001,-1.0809680116731788,-1.0654298899977392,-1.0697547523186162,-1.0487581093461706,-1.00132325683804,15.578868678253102,35.58391611979851,53.809626824080716
70,69.0,3721,-0.06427445,-0.032209903,-0.01988036,-1.089635112311001,-1.0809680116731788,-1.0654298899977392,-1.0697547523186162,-1.0487581093461706,-1.00132325683804,15.578868678253102,35.58391611979851,53.809626824080716
71,70.0,3721,-0.06427445,-0.032209903,-0.01988036,-1.089635112311001,-1.0809680116731788,-1.0654298899977392,-1.0697547523186162,-1.0487581093461706,-1.00132325683804,15.578868678253102,35.58391611979851,53.809626824080716
72,71.0,3721,-0.06427445,-0.032209903,-0.01988036,-1.089635112311001,-1.0809680116731788,-1.0654298899977392,-1.0697547523186162,-1.0487581093461706,-1.00132325683804,15.578868678253102,35.58391611979851,53.809626824080716
73,72.0,3721,-0.06427445,-0.032209903,-0.01988036,-1.089635112311001,-1.0809680116731788,-1.0654298899977392,-1.0697547523186162,-1.0487581093461706,-1.00132325683804,15.578868678253102,35.58391611979851,53.809626824080716
74,73.0,3721,-0.06427445,-0.032209903,-0.01988036,-1.089635112311001,-1.0809680116731788,-1.0654298899977392,-1.0697547523186162,-1.0487581093461706,-1.00132325683804,15.578868678253102,35.58391611979851,53.809626824080716
75,74.0,3721,-0.06427445,-0.032209903,-0.01988036,-1.089635112311001,-1.0809680116731788,-1.0654298899977392,-1.0697547523186162,-1.0487581093461706,-1.00132325683804,15.578868678253102,35.58391611979851,53.809626824080716
76,75.0,3721,-0.06427445,-0.032209903,-0.01988036,-1.089635112311001,-1.0809680116731788,-1.0654298899977392,-1.0697547523186162,-1.0487581093461706,-1.00132325683804,15.578868678253102,35.58391611979851,53.809626824080716
77,76.0,3721,-0.06427445,-0.032209903,-0.01988036,-1.089635112311001,-1.0809680116731788,-1.0654298899977392,-1.0697547523186162,-1.0487581093461706,-1.00132325683804,15.578868678253102,35.58391611979851,53.809626824080716
78,77.0,3721,-0.06427445,-0.032209903,-0.01988036,-1.089635112311001,-1.0809680116731788,-1.0654298899977392,-1.0697547523186162,-1.0487581093461706,-1.00132325683804,15.578868678253102,35.58391611979851,53.809626824080716
79,78.0,3721,-0.06427445,-0.032209903,-0.01988036,-1.089635112311001,-1.0809680116731788,-1.0654298899977392,-1.0697547523186162,-1.0487581093461706,-1.00132325683804,15.578868678253102,35.58391611979851,53.809626824080716
80,79.0,3721,-0.06427445,-0.032209903,-0.01988036,-1.089635112311001,-1.0809680116731788,-1.0654298899977392,-1.0697547523186162,-1.0487581093461706,-1.00132325683804,15.578868678253102,35.58391611979851,53.809626824080716
81,80.0,3721,-0.06427445,-0.032209903,-0.01988036,-1.089635112311001,-1.0809680116731788,-1.0654298899977392,-1.0697547523186162,-1.0487581093461706,-1.00132325683804,15.578868678253102,35.58391611979851,53.809626824080716
82,81.0,3721,-0.06427445,-0.032209903,-0.01988036,-1.089635112311001,-1.0809680116731788,-1.0654298899977392,-1.0697547523186162,-1.0487581093461706,-1.00132325683804,15.578868678253102,35.58391611979851,53.809626824080716
83,82.0,3721,-0.06427445,-0.032209903,-0.01988036,-1.089635112311001,-1.0809680116731788,-1.0654298899977392,-1.0697547523186162,-1.0487581093461706,-1.00132325683804,15.578868678253102,35.58391611979851,53.809626824080716
84,83.0,3721,-0.06427445,-0.032209903,-0.01988036,-1.089635112311001,-1.0809680116731788,-1.0654298899977392,-1.0697547523186162,-1.0487581093461706,-1.00132325683804,15.578868678253102,35.58391611979851,53.809626824080716
85,84.0,3721,-0.06427445,-0.032209903,-0.01988036,-1.089635112311001,-1.0809680116731788,-1.0654298899977392,-1.0697547523186162,-1.0487581093461706,-1.00132325683804,15.578868678253102,35.58391611979851,53.809626824080716
86,85.0,3721,-0.06427445,-0.032209903,-0.01988036,-1.089635112311001,-1.0809680116731788,-1.0654298899977392,-1.0697547523186162,-1.0487581093461706,-1.00132325683804,15.578868678253102,35.58391611979851,53.809626824080716
87,86.0,3721,-0.06427445,-0.032209903,-0.01988036,-1.089635112311001,-1.0809680116731788,-1.0654298899977392,-1.0697547523186162,-1.0487581093461706,-1.00132325683804,15.578868678253102,35.58391611979851,53.809626824080716
88,87.0,3721,-0.06427445,-0.032209903,-0.01988036,-1.089635112311001,-1.0809680116731788,-1.0654298899977392,-1.0697547523186162,-1.0487581093461706,-1.00132325683804,15.578868678253102,35.58391611979851,53.809626824080716
89,88.0,3721,-0.095316365,-0.07641976,-0.067648076,-1.1203963288892245,-1.1144287018441916,-1.1045535099929977,-1.0527451285426894,-1.0380089398045649,-1.0092709586871087,10.588642935159623,13.69228951460652,15.562085402060045
90,89.0,3721,-0.095316365,-0.07641976,-0.067648076,-1.1203963288892245,-1.1144287018441916,-1.1045535099929977,-1.0527451285426894,-1.0380089398045649,-1.0092709586871087,10.588642935159623,13.69228951460652,15.562085402060045
91,90.0,3721,-0.095316365,-0.07641976,-0.067648076,-1.1203963288892245,-1.1144287018441916,-1.1045535099929977,-1.0527451285426894,-1.0380089398045649,-1.0092709586871087,10.588642935159623,13.69228951460652,15.562085402060045
92,91.0,3721,-0.095316365,-0.07641976,-0.067648076,-1.1203963288892245,-1.1144287018441916,-1.1045535099929977,-1.0527451285426894,-1.0380089398045649,-1.0092709586871087,10.588642935159623,13.69228951460652,15.562085402060045
93,92.0,3721,-0.095316365,-0.07641976,-0.067648076,-1.1203963288892245,-1.1144287018441916,-1.1045535099929977,-1.0527451285426894,-1.0380089398045649,-1.0092709586871087,10.588642935159623,13.69228951460652,15.562085402060045
94,93.0,3721,-0.095316365,-0.07641976,-0.067648076,-1.1203963288892245,-1.1144287018441916,-1.1045535099929977,-1.0527451285426894,-1.0380089398045649,-1.0092709586871087,10.588642935159623,13.69228951460652,15.562085402060045
95,94.0,3721,-0.095316365,-0.07641976,-0.067648076,-1.1203963288892245,-1.1144287018441916,-1.1045535099929977,-1.0527451285426894,-1.0380089398045649,-1.0092709586871087,10.588642935159623,13.69228951460652,15.562085402060045
96,95.0,3721,-0.095316365,-0.07641976,-0.067648076,-1.1203963288892245,-1.1144287018441916,-1.1045535099929977,-1.0527451285426894,-1.0380089398045649,-1.0092709586871087,10.588642935159623,13.69228951460652,15.562085402060045
97,96.0,3721,-0.095316365,-0.07641976,-0.067648076,-1.1203963288892245,-1.1144287018441916,-1.1045535099929977,-1.0527451285426894,-1.0380089398045649,-1.0092709586871087,10.588642935159623,13.69228951460652,15.562085402060045
98,97.0,3721,-0.095316365,-0.07641976,-0.067648076,-1.1203963288892245,-1.1144287018441916,-1.1045535099929977,-1.0527451285426894,-1.0380089398045649,-1.0092709586871087,10.588642935159623,13.69228951460652,15.562085402060045
99,98.0,3721,-0.095316365,-0.07641976,-0.067648076,-1.1203963288892245,-1.1144287018441916,-1.1045535099929977,-1.0527451285426894,-1.0380089398045649,-1.0092709586871087,10.588642935159623,13.69228951460652,15.562085402060045
100,99.0,3721,-0.095316365,-0.07641976,-0.067648076,-1.1203963288892245,-1.1144287018441916,-1.1045535099929977,-1.0527451285426894,-1.0380089398045649,-1.0092709586871087,10.588642935159623,13.69228951460652,15.562085402060045
101,100.0,3721,-0.095316365,-0.07641976,-0.067648076,-1.1203963288892245,-1.1144287018441916,-1.1045535099929977,-1.0527451285426894,-1.0380089398045649,-1.0092709586871087,10.588642935159623,13.69228951460652,15.562085402060045
102,101.0,3721,-0.095316365,-0.07641976,-0.067648076,-1.1203963288892245,-1.1144287018441916,-1.1045535099929977,-1.0527451285426894,-1.0380089398045649,-1.0092709586871087,10.588642935159623,13.69228951460652,15.562085402060045
103,102.0,3721,-0.095316365,-0.07641976,-0.067648076,-1.1203963288892245,-1.1144287018441916,-1.1045535099929977,-1.0527451285426894,-1.0380089398045649,-1.0092709586871087,10.588642935159623,13.69228951460652,15.562085402060045
104,103.0,3721,-0.095316365,-0.07641976,-0.067648076,-1.1203963288892245,-1.1144287018441916,-1.1045535099929977,-1.0527451285426894,-1.0380089398045649,-1.0092709586871087,10.588642935159623,13.69228951460652,15.562085402060045
105,104.0,3721,-0.095316365,-0.07641976,-0.067648076,-1.1203963288892245,-1.1144287018441916,-1.1045535099929977,-1.0527451285426894,-1.0380089398045649,-1.0092709586871087,10.588642935159623,13.69228951460652,15.562085402060045
106,105.0,3721,-0.095316365,-0.07641976,-0.067648076,-1.1203963288892245,-1.1144287018441916,-1.1045535099929977,-1.0527451285426894,-1.0380089398045649,-1.0092709586871087,10.588642935159623,13.69228951460652,15.562085402060045
107,106.0,3721,-0.095316365,-0.07641976,-0.067648076,-1.1203963288892245,-1.1144287018441916,-1.1045535099929977,-1.0527451285426894,-1.0380089398045649,-1.0092709586871087,10.588642935159623,13.69228951460652,15.562085402060045
108,107.0,3721,-0.095316365,-0.07641976,-0.067648076,-1.1203963288892245,-1.1144287018441916,-1.1045535099929977,-1.0527451285426894,-1.0380089398045649,-1.0092709586871087,10.588642935159623,13.69228951460652,15.562085402060045
109,108.0,3721,-0.13210462,-0.12060068,-0.11444335,-1.1520347516856133,-1.1479093400644704,-1.1416759318477323,-1.0375914048275887,-1.0273086610506574,-1.0095803528173095,7.642278901662526,8.531150136578546,9.06641961559196
110,109.0,3721,-0.13210462,-0.12060068,-0.11444335,-1.1520347516856133,-1.1479093400644704,-1.1416759318477323,-1.0375914048275887,-1.0273086610506574,-1.0095803528173095,7.642278901662526,8.531150136578546,9.06641961559196
111,110.0,3721,-0.13210462,-0.12060068,-0.11444335,-1.1520347516856133,-1.1479093400644704,-1.1416759318477323,-1.0375914048275887,-1.0273086610506574,-1.0095803528173095,7.642278901662526,8.531150136578546,9.06641961559196
112,111.0,3721,-0.13210462,-0.12060068,-0.11444335,-1.1520347516856133,-1.1479093400644704,-1.1416759318477323,-1.0375914048275887,-1.0273086610506574,-1.0095803528173095,7.642278901662526,8.531150136578546,9.06641961559196
113,112.0,3721,-0.13210462,-0.12060068,-0.11444335,-1.1520347516856133,-1.1479093400644704,-1.1416759318477323,-1.0375914048275887,-1.0273086610506574,-1.0095803528173095,7.642278901662526,8.531150136578546,9.06641961559196
114,113.0,3721,-0.13210462,-0.12060068,-0.11444335,-1.1520347516856133,-1.1479093400644704,-1.1416759318477323,-1.0375914048275887,-1.0273086610506574,-1.0095803528173095,7.642278901662526,8.531150136578546,9.06641961559196
115,114.0,3721,-0.13210462,-0.12060068,-0.11444335,-1.1520347516856133,-1.1479093400644704,-1.1416759318477323,-1.0375914048275887,-1.0273086610506574,-1.0095803528173095,7.642278901662526,8.531150136578546,9.06641961559196
116,115.0,3721,-0.13210462,-0.12060068,-0.11444335,-1.1520347516856133,-1.1479093400644704,-1.1416759318477323,-1.0375914048275887,-1.0273086610506574,-1.0095803528173095,7.642278901662526,8.531150136578546,9.06641961559196
117,116.0,3721,-0.13210462,-0.12060068,-0.11444335,-1.1520347516856133,-1.1479093400644704,-1.1416759318477323,-1.0375914048275887,-1.0273086610506574,-1.0095803528173095,7.642278901662526,8.531150136578546,9.06641961559196
118,117.0,3721,-0.13210462,-0.12060068,-0.11444335,-1.1520347516856133,-1.1479093400644704,-1.1416759318477323,-1.0375914048275887,-1.0273086610506574,-1.0095803528173095,7.642278901662526,8.531150136578546,9.06641961559196
119,118.0,3721,-0.13210462,-0.12060068,-0.11444335,-1.1520347516856133,-1.1479093400644704,-1.1416759318477323,-1.0375914048275887,-1.0273086610506574,-1.0095803528173095,7.642278901662526,8.531150136578546,9.06641961559196
120,119.0,3721,-0.13210462,-0.12060068,-0.11444335,-1.1520347516856133,-1.1479093400644704,-1.1416759318477323,-1.0375914048275887,-1.0273086610506574,-1.0095803528173095,7.642278901662526,8.531150136578546,9.06641961559196
121,120.0,3721,-0.13210462,-0.12060068,-0.11444335,-1.1520347516856133,-1.1479093400644704,-1.1416759318477323,-1.0375914048275887,-1.0273086610506574,-1.0095803528173095,7.642278901662526,8.531150136578546,9.06641961559196
122,121.0,3721,-0.13210462,-0.12060068,-0.11444335,-1.1520347516856133,-1.1479093400644704,-1.1416759318477323,-1.0375914048275887,-1.0273086610506574,-1.0095803528173095,7.642278901662526,8.531150136578546,9.06641961559196
123,122.0,3721,-0.13210462,-0.12060068,-0.11444335,-1.1520347516856133,-1.1479093400644704,-1.1416759318477323,-1.0375914048275887,-1.0273086610506574,-1.0095803528173095,7.642278901662526,8.531150136578546,9.06641961559196
124,123.0,3721,-0.13210462,-0.12060068,-0.11444335,-1.1520347516856133,-1.1479093400644704,-1.1416759318477323,-1.0375914048275887,-1.0273086610506574,-1.0095803528173095,7.642278901662526,8.531150136578546,9.06641961559196
125,124.0,3721,-0.13210462,-0.12060068,-0.11444335,-1.1520347516856133,-1.1479093400644704,-1.1416759318477323,-1.0375914048275887,-1.0273086610506574,-1.0095803528173095,7.642278901662526,8.531150136578546,9.06641961559196
126,125.0,3721,-0.13210462,-0.12060068,-0.11444335,-1.1520347516856133,-1.1479093400644704,-1.1416759318477323,-1.0375914048275887,-1.0273086610506574,-1.0095803528173095,7.642278901662526,8.531150136578546,9.06641961559196
127,126.0,3721,-0.13210462,-0.12060068,-0.11444335,-1.1520347516856133,-1.1479093400644704,-1.1416759318477323,-1.0375914048275887,-1.0273086610506574,-1.0095803528173095,7.642278901662526,8.531150136578546,9.06641961559196
128,127.0,3721,-0.13210462,-0.12060068,-0.11444335,-1.1520347516856133,-1.1479093400644704,-1.1416759318477323,-1.0375914048275887,-1.0273086610506574,-1.0095803528173095,7.642278901662526,8.531150136578546,9.06641961559196
129,128.0,3721,-0.1719105,-0.16476093,-0.16048743,-1.184235911546576,-1.1814181020817671,-1.177443138797215,-1.0237484832390427,-1.016657177560439,-1.0055584977459227,5.849436896531476,6.172794465817024,6.378994878510294
130,129.0,3721,-0.1719105,-0.16476093,-0.16048743,-1.184235911546576,-1.1814181020817671,-1.177443138797215,-1.0237484832390427,-1.016657177560439,-1.0055584977459227,5.849436896531476,6.172794465817024,6.378994878510294
131,130.0,3721,-0.1719105,-0.16476093,-0.16048743,-1.184235911546576,-1.1814181020817671,-1.177443138797215,-1.0237484832390427,-1.016657177560439,-1.0055584977459227,5.849436896531476,6.172794465817024,6.378994878510294
132,131.0,3721,-0.1719105,-0.16476093,-0.16048743,-1.184235911546576,-1.1814181020817671,-1.177443138797215,-1.0237484832390427,-1.016657177560439,-1.0055584977459227,5.849436896531476,6.172794465817024,6.378994878510294
133,132.0,3721,-0.1719105,-0.16476093,-0.16048743,-1.184235911546576,-1.1814181020817671,-1.177443138797215,-1.0237484832390427,-1.016657177560439,-1.0055584977459227,5.849436896531476,6.172794465817024,6.378994878510294
134,133.0,3721,-0.1719105,-0.16476093,-0.16048743,-1.184235911546576,-1.1814181020817671,-1.177443138797215,-1.0237484832390427,-1.016657177560439,-1.0055584977459227,5.849436896531476,6.172794465817024,6.378994878510294
135,134.0,3721,-0.1719105,-0.16476093,-0.16048743,-1.184235911546576,-1.1814181020817671,-1.177443138797215,-1.0237484832390427,-1.016657177560439,-1.0055584977459227,5.849436896531476,6.172794465817024,6.378994878510294
136,135.0,3721,-0.1719105,-0.16476093,-0.16048743,-1.184235911546576,-1.1814181020817671,-1.177443138797215,-1.0237484832390427,-1.016657177560439,-1.0055584977459227,5.849436896531476,6.172794465817024,6.378994878510294
137,136.0,3721,-0.1719105,-0.16476093,-0.16048743,-1.184235911546576,-1.1814181020817671,-1.177443138797215,-1.0237484832390427,-1.016657177560439,-1.0055584977459227,5.849436896531476,6.172794465817024,6.378994878510294
138,137.0,3721,-0.1719105,-0.16476093,-0.16048743,-1.184235911546576,-1.1814181020817671,-1.177443138797215,-1.0237484832390427,-1.016657177560439,-1.0055584977459227,5.849436896531476,6.172794465817024,6.378994878510294
139,138.0,3721,-0.1719105,-0.16476093,-0.16048743,-1.184235911546576,-1.1814181020817671,-1.177443138797215,-1.0237484832390427,-1.016657177560439,-1.0055584977459227,5.849436896531476,6.172794465817024,6.378994878510294
140,139.0,3721,-0.1719105,-0.16476093,-0.16048743,-1.184235911546576,-1.1814181020817671,-1.177443138797215,-1.0237484832390427,-1.016657177560439,-1.0055584977459227,5.849436896531476,6.172794465817024,6.378994878510294
141,140.0,3721,-0.1719105,-0.16476093,-0.16048743,-1.184235911546576,-1.1814181020817671,-1.177443138797215,-1.0237484832390427,-1.016657177560439,-1.0055584977459227,5.849436896531476,6.172794465817024,6.378994878510294
142,141.0,3721,-0.1719105,-0.16476093,-0.16048743,-1.184235911546576,-1.1814181020817671,-1.177443138797215,-1.0237484832390427,-1.016657177560439,-1.0055584977459227,5.849436896531476,6.172794465817024,6.378994878510294
143,142.0,3721,-0.1719105,-0.16476093,-0.16048743,-1.184235911546576,-1.1814181020817671,-1.177443138797215,-1.0237484832390427,-1.016657177560439,-1.0055584977459227,5.849436896531476,6.172794465817024,6.378994878510294
144,143.0,3721,-0.1719105,-0.16476093,-0.16048743,-1.184235911546576,-1.1814181020817671,-1.177443138797215,-1.0237484832390427,-1.016657177560439,-1.0055584977459227,5.849436896531476,6.172794465817024,6.378994878510294
145,144.0,3721,-0.1719105,-0.16476093,-0.16048743,-1.184235911546576,-1.1814181020817671,-1.177443138797215,-1.0237484832390427,-1.016657177560439,-1.0055584977459227,5.849436896531476,6.172794465817024,6.378994878510294
146,145.0,3721,-0.1719105,-0.16476093,-0.16048743,-1.184235911546576,-1.1814181020817671,-1.177443138797215,-1.0237484832390427,-1.016657177560439,-1.0055584977459227,5.849436896531476,6.172794465817024,6.378994878510294
147,146.0,3721,-0.1719105,-0.16476093,-0.16048743,-1.184235911546576,-1.1814181020817671,-1.177443138797215,-1.0237484832390427,-1.016657177560439,-1.0055584977459227,5.849436896531476,6.172794465817024,6.378994878510294
148,147.0,3721,-0.1719105,-0.16476093,-0.16048743,-1.184235911546576,-1.1814181020817671,-1.177443138797215,-1.0237484832390427,-1.016657177560439,-1.0055584977459227,5.849436896531476,6.172794465817024,6.378994878510294
149,148.0,3721,-0.21341226,-0.20890678,-0.20596859,-1.2168050473402419,-1.214926444700211,-1.2124037031078345,-1.01083645874962,-1.0060196648640956,-0.9989951630430969,4.681058090196773,4.816147646547336,4.907721442703738
150,149.0,3721,-0.21341226,-0.20890678,-0.20596859,-1.2168050473402419,-1.214926444700211,-1.2124037031078345,-1.01083645874962,-1.0060196648640956,-0.9989951630430969,4.681058090196773,4.816147646547336,4.907721442703738
151,150.0,3721,-0.21341226,-0.20890678,-0.20596859,-1.2168050473402419,-1.214926444700211,-1.2124037031078345,-1.01083645874962,-1.0060196648640956,-0.9989951630430969,4.681058090196773,4.816147646547336,4.907721442703738
152,151.0,3721,-0.21341226,-0.20890678,-0.20596859,-1.2168050473402419,-1.214926444700211,-1.2124037031078345,-1.01083645874962,-1.0060196648640956,-0.9989951630430969,4.681058090196773,4.816147646547336,4.907721442703738
153,152.0,3721,-0.21341226,-0.20890678,-0.20596859,-1.2168050473402419,-1.214926444700211,-1.2124037031078345,-1.01083645874962,-1.0060196648640956,-0.9989951630430969,4.681058090196773,4.816147646547336,4.907721442703738
154,153.0,3721,-0.21341226,-0.20890678,-0.20596859,-1.2168050473402419,-1.214926444700211,-1.2124037031078345,-1.01083645874962,-1.0060196648640956,-0.9989951630430969,4.681058090196773,4.816147646547336,4.907721442703738
155,154.0,3721,-0.21341226,-0.20890678,-0.20596859,-1.2168050473402419,-1.214926444700211,-1.2124037031078345,-1.01083645874962,-1.0060196648640956,-0.9989951630430969,4.681058090196773,4.816147646547336,4.907721442703738
156,155.0,3721,-0.21341226,-0.20890678,-0.20596859,-1.2168050473402419,-1.214926444700211,-1.2124037031078345,-1.01083645874962,-1.0060196648640956,-0.9989951630430969,4.681058090196773,4.816147646547336,4.907721442703738
157,156.0,3721,-0.21341226,-0.20890678,-0.20596859,-1.2168050473402419,-1.214926444700211,-1.2124037031078345,-1.01083645874962,-1.0060196648640956,-0.9989951630430969,4.681058090196773,4.816147646547336,4.907721442703738
158,157.0,3721,-0.21341226,-0.20890678,-0.20596859,-1.2168050473402419,-1.214926444700211,-1.2124037031078345,-1.01083645874962,-1.0060196648640956,-0.9989951630430969,4.681058090196773,4.816147646547336,4.907721442703738
159,158.0,3721,-0.21341226,-0.20890678,-0.20596859,-1.2168050473402419,-1.214926444700211,-1.2124037031078345,-1.01083645874962,-1.0060196648640956,-0.9989951630430969,4.681058090196773,4.816147646547336,4.907721442703738
160,159.0,3721,-0.21341226,-0.20890678,-0.20596859,-1.2168050473402419,-1.214926444700211,-1.2124037031078345,-1.01083645874962,-1.0060196648640956,-0.9989951630430969,4.681058090196773,4.816147646547336,4.907721442703738
161,160.0,3721,-0.21341226,-0.20890678,-0.20596859,-1.2168050473402419,-1.214926444700211,-1.2124037031078345,-1.01083645874962,-1.0060196648640956,-0.9989951630430969,4.681058090196773,4.816147646547336,4.907721442703738
162,161.0,3721,-0.21341226,-0.20890678,-0.20596859,-1.2168050473402419,-1.214926444700211,-1.2124037031078345,-1.01083645874962,-1.0060196648640956,-0.9989951630430969,4.681058090196773,4.816147646547336,4.907721442703738
163,162.0,3721,-0.21341226,-0.20890678,-0.20596859,-1.2168050473402419,-1.214926444700211,-1.2124037031078345,-1.01083645874962,-1.0060196648640956,-0.9989951630430969,4.681058090196773,4.816147646547336,4.907721442703738
164,163.0,3721,-0.21341226,-0.20890678,-0.20596859,-1.2168050473402419,-1.214926444700211,-1.2124037031078345,-1.01083645874962,-1.0060196648640956,-0.9989951630430969,4.681058090196773,4.816147646547336,4.907721442703738
165,164.0,3721,-0.21341226,-0.20890678,-0.20596859,-1.2168050473402419,-1.214926444700211,-1.2124037031078345,-1.01083645874962,-1.0060196648640956,-0.9989951630430969,4.681058090196773,4.816147646547336,4.907721442703738
166,165.0,3721,-0.21341226,-0.20890678,-0.20596859,-1.2168050473402419,-1.214926444700211,-1.2124037031078345,-1.01083645874962,-1.0060196648640956,-0.9989951630430969,4.681058090196773,4.816147646547336,4.907721442703738
167,166.0,3721,-0.21341226,-0.20890678,-0.20596859,-1.2168050473402419,-1.214926444700211,-1.2124037031078345,-1.01083645874962,-1.0060196648640956,-0.9989951630430969,4.681058090196773,4.816147646547336,4.907721442703738
168,167.0,3721,-0.21341226,-0.20890678,-0.20596859,-1.2168050473402419,-1.214926444700211,-1.2124037031078345,-1.01083645874962,-1.0060196648640956,-0.9989951630430969,4.681058090196773,4.816147646547336,4.907721442703738
169,168.0,3721,-0.2559098,-0.2530428,-0.2510383,-1.2497222372462715,-1.2484418890994404,-1.246829884928284,-0.9986839243342842,-0.9953990944735577,-0.9909220538106487,3.872153593806962,3.933847381722137,3.978213176904266
170,169.0,3721,-0.2559098,-0.2530428,-0.2510383,-1.2497222372462715,-1.2484418890994404,-1.246829884928284,-0.9986839243342842,-0.9953990944735577,-0.9909220538106487,3.872153593806962,3.933847381722137,3.978213176904266
171,170.0,3721,-0.2559098,-0.2530428,-0.2510383,-1.2497222372462715,-1.2484418890994404,-1.246829884928284,-0.9986839243342842,-0.9953990944735577,-0.9909220538106487,3.872153593806962,3.933847381722137,3.978213176904266
172,171.0,3721,-0.2559098,-0.2530428,-0.2510383,-1.2497222372462715,-1.2484418890994404,-1.246829884928284,-0.9986839243342842,-0.9953990944735577,-0.9909220538106487,3.872153593806962,3.933847381722137,3.978213176904266
173,172.0,3721,-0.2559098,-0.2530428,-0.2510383,-1.2497222372462715,-1.2484418890994404,-1.246829884928284,-0.9986839243342842,-0.9953990944735577,-0.9909220538106487,3.872153593806962,3.933847381722137,3.978213176904266
174,173.0,3721,-0.2559098,-0.2530428,-0.2510383,-1.2497222372462715,-1.2484418890994404,-1.246829884928284,-0.9986839243342842,-0.9953990944735577,-0.9909220538106487,3.872153593806962,3.933847381722137,3.978213176904266
175,174.0,3721,-0.2559098,-0.2530428,-0.2510383,-1.2497222372462715,-1.2484418890994404,-1.246829884928284,-0.9986839243342842,-0.9953990944735577,-0.9909220538106487,3.872153593806962,3.933847381722137,3.978213176904266
176,175.0,3721,-0.2559098,-0.2530428,-0.2510383,-1.2497222372462715,-1.2484418890994404,-1.246829884928284,-0.9986839243342842,-0.9953990944735577,-0.9909220538106487,3.872153593806962,3.933847381722137,3.978213176904266
177,176.0,3721,-0.2559098,-0.2530428,-0.2510383,-1.2497222372462715,-1.2484418890994404,-1.246829884928284,-0.9986839243342842,-0.9953990944735577,-0.9909220538106487,3.872153593806962,3.933847381722137,3.978213176904266
178,177.0,3721,-0.2559098,-0.2530428,-0.2510383,-1.2497222372462715,-1.2484418890994404,-1.246829884928284,-0.9986839243342842,-0.9953990944735577,-0.9909220538106487,3.872153593806962,3.933847381722137,3.978213176904266
179,178.0,3721,-0.2559098,-0.2530428,-0.2510383,-1.2497222372462715,-1.2484418890994404,-1.246829884928284,-0.9986839243342842,-0.9953990944735577,-0.9909220538106487,3.872153593806962,3.933847381722137,3.978213176904266
180,179.0,3721,-0.2559098,-0.2530428,-0.2510383,-1.2497222372462715,-1.2484418890994404,-1.246829884928284,-0.9986839243342842,-0.9953990944735577,-0.9909220538106487,3.872153593806962,3.933847381722137,3.978213176904266
181,180.0,3721,-0.2559098,-0.2530428,-0.2510383,-1.2497222372462715,-1.2484418890994404,-1.246829884928284,-0.9986839243342842,-0.9953990944735577,-0.9909220538106487,3.872153593806962,3.933847381722137,3.978213176904266
182,181.0,3721,-0.2559098,-0.2530428,-0.2510383,-1.2497222372462715,-1.2484418890994404,-1.246829884928284,-0.9986839243342842,-0.9953990944735577,-0.9909220538106487,3.872153593806962,3.933847381722137,3.978213176904266
183,182.0,3721,-0.2559098,-0.2530428,-0.2510383,-1.2497222372462715,-1.2484418890994404,-1.246829884928284,-0.9986839243342842,-0.9953990944735577,-0.9909220538106487,3.872153593806962,3.933847381722137,3.978213176904266
184,183.0,3721,-0.2559098,-0.2530428,-0.2510383,-1.2497222372462715,-1.2484418890994404,-1.246829884928284,-0.9986839243342842,-0.9953990944735577,-0.9909220538106487,3.872153593806962,3.933847381722137,3.978213176904266
185,184.0,3721,-0.2559098,-0.2530428,-0.2510383,-1.2497222372462715,-1.2484418890994404,-1.246829884928284,-0.9986839243342842,-0.9953990944735577,-0.9909220538106487,3.872153593806962,3.933847381722137,3.978213176904266
186,185.0,3721,-0.2559098,-0.2530428,-0.2510383,-1.2497222372462715,-1.2484418890994404,-1.246829884928284,-0.9986839243342842,-0.9953990944735577,-0.9909220538106487,3.872153593806962,3.933847381722137,3.978213176904266
187,186.0,3721,-0.2559098,-0.2530428,-0.2510383,-1.2497222372462715,-1.2484418890994404,-1.246829884928284,-0.9986839243342842,-0.9953990944735577,-0.9909220538106487,3.872153593806962,3.933847381722137,3.978213176904266
188,187.0,3721,-0.2559098,-0.2530428,-0.2510383,-1.2497222372462715,-1.2484418890994404,-1.246829884928284,-0.9986839243342842,-0.9953990944735577,-0.9909220538106487,3.872153593806962,3.933847381722137,3.978213176904266
189,188.0,3721,-0.2990095,-0.29717216,-0.29581332,-1.282821639637096,-1.2819617184606338,-1.2809122142513942,-0.9870083175698352,-0.9847895567889791,-0.9819027123173427,3.2838512019390866,3.3139046837257107,3.336591843370102
190,189.0,3721,-0.2990095,-0.29717216,-0.29581332,-1.282821639637096,-1.2819617184606338,-1.2809122142513942,-0.9870083175698352,-0.9847895567889791,-0.9819027123173427,3.2838512019390866,3.3139046837257107,3.336591843370102
191,190.0,3721,-0.2990095,-0.29717216,-0.29581332,-1.282821639637096,-1.2819617184606338,-1.2809122142513942,-0.9870083175698352,-0.9847895567889791,-0.9819027123173427,3.2838512019390866,3.3139046837257107,3.336591843370102
192,191.0,3721,-0.2990095,-0.29717216,-0.29581332,-1.282821639637096,-1.2819617184606338,-1.2809122142513942,-0.9870083175698352,-0.9847895567889791,-0.9819027123173427,3.2838512019390866,3.3139046837257107,3.336591843370102
193,192.0,3721,-0.2990095,-0.29717216,-0.29581332,-1.282821639637096,-1.2819617184606338,-1.2809122142513942,-0.9870083175698352,-0.9847895567889791,-0.9819027123173427,3.2838512019390866,3.3139046837257107,3.336591843370102
194,193.0,3721,-0.2990095,-0.29717216,-0.29581332,-1.282821639637096,-1.2819617184606338,-1.2809122142513942,-0.9870083175698352,-0.9847895567889791,-0.9819027123173427,3.2838512019390866,3.3139046837257107,3.336591843370102
195,194.0,3721,-0.2990095,-0.29717216,-0.29581332,-1.282821639637096,-1.2819617184606338,-1.2809122142513942,-0.9870083175698352,-0.9847895567889791,-0.9819027123173427,3.2838512019390866,3.3139046837257107,3.336591843370102
196,195.0,3721,-0.2990095,-0.29717216,-0.29581332,-1.282821639637096,-1.2819617184606338,-1.2809122142513942,-0.9870083175698352,-0.9847895567889791,-0.9819027123173427,3.2838512019390866,3.3139046837257107,3.336591843370102
197,196.0,3721,-0.2990095,-0.29717216,-0.29581332,-1.282821639637096,-1.2819617184606338,-1.2809122142513942,-0.9870083175698352,-0.9847895567889791,-0.9819027123173427,3.2838512019390866,3.3139046837257107,3.336591843370102
198,197.0,3721,-0.2990095,-0.29717216,-0.29581332,-1.282821639637096,-1.2819617184606338,-1.2809122142513942,-0.9870083175698352,-0.9847895567889791,-0.9819027123173427,3.2838512019390866,3.3139046837257107,3.336591843370102
199,198.0,3721,-0.2990095,-0.29717216,-0.29581332,-1.282821639637096,-1.2819617184606338,-1.2809122142513942,-0.9870083175698352,-0.9847895567889791,-0.9819027123173427,3.2838512019390866,3.3139046837257107,3.336591843370102
200,199.0,3721,-0.2990095,-0.29717216,-0.29581332,-1.282821639637096,-1.2819617184606338,-1.2809122142513942,-0.9870083175698352,-0.9847895567889791,-0.9819027123173427,3.2838512019390866,3.3139046837257107,3.336591843370102
201,200.0,3721,-0.2990095,-0.29717216,-0.29581332,-1.282821639637096,-1.2819617184606338,-1.2809122142513942,-0.9870083175698352,-0.9847895567889791,-0.9819027123173427,3.2838512019390866,3.3139046837257107,3.336591843370102
202,201.0,3721,-0.2990095,-0.29717216,-0.29581332,-1.282821639637096,-1.2819617184606338,-1.2809122142513942,-0.9870083175698352,-0.9847895567889791,-0.9819027123173427,3.2838512019390866,3.3139046837257107,3.336591843370102
203,202.0,3721,-0.2990095,-0.29717216,-0.29581332,-1.282821639637096,-1.2819617184606338,-1.2809122142513942,-0.9870083175698352,-0.9847895567889791,-0.9819027123173427,3.2838512019390866,3.3139046837257107,3.336591843370102
204,203.0,3721,-0.2990095,-0.29717216,-0.29581332,-1.282821639637096,-1.2819617184606338,-1.2809122142513942,-0.9870083175698352,-0.9847895567889791,-0.9819027123173427,3.2838512019390866,3.3139046837257107,3.336591843370102
205,204.0,3721,-0.2990095,-0.29717216,-0.29581332,-1.282821639637096,-1.2819617184606338,-1.2809122142513942,-0.9870083175698352,-0.9847895567889791,-0.9819027123173427,3.2838512019390866,3.3139046837257107,3.336591843370102
206,205.0,3721,-0.2990095,-0.29717216,-0.29581332,-1.282821639637096,-1.2819617184606338,-1.2809122142513942,-0.9870083175698352,-0.9847895567889791,-0.9819027123173427,3.2838512019390866,3.3139046837257107,3.336591843370102
207,206.0,3721,-0.2990095,-0.29717216,-0.29581332,-1.282821639637096,-1.2819617184606338,-1.2809122142513942,-0.9870083175698352,-0.9847895567889791,-0.9819027123173427,3.2838512019390866,3.3139046837257107,3.336591843370102
208,207.0,3721,-0.2990095,-0.29717216,-0.29581332,-1.282821639637096,-1.2819617184606338,-1.2809122142513942,-0.9870083175698352,-0.9847895567889791,-0.9819027123173427,3.2838512019390866,3.3139046837257107,3.336591843370102
209,208.0,3721,-0.34248078,-0.3412971,-0.3403807,-1.3160546598649494,-1.3154839276561354,-1.314791337049186,-0.9756739614224903,-0.9741868513303872,-0.9723105583550331,2.8390222717384677,2.8543768966778247,2.8664197643610705
210,209.0,3721,-0.34248078,-0.3412971,-0.3403807,-1.3160546598649494,-1.3154839276561354,-1.314791337049186,-0.9756739614224903,-0.9741868513303872,-0.9723105583550331,2.8390222717384677,2.8543768966778247,2.8664197643610705
211,210.0,3721,-0.34248078,-0.3412971,-0.3403807,-1.3160546598649494,-1.3154839276561354,-1.314791337049186,-0.9756739614224903,-0.9741868513303872,-0.9723105583550331,2.8390222717384677,2.8543768966778247,2.8664197643610705
212,211.0,3721,-0.34248078,-0.3412971,-0.3403807,-1.3160546598649494,-1.3154839276561354,-1.314791337049186,-0.9756739614224903,-0.9741868513303872,-0.9723105583550331,2.8390222717384677,2.8543768966778247,2.8664197643610705
213,212.0,3721,-0.34248078,-0.3412971,-0.3403807,-1.3160546598649494,-1.3154839276561354,-1.314791337049186,-0.9756739614224903,-0.9741868513303872,-0.9723105583550331,2.8390222717384677,2.8543768966778247,2.8664197643610705
214,213.0,3721,-0.34248078,-0.3412971,-0.3403807,-1.3160546598649494,-1.3154839276561354,-1.314791337049186,-0.9756739614224903,-0.9741868513303872,-0.9723105583550331,2.8390222717384677,2.8543768966778247,2.8664197643610705
215,214.0,3721,-0.34248078,-0.3412971,-0.3403807,-1.3160546598649494,-1.3154839276561354,-1.314791337049186,-0.9756739614224903,-0.9741868513303872,-0.9723105583550331,2.8390222717384677,2.8543768966778247,2.8664197643610705
216,215.0,3721,-0.34248078,-0.3412971,-0.3403807,-1.3160546598649494,-1.3154839276561354,-1.314791337049186,-0.9756739614224903,-0.9741868513303872,-0.9723105583550331,2.8390222717384677,2.8543768966778247,2.8664197643610705
217,216.0,3721,-0.34248078,-0.3412971,-0.3403807,-1.3160546598649494,-1.3154839276561354,-1.314791337049186,-0.9756739614224903,-0.9741868513303872,-0.9723105583550331,2.8390222717384677,2.8543768966778247,2.8664197643610705
218,217.0,3721,-0.34248078,-0.3412971,-0.3403807,-1.3160546598649494,-1.3154839276561354,-1.314791337049186,-0.9756739614224903,-0.9741868513303872,-0.9723105583550331,2.8390222717384677,2.8543768966778247,2.8664197643610705
219,218.0,3721,-0.34248078,-0.3412971,-0.3403807,-1.3160546598649494,-1.3154839276561354,-1.314791337049186,-0.9756739614224903,-0.9741868513303872,-0.9723105583550331,2.8390222717384677,2.8543768966778247,2.8664197643610705
220,219.0,3721,-0.34248078,-0.3412971,-0.3403807,-1.3160546598649494,-1.3154839276561354,-1.314791337049186,-0.9756739614224903,-0.9741868513303872,-0.9723105583550331,2.8390222717384677,2.8543768966778247,2.8664197643610705
221,220.0,3721,-0.34248078,-0.3412971,-0.3403807,-1.3160546598649494,-1.3154839276561354,-1.314791337049186,-0.9756739614224903,-0.9741868513303872,-0.9723105583550331,2.8390222717384677,2.8543768966778247,2.8664197643610705
222,221.0,3721,-0.34248078,-0.3412971,-0.3403807,-1.3160546598649494,-1.3154839276561354,-1.314791337049186,-0.9756739614224903,-0.9741868513303872,-0.9723105583550331,2.8390222717384677,2.8543768966778247,2.8664197643610705
223,222.0,3721,-0.34248078,-0.3412971,-0.3403807,-1.3160546598649494,-1.3154839276561354,-1.314791337049186,-0.9756739614224903,-0.9741868513303872,-0.9723105583550331,2.8390222717384677,2.8543768966778247,2.8664197643610705
224,223.0,3721,-0.34248078,-0.3412971,-0.3403807,-1.3160546598649494,-1.3154839276561354,-1.314791337049186,-0.9756739614224903,-0.9741868513303872,-0.9723105583550331,2.8390222717384677,2.8543768966778247,2.8664197643610705
225,224.0,3721,-0.34248078,-0.3412971,-0.3403807,-1.3160546598649494,-1.3154839276561354,-1.314791337049186,-0.9756739614224903,-0.9741868513303872,-0.9723105583550331,2.8390222717384677,2.8543768966778247,2.8664197643610705
226,225.0,3721,-0.34248078,-0.3412971,-0.3403807,-1.3160546598649494,-1.3154839276561354,-1.314791337049186,-0.9756739614224903,-0.9741868513303872,-0.9723105583550331,2.8390222717384677,2.8543768966778247,2.8664197643610705
227,226.0,3721,-0.34248078,-0.3412971,-0.3403807,-1.3160546598649494,-1.3154839276561354,-1.314791337049186,-0.9756739614224903,-0.9741868513303872,-0.9723105583550331,2.8390222717384677,2.8543768966778247,2.8664197643610705
228,227.0,3721,-0.34248078,-0.3412971,-0.3403807,-1.3160546598649494,-1.3154839276561354,-1.314791337049186,-0.9756739614224903,-0.9741868513303872,-0.9723105583550331,2.8390222717384677,2.8543768966778247,2.8664197643610705
229,228.0,3721,-0.38618472,-0.38541904,-0.38480362,-1.349393760585178,-1.3490081519401842,-1.3485644651893083,-0.9645901376241337,-0.963589126399544,-0.9623797430041734,2.4920192014815483,2.5001111674116094,2.5067075257807128
230,229.0,3721,-0.38618472,-0.38541904,-0.38480362,-1.349393760585178,-1.3490081519401842,-1.3485644651893083,-0.9645901376241337,-0.963589126399544,-0.9623797430041734,2.4920192014815483,2.5001111674116094,2.5067075257807128
231,230.0,3721,-0.38618472,-0.38541904,-0.38480362,-1.349393760585178,-1.3490081519401842,-1.3485644651893083,-0.9645901376241337,-0.963589126399544,-0.9623797430041734,2.4920192014815483,2.5001111674116094,2.5067075257807128
232,231.0,3721,-0.38618472,-0.38541904,-0.38480362,-1.349393760585178,-1.3490081519401842,-1.3485644651893083,-0.9645901376241337,-0.963589126399544,-0.9623797430041734,2.4920192014815483,2.5001111674116094,2.5067075257807128
233,232.0,3721,-0.38618472,-0.38541904,-0.38480362,-1.349393760585178,-1.3490081519401842,-1.3485644651893083,-0.9645901376241337,-0.963589126399544,-0.9623797430041734,2.4920192014815483,2.5001111674116094,2.5067075257807128
234,233.0,3721,-0.38618472,-0.38541904,-0.38480362,-1.349393760585178,-1.3490081519401842,-1.3485644651893083,-0.9645901376241337,-0.963589126399544,-0.9623797430041734,2.4920192014815483,2.5001111674116094,2.5067075257807128
235,234.0,3721,-0.38618472,-0.38541904,-0.38480362,-1.349393760585178,-1.3490081519401842,-1.3485644651893083,-0.9645901376241337,-0.963589126399544,-0.9623797430041734,2.4920192014815483,2.5001111674116094,2.5067075257807128
236,235.0,3721,-0.38618472,-0.38541904,-0.38480362,-1.349393760585178,-1.3490081519401842,-1.3485644651893083,-0.9645901376241337,-0.963589126399544,-0.9623797430041734,2.4920192014815483,2.5001111674116094,2.5067075257807128
237,236.0,3721,-0.38618472,-0.38541904,-0.38480362,-1.349393760585178,-1.3490081519401842,-1.3485644651893083,-0.9645901376241337,-0.963589126399544,-0.9623797430041734,2.4920192014815483,2.5001111674116094,2.5067075257807128
238,237.0,3721,-0.38618472,-0.38541904,-0.38480362,-1.349393760585178,-1.3490081519401842,-1.3485644651893083,-0.9645901376241337,-0.963589126399544,-0.9623797430041734,2.4920192014815483,2.5001111674116094,2.5067075257807128
239,238.0,3721,-0.38618472,-0.38541904,-0.38480362,-1.349393760585178,-1.3490081519401842,-1.3485644651893083,-0.9645901376241337,-0.963589126399544,-0.9623797430041734,2.4920192014815483,2.5001111674116094,2.5067075257807128
240,239.0,3721,-0.38618472,-0.38541904,-0.38480362,-1.349393760585178,-1.3490081519401842,-1.3485644651893083,-0.9645901376241337,-0.963589126399544,-0.9623797430041734,2.4920192014815483,2.5001111674116094,2.5067075257807128
241,240.0,3721,-0.38618472,-0.38541904,-0.38480362,-1.349393760585178,-1.3490081519401842,-1.3485644651893083,-0.9645901376241337,-0.963589126399544,-0.9623797430041734,2.4920192014815483,2.5001111674116094,2.5067075257807128
242,241.0,3721,-0.38618472,-0.38541904,-0.38480362,-1.349393760585178,-1.3490081519401842,-1.3485644651893083,-0.9645901376241337,-0.963589126399544,-0.9623797430041734,2.4920192014815483,2.5001111674116094,2.5067075257807128
243,242.0,3721,-0.38618472,-0.38541904,-0.38480362,-1.349393760585178,-1.3490081519401842,-1.3485644651893083,-0.9645901376241337,-0.963589126399544,-0.9623797430041734,2.4920192014815483,2.5001111674116094,2.5067075257807128
244,243.0,3721,-0.38618472,-0.38541904,-0.38480362,-1.349393760585178,-1.3490081519401842,-1.3485644651893083,-0.9645901376241337,-0.963589126399544,-0.9623797430041734,2.4920192014815483,2.5001111674116094,2.5067075257807128
245,244.0,3721,-0.38618472,-0.38541904,-0.38480362,-1.349393760585178,-1.3490081519401842,-1.3485644651893083,-0.9645901376241337,-0.963589126399544,-0.9623797430041734,2.4920192014815483,2.5001111674116094,2.5067075257807128
246,245.0,3721,-0.38618472,-0.38541904,-0.38480362,-1.349393760585178,-1.3490081519401842,-1.3485644651893083,-0.9645901376241337,-0.963589126399544,-0.9623797430041734,2.4920192014815483,2.5001111674116094,2.5067075257807128
247,246.0,3721,-0.38618472,-0.38541904,-0.38480362,-1.349393760585178,-1.3490081519401842,-1.3485644651893083,-0.9645901376241337,-0.963589126399544,-0.9623797430041734,2.4920192014815483,2.5001111674116094,2.5067075257807128
248,247.0,3721,-0.38618472,-0.38541904,-0.38480362,-1.349393760585178,-1.3490081519401842,-1.3485644651893083,-0.9645901376241337,-0.963589126399544,-0.9623797430041734,2.4920192014815483,2.5001111674116094,2.5067075257807128
249,248.0,3721,-0.4300359,-0.42953902,-0.42912716,-1.3827901815227532,-1.3825332514849948,-1.3822445085508646,-0.9536630247882867,-0.9529942437628327,-0.9522091671270998,2.214255114874408,2.21864531727537,2.2223320286820956
250,249.0,3721,-0.4300359,-0.42953902,-0.42912716,-1.3827901815227532,-1.3825332514849948,-1.3822445085508646,-0.9536630247882867,-0.9529942437628327,-0.9522091671270998,2.214255114874408,2.21864531727537,2.2223320286820956
251,250.0,3721,-0.4300359,-0.42953902,-0.42912716,-1.3827901815227532,-1.3825332514849948,-1.3822445085508646,-0.9536630247882867,-0.9529942437628327,-0.9522091671270998,2.214255114874408,2.21864531727537,2.2223320286820956
252,251.0,3721,-0.4300359,-0.42953902,-0.42912716,-1.3827901815227532,-1.3825332514849948,-1.3822445085508646,-0.9536630247882867,-0.9529942437628327,-0.9522091671270998,2.214255114874408,2.21864531727537,2.2223320286820956
253,252.0,3721,-0.4300359,-0.42953902,-0.42912716,-1.3827901815227532,-1.3825332514849948,-1.3822445085508646,-0.9536630247882867,-0.9529942437628327,-0.9522091671270998,2.214255114874408,2.21864531727537,2.2223320286820956
254,253.0,3721,-0.4300359,-0.42953902,-0.42912716,-1.3827901815227532,-1.3825332514849948,-1.3822445085508646,-0.9536630247882867,-0.9529942437628327,-0.9522091671270998,2.214255114874408,2.21864531727537,2.2223320286820956
255,254.0,3721,-0.4300359,-0.42953902,-0.42912716,-1.3827901815227532,-1.3825332514849948,-1.3822445085508646,-0.9536630247882867,-0.9529942437628327,-0.9522091671270998,2.214255114874408,2.21864531727537,2.2223320286820956
256,255.0,3721,-0.4300359,-0.42953902,-0.42912716,-1.3827901815227532,-1.3825332514849948,-1.3822445085508646,-0.9536630247882867,-0.9529942437628327,-0.9522091671270998,2.214255114874408,2.21864531727537,2.2223320286820956
257,256.0,3721,-0.4300359,-0.42953902,-0.42912716,-1.3827901815227532,-1.3825332514849948,-1.3822445085508646,-0.9536630247882867,-0.9529942437628327,-0.9522091671270998,2.214255114874408,2.21864531727537,2.2223320286820956
258,257.0,3721,-0.4300359,-0.42953902,-0.42912716,-1.3827901815227532,-1.3825332514849948,-1.3822445085508646,-0.9536630247882867,-0.9529942437628327,-0.9522091671270998,2.214255114874408,2.21864531727537,2.2223320286820956
259,258.0,3721,-0.4300359,-0.42953902,-0.42912716,-1.3827901815227532,-1.3825332514849948,-1.3822445085508646,-0.9536630247882867,-0.9529942437628327,-0.9522091671270998,2.214255114874408,2.21864531727537,2.2223320286820956
260,259.0,3721,-0.4300359,-0.42953902,-0.42912716,-1.3827901815227532,-1.3825332514849948,-1.3822445085508646,-0.9536630247882867,-0.9529942437628327,-0.9522091671270998,2.214255114874408,2.21864531727537,2.2223320286820956
261,260.0,3721,-0.4300359,-0.42953902,-0.42912716,-1.3827901815227532,-1.3825332514849948,-1.3822445085508646,-0.9536630247882867,-0.9529942437628327,-0.9522091671270998,2.214255114874408,2.21864531727537,2.2223320286820956
262,261.0,3721,-0.4300359,-0.42953902,-0.42912716,-1.3827901815227532,-1.3825332514849948,-1.3822445085508646,-0.9536630247882867,-0.9529942437628327,-0.9522091671270998,2.214255114874408,2.21864531727537,2.2223320286820956
263,262.0,3721,-0.4300359,-0.42953902,-0.42912716,-1.3827901815227532,-1.3825332514849948,-1.3822445085508646,-0.9536630247882867,-0.9529942437628327,-0.9522091671270998,2.214255114874408,2.21864531727537,2.2223320286820956
264,263.0,3721,-0.4300359,-0.42953902,-0.42912716,-1.3827901815227532,-1.3825332514849948,-1.3822445085508646,-0.9536630247882867,-0.9529942437628327,-0.9522091671270998,2.214255114874408,2.21864531727537,2.2223320286820956
265,264.0,3721,-0.4300359,-0.42953902,-0.42912716,-1.3827901815227532,-1.3825332514849948,-1.3822445085508646,-0.9536630247882867,-0.9529942437628327,-0.9522091671270998,2.214255114874408,2.21864531727537,2.2223320286820956
266,265.0,3721,-0.4300359,-0.42953902,-0.42912716,-1.3827901815227532,-1.3825332514849948,-1.3822445085508646,-0.9536630247882867,-0.9529942437628327,-0.9522091671270998,2.214255114874408,2.21864531727537,2.2223320286820956
267,266.0,3721,-0.4300359,-0.42953902,-0.42912716,-1.3827901815227532,-1.3825332514849948,-1.3822445085508646,-0.9536630247882867,-0.9529942437628327,-0.9522091671270998,2.214255114874408,2.21864531727537,2.2223320286820956
268,267.0,3721,-0.4300359,-0.42953902,-0.42912716,-1.3827901815227532,-1.3825332514849948,-1.3822445085508646,-0.9536630247882867,-0.9529942437628327,-0.9522091671270998,2.214255114874408,2.21864531727537,2.2223320286820956
269,268.0,3721,-0.47398093,-0.47365767,-0.47338283,-1.416228166536336,-1.416059371706195,-1.4158667232631397,-0.9428453359165241,-0.9424016864250031,-0.941885789835329,1.9871807564571207,1.9896264479925259,1.991718488568825
270,269.0,3721,-0.47398093,-0.47365767,-0.47338283,-1.416228166536336,-1.416059371706195,-1.4158667232631397,-0.9428453359165241,-0.9424016864250031,-0.941885789835329,1.9871807564571207,1.9896264479925259,1.991718488568825
271,270.0,3721,-0.47398093,-0.47365767,-0.47338283,-1.416228166536336,-1.416059371706195,-1.4158667232631397,-0.9428453359165241,-0.9424016864250031,-0.941885789835329,1.9871807564571207,1.9896264479925259,1.991718488568825
272,271.0,3721,-0.47398093,-0.47365767,-0.47338283,-1.416228166536336,-1.416059371706195,-1.4158667232631397,-0.9428453359165241,-0.9424016864250031,-0.941885789835329,1.9871807564571207,1.9896264479925259,1.991718488568825
273,272.0,3721,-0.47398093,-0.47365767,-0.47338283,-1.416228166536336,-1.416059371706195,-1.4158667232631397,-0.9428453359165241,-0.9424016864250031,-0.941885789835329,1.9871807564571207,1.9896264479925259,1.991718488568825
274,273.0,3721,-0.47398093,-0.47365767,-0.47338283,-1.416228166536336,-1.416059371706195,-1.4158667232631397,-0.9428453359165241,-0.9424016864250031,-0.941885789835329,1.9871807564571207,1.9896264479925259,1.991718488568825
275,274.0,3721,-0.47398093,-0.47365767,-0.47338283,-1.416228166536336,-1.416059371706195,-1.4158667232631397,-0.9428453359165241,-0.9424016864250031,-0.941885789835329,1.9871807564571207,1.9896264479925259,1.991718488568825
276,275.0,3721,-0.47398093,-0.47365767,-0.47338283,-1.416228166536336,-1.416059371706195,-1.4158667232631397,-0.9428453359165241,-0.9424016864250031,-0.941885789835329,1.9871807564571207,1.9896264479925259,1.991718488568825
277,276.0,3721,-0.47398093,-0.47365767,-0.47338283,-1.416228166536336,-1.416059371706195,-1.4158667232631397,-0.9428453359165241,-0.9424016864250031,-0.941885789835329,1.9871807564571207,1.9896264479925259,1.991718488568825
278,277.0,3721,-0.47398093,-0.47365767,-0.47338283,-1.416228166536336,-1.416059371706195,-1.4158667232631397,-0.9428453359165241,-0.9424016864250031,-0.941885789835329,1.9871807564571207,1.9896264479925259,1.991718488568825
279,278.0,3721,-0.47398093,-0.47365767,-0.47338283,-1.416228166536336,-1.416059371706195,-1.4158667232631397,-0.9428453359165241,-0.9424016864250031,-0.941885789835329,1.9871807564571207,1.9896264479925259,1.991718488568825
280,279.0,3721,-0.47398093,-0.47365767,-0.47338283,-1.416228166536336,-1.416059371706195,-1.4158667232631397,-0.9428453359165241,-0.9424016864250031,-0.941885789835329,1.9871807564571207,1.9896264479925259,1.991718488568825
281,280.0,3721,-0.47398093,-0.47365767,-0.47338283,-1.416228166536336,-1.416059371706195,-1.4158667232631397,-0.9428453359165241,-0.9424016864250031,-0.941885789835329,1.9871807564571207,1.9896264479925259,1.991718488568825
282,281.0,3721,-0.47398093,-0.47365767,-0.47338283,-1.416228166536336,-1.416059371706195,-1.4158667232631397,-0.9428453359165241,-0.9424016864250031,-0.941885789835329,1.9871807564571207,1.9896264479925259,1.991718488568825
283,282.0,3721,-0.47398093,-0.47365767,-0.47338283,-1.416228166536336,-1.416059371706195,-1.4158667232631397,-0.9428453359165241,-0.9424016864250031,-0.941885789835329,1.9871807564571207,1.9896264479925259,1.991718488568825
284,283.0,3721,-0.47398093,-0.47365767,-0.47338283,-1.416228166536336,-1.416059371706195,-1.4158667232631397,-0.9428453359165241,-0.9424016864250031,-0.941885789835329,1.9871807564571207,1.9896264479925259,1.991718488568825
285,284.0,3721,-0.47398093,-0.47365767,-0.47338283,-1.416228166536336,-1.416059371706195,-1.4158667232631397,-0.9428453359165241,-0.9424016864250031,-0.941885789835329,1.9871807564571207,1.9896264479925259,1.991718488568825
286,285.0,3721,-0.47398093,-0.47365767,-0.47338283,-1.416228166536336,-1.416059371706195,-1.4158667232631397,-0.9428453359165241,-0.9424016864250031,-0.941885789835329,1.9871807564571207,1.9896264479925259,1.991718488568825
287,286.0,3721,-0.47398093,-0.47365767,-0.47338283,-1.416228166536336,-1.416059371706195,-1.4158667232631397,-0.9428453359165241,-0.9424016864250031,-0.941885789835329,1.9871807564571207,1.9896264479925259,1.991718488568825
288,287.0,3721,-0.47398093,-0.47365767,-0.47338283,-1.416228166536336,-1.416059371706195,-1.4158667232631397,-0.9428453359165241,-0.9424016864250031,-0.941885789835329,1.9871807564571207,1.9896264479925259,1.991718488568825
289,288.0,3721,-0.51798624,-0.5177755,-0.5175925,-1.449698896277771,-1.4495858425755501,-1.4494593025029858,-0.9321064065583802,-0.9318103377634926,-0.9314730645002087,1.7982583245681032,1.7996417240357703,1.8008499448353956
290,289.0,3721,-0.51798624,-0.5177755,-0.5175925,-1.449698896277771,-1.4495858425755501,-1.4494593025029858,-0.9321064065583802,-0.9318103377634926,-0.9314730645002087,1.7982583245681032,1.7996417240357703,1.8008499448353956
291,290.0,3721,-0.51798624,-0.5177755,-0.5175925,-1.449698896277771,-1.4495858425755501,-1.4494593025029858,-0.9321064065583802,-0.9318103377634926,-0.9314730645002087,1.7982583245681032,1.7996417240357703,1.8008499448353956
292,291.0,3721,-0.51798624,-0.5177755,-0.5175925,-1.449698896277771,-1.4495858425755501,-1.4494593025029858,-0.9321064065583802,-0.9318103377634926,-0.9314730645002087,1.7982583245681032,1.7996417240357703,1.8008499448353956
293,292.0,3721,-0.51798624,-0.5177755,-0.5175925,-1.449698896277771,-1.4495858425755501,-1.4494593025029858,-0.9321064065583802,-0.9318103377634926,-0.9314730645002087,1.7982583245681032,1.7996417240357703,1.8008499448353956
294,293.0,3721,-0.51798624,-0.5177755,-0.5175925,-1.449698896277771,-1.4495858425755501,-1.4494593025029858,-0.9321064065583802,-0.9318103377634926,-0.9314730645002087,1.7982583245681032,1.7996417240357703,1.8008499448353956
295,294.0,3721,-0.51798624,-0.5177755,-0.5175925,-1.449698896277771,-1.4495858425755501,-1.4494593025029858,-0.9321064065583802,-0.9318103377634926,-0.9314730645002087,1.7982583245681032,1.7996417240357703,1.8008499448353956
296,295.0,3721,-0.51798624,-0.5177755,-0.5175925,-1.449698896277771,-1.4495858425755501,-1.4494593025029858,-0.9321064065583802,-0.9318103377634926,-0.9314730645002087,1.7982583245681032,1.7996417240357703,1.8008499448353956
297,296.0,3721,-0.51798624,-0.5177755,-0.5175925,-1.449698896277771,-1.4495858425755501,-1.4494593025029858,-0.9321064065583802,-0.9318103377634926,-0.9314730645002087,1.7982583245681032,1.7996417240357703,1.8008499448353956
298,297.0,3721,-0.51798624,-0.5177755,-0.5175925,-1.449698896277771,-1.4495858425755501,-1.4494593025029858,-0.9321064065583802,-0.9318103377634926,-0.9314730645002087,1.7982583245681032,1.7996417240357703,1.8008499448353956
299,298.0,3721,-0.51798624,-0.5177755,-0.5175925,-1.449698896277771,-1.4495858425755501,-1.4494593025029858,-0.9321064065583802,-0.9318103377634926,-0.9314730645002087,1.7982583245681032,1.7996417240357703,1.8008499448353956
300,299.0,3721,-0.51798624,-0.5177755,-0.5175925,-1.449698896277771,-1.4495858425755501,-1.4494593025029858,-0.9321064065583802,-0.9318103377634926,-0.9314730645002087,1.7982583245681032,1.7996417240357703,1.8008499448353956
301,300.0,3721,-0.51798624,-0.5177755,-0.5175925,-1.449698896277771,-1.4495858425755501,-1.4494593025029858,-0.9321064065583802,-0.9318103377634926,-0.9314730645002087,1.7982583245681032,1.7996417240357703,1.8008499448353956
302,305.0,3721,-0.51798624,-0.5177755,-0.5175925,-1.449698896277771,-1.4495858425755501,-1.4494593025029858,-0.9321064065583802,-0.9318103377634926,-0.9314730645002087,1.7982583245681032,1.7996417240357703,1.8008499448353956
303,310.0,3721,-0.5620304,-0.5618927,-0.56177115,-1.4831880003514097,-1.4831127066467678,-1.4830310194942609,-0.9214168459477232,-0.9212199535617439,-0.9210006444904462,1.6387026136873741,1.6394943216789921,1.6401996413037554
304,315.0,3721,-0.5620304,-0.5618927,-0.56177115,-1.4831880003514097,-1.4831127066467678,-1.4830310194942609,-0.9214168459477232,-0.9212199535617439,-0.9210006444904462,1.6387026136873741,1.6394943216789921,1.6401996413037554
305,320.0,3721,-0.5620304,-0.5618927,-0.56177115,-1.4831880003514097,-1.4831127066467678,-1.4830310194942609,-0.9214168459477232,-0.9212199535617439,-0.9210006444904462,1.6387026136873741,1.6394943216789921,1.6401996413037554
306,325.0,3721,-0.5620304,-0.5618927,-0.56177115,-1.4831880003514097,-1.4831127066467678,-1.4830310194942609,-0.9214168459477232,-0.9212199535617439,-0.9210006444904462,1.6387026136873741,1.6394943216789921,1.6401996413037554
307,330.0,3721,-0.6060996,-0.60600966,-0.60592896,-1.5166887569694132,-1.5166396590646454,-1.5165860388129317,-0.9107597995071024,-0.9106300302797357,-0.9104869036238172,1.5022067252166031,1.5026659585304039,1.503080168542287
308,335.0,3721,-0.6060996,-0.60600966,-0.60592896,-1.5166887569694132,-1.5166396590646454,-1.5165860388129317,-0.9107597995071024,-0.9106300302797357,-0.9104869036238172,1.5022067252166031,1.5026659585304039,1.503080168542287
309,340.0,3721,-0.6060996,-0.60600966,-0.60592896,-1.5166887569694132,-1.5166396590646454,-1.5165860388129317,-0.9107597995071024,-0.9106300302797357,-0.9104869036238172,1.5022067252166031,1.5026659585304039,1.503080168542287
310,345.0,3721,-0.6060996,-0.60600966,-0.60592896,-1.5166887569694132,-1.5166396590646454,-1.5165860388129317,-0.9107597995071024,-0.9106300302797357,-0.9104869036238172,1.5022067252166031,1.5026659585304039,1.503080168542287
311,350.0,3721,-0.65018517,-0.6501263,-0.65007275,-1.5501997248686175,-1.5501668743384998,-1.5501318157426967,-0.9001269714392046,-0.9000406179153893,-0.8999466479532374,1.3841389999912381,1.384408970861159,1.3846557430543711
312,355.0,3721,-0.65018517,-0.6501263,-0.65007275,-1.5501997248686175,-1.5501668743384998,-1.5501318157426967,-0.9001269714392046,-0.9000406179153893,-0.8999466479532374,1.3841389999912381,1.384408970861159,1.3846557430543711
313,360.0,3721,-0.65018517,-0.6501263,-0.65007275,-1.5501997248686175,-1.5501668743384998,-1.5501318157426967,-0.9001269714392046,-0.9000406179153893,-0.8999466479532374,1.3841389999912381,1.384408970861159,1.3846557430543711
314,365.0,3721,-0.65018517,-0.6501263,-0.65007275,-1.5501997248686175,-1.5501668743384998,-1.5501318157426967,-0.9001269714392046,-0.9000406179153893,-0.8999466479532374,1.3841389999912381,1.384408970861159,1.3846557430543711
315,370.0,3721,-0.69428134,-0.6942428,-0.6942073,-1.5837159539255197,-1.5836941817443075,-1.5836706628977737,-0.889508643248945,-0.8894514600139473,-0.889389323252388,1.2810215001697387,1.2811822632225613,1.2813299853930227
316,375.0,3721,-0.69428134,-0.6942428,-0.6942073,-1.5837159539255197,-1.5836941817443075,-1.5836706628977737,-0.889508643248945,-0.8894514600139473,-0.889389323252388,1.2810215001697387,1.2811822632225613,1.2813299853930227
317,380.0,3721,-0.69428134,-0.6942428,-0.6942073,-1.5837159539255197,-1.5836941817443075,-1.5836706628977737,-0.889508643248945,-0.8894514600139473,-0.889389323252388,1.2810215001697387,1.2811822632225613,1.2813299853930227
318,385.0,3721,-0.69428134,-0.6942428,-0.6942073,-1.5837159539255197,-1.5836941817443075,-1.5836706628977737,-0.889508643248945,-0.8894514600139473,-0.889389323252388,1.2810215001697387,1.2811822632225613,1.2813299853930227
319,390.0,3721,-0.73838437,-0.7383591,-0.73833567,-1.6172357865914246,-1.6172214878650137,-1.6172060655074614,-0.8789001175507447,-0.8788624093203519,-0.878821699472,1.190195431940922,1.1902913303651106,1.1903801406380654
320,395.0,3721,-0.73838437,-0.7383591,-0.73833567,-1.6172357865914246,-1.6172214878650137,-1.6172060655074614,-0.8789001175507447,-0.8788624093203519,-0.878821699472,1.190195431940922,1.1902913303651106,1.1903801406380654
321,400.0,3721,-0.73838437,-0.7383591,-0.73833567,-1.6172357865914246,-1.6172214878650137,-1.6172060655074614,-0.8789001175507447,-0.8788624093203519,-0.878821699472,1.190195431940922,1.1902913303651106,1.1903801406380654
322,405.0,3721,-0.73838437,-0.7383591,-0.73833567,-1.6172357865914246,-1.6172214878650137,-1.6172060655074614,-0.8789001175507447,-0.8788624093203519,-0.878821699472,1.190195431940922,1.1902913303651106,1.1903801406380654
323,410.0,3721,-0.782492,-0.78247535,-0.7824599,-1.6507584149485042,-1.6507488780431976,-1.6507390797224293,-0.8682985002642085,-0.8682735114834679,-0.8682470977392445,1.109592325200212,1.1096496437025427,1.1097034927527842
324,415.0,3721,-0.782492,-0.78247535,-0.7824599,-1.6507584149485042,-1.6507488780431976,-1.6507390797224293,-0.8682985002642085,-0.8682735114834679,-0.8682470977392445,1.109592325200212,1.1096496437025427,1.1097034927527842
325,420.0,3721,-0.782492,-0.78247535,-0.7824599,-1.6507584149485042,-1.6507488780431976,-1.6507390797224293,-0.8682985002642085,-0.8682735114834679,-0.8682470977392445,1.109592325200212,1.1096496437025427,1.1097034927527842
326,425.0,3721,-0.782492,-0.78247535,-0.7824599,-1.6507584149485042,-1.6507488780431976,-1.6507390797224293,-0.8682985002642085,-0.8682735114834679,-0.8682470977392445,1.109592325200212,1.1096496437025427,1.1097034927527842
327,430.0,3721,-0.8266025,-0.8265917,-0.82658136,-1.6842825563815993,-1.684276253065394,-1.6842697507037627,-0.8577011974719924,-0.8576846454406675,-0.8576672321452605,1.037581198809957,1.0376159612791125,1.0376488511710904
328,435.0,3721,-0.8266025,-0.8265917,-0.82658136,-1.6842825563815993,-1.684276253065394,-1.6842697507037627,-0.8577011974719924,-0.8576846454406675,-0.8576672321452605,1.037581198809957,1.0376159612791125,1.0376488511710904
329,440.0,3721,-0.8266025,-0.8265917,-0.82658136,-1.6842825563815993,-1.684276253065394,-1.6842697507037627,-0.8577011974719924,-0.8576846454406675,-0.8576672321452605,1.037581198809957,1.0376159612791125,1.0376488511710904
330,445.0,3721,-0.8266025,-0.8265917,-0.82658136,-1.6842825563815993,-1.684276253065394,-1.6842697507037627,-0.8577011974719924,-0.8576846454406675,-0.8576672321452605,1.037581198809957,1.0376159612791125,1.0376488511710904
331,450.0,3721,-0.87071496,-0.8707078,-0.8707011,-1.7178078454491577,-1.717803697428822,-1.717799338892493,-0.8471067708489379,-0.8470958802634042,-0.8470843764100406,0.9728607097723005,0.9728819055022621,0.9729019471325275
332,455.0,3721,-0.87071496,-0.8707078,-0.8707011,-1.7178078454491577,-1.717803697428822,-1.717799338892493,-0.8471067708489379,-0.8470958802634042,-0.8470843764100406,0.9728607097723005,0.9728819055022621,0.9729019471325275
333,460.0,3721,-0.87071496,-0.8707078,-0.8707011,-1.7178078454491577,-1.717803697428822,-1.717799338892493,-0.8471067708489379,-0.8470958802634042,-0.8470843764100406,0.9728607097723005,0.9728819055022621,0.9729019471325275
334,465.0,3721,-0.87071496,-0.8707078,-0.8707011,-1.7178078454491577,-1.717803697428822,-1.717799338892493,-0.8471067708489379,-0.8470958802634042,-0.8470843764100406,0.9728607097723005,0.9728819055022621,0.9729019471325275
335,470.0,3721,-0.9148287,-0.914824,-0.91481954,-1.7513339288514962,-1.751331149067644,-1.7513283568295408,-0.836514390258204,-0.8365071424486684,-0.8364996391209532,0.9143784218057465,0.9143913325524134,0.9144037211366329
336,475.0,3721,-0.9148287,-0.914824,-0.91481954,-1.7513339288514962,-1.751331149067644,-1.7513283568295408,-0.836514390258204,-0.8365071424486684,-0.8364996391209532,0.9143784218057465,0.9143913325524134,0.9144037211366329
337,480.0,3721,-0.9148287,-0.914824,-0.91481954,-1.7513339288514962,-1.751331149067644,-1.7513283568295408,-0.836514390258204,-0.8365071424486684,-0.8364996391209532,0.9143784218057465,0.9143913325524134,0.9144037211366329
338,485.0,3721,-0.9148287,-0.914824,-0.91481954,-1.7513339288514962,-1.751331149067644,-1.7513283568295408,-0.836514390258204,-0.8365071424486684,-0.8364996391209532,0.9143784218057465,0.9143913325524134,0.9144037211366329
339,490.0,3721,-0.95894325,-0.95894015,-0.9589372,-1.7848604009497884,-1.7848585572693896,-1.7848567338079346,-0.8259231732238057,-0.8259183737393013,-0.8259134860128297,0.8612746248663306,0.86128247405881,0.8612901338520295
340,495.0,3721,-0.95894325,-0.95894015,-0.9589372,-1.7848604009497884,-1.7848585572693896,-1.7848567338079346,-0.8259231732238057,-0.8259183737393013,-0.8259134860128297,0.8612746248663306,0.86128247405881,0.8612901338520295
341,500.0,3721,-0.95894325,-0.95894015,-0.9589372,-1.7848604009497884,-1.7848585572693896,-1.7848567338079346,-0.8259231732238057,-0.8259183737393013,-0.8259134860128297,0.8612746248663306,0.86128247405881,0.8612901338520295
342,505.0,3721,-0.95894325,-0.95894015,-0.9589372,-1.7848604009497884,-1.7848585572693896,-1.7848567338079346,-0.8259231732238057,-0.8259183737393013,-0.8259134860128297,0.8612746248663306,0.86128247405881,0.8612901338520295
343,510.0,3721,-1.0030584,-1.0030564,-1.0030544,-1.8183871947149484,-1.8183859727218121,-1.8183847466240506,-0.8153328142980782,-0.8153296219717718,-0.8153263130913357,0.8128402950761331,0.8128452816878196,0.812850060989939
344,515.0,3721,-1.0030584,-1.0030564,-1.0030544,-1.8183871947149484,-1.8183859727218121,-1.8183847466240506,-0.8153328142980782,-0.8153296219717718,-0.8153263130913357,0.8128402950761331,0.8128452816878196,0.812850060989939
345,520.0,3721,-1.0030584,-1.0030564,-1.0030544,-1.8183871947149484,-1.8183859727218121,-1.8183847466240506,-0.8153328142980782,-0.8153296219717718,-0.8153263130913357,0.8128402950761331,0.8128452816878196,0.812850060989939
346,525.0,3721,-1.0030584,-1.0030564,-1.0030544,-1.8183871947149484,-1.8183859727218121,-1.8183847466240506,-0.8153328142980782,-0.8153296219717718,-0.8153263130913357,0.8128402950761331,0.8128452816878196,0.812850060989939
347,530.0,3721,-1.0471739,-1.0471725,-1.0471712,-1.8519142609801134,-1.8519134409822477,-1.851912632733405,-0.8047430258955797,-0.8047409282022324,-0.8047387750445012,0.7684863111656999,0.7684893543154635,0.7684922951790365
348,535.0,3721,-1.0471739,-1.0471725,-1.0471712,-1.8519142609801134,-1.8519134409822477,-1.851912632733405,-0.8047430258955797,-0.8047409282022324,-0.8047387750445012,0.7684863111656999,0.7684893543154635,0.7684922951790365
349,540.0,3721,-1.0471739,-1.0471725,-1.0471712,-1.8519142609801134,-1.8519134409822477,-1.851912632733405,-0.8047430258955797,-0.8047409282022324,-0.8047387750445012,0.7684863111656999,0.7684893543154635,0.7684922951790365
350,545.0,3721,-1.0471739,-1.0471725,-1.0471712,-1.8519142609801134,-1.8519134409822477,-1.851912632733405,-0.8047430258955797,-0.8047409282022324,-0.8047387750445012,0.7684863111656999,0.7684893543154635,0.7684922951790365
351,550.0,3721,-1.0912895,-1.0912887,-1.0912879,-1.8854414565168722,-1.8854409113014265,-1.8854403847337333,-0.7941536051832541,-0.7941522412969713,-0.7941508644700614,0.7277178509678923,0.7277196796097339,0.7277214753309601
352,555.0,3721,-1.0912895,-1.0912887,-1.0912879,-1.8854414565168722,-1.8854409113014265,-1.8854403847337333,-0.7941536051832541,-0.7941522412969713,-0.7941508644700614,0.7277178509678923,0.7277196796097339,0.7277214753309601
353,560.0,3721,-1.0912895,-1.0912887,-1.0912879,-1.8854414565168722,-1.8854409113014265,-1.8854403847337333,-0.7941536051832541,-0.7941522412969713,-0.7941508644700614,0.7277178509678923,0.7277196796097339,0.7277214753309601
354,565.0,3721,-1.0912895,-1.0912887,-1.0912879,-1.8854414565168722,-1.8854409113014265,-1.8854403847337333,-0.7941536051832541,-0.7941522412969713,-0.7941508644700614,0.7277178509678923,0.7277196796097339,0.7277214753309601
355,570.0,3721,-1.1354054,-1.1354047,-1.1354042,-1.9189687462208482,-1.9189683839143736,-1.9189680402504299,-0.7835645170567247,-0.783563557262142,-0.7835626189934108,0.6901170316114227,0.690118219395512,0.6901194278918437
356,575.0,3721,-1.1354054,-1.1354047,-1.1354042,-1.9189687462208482,-1.9189683839143736,-1.9189680402504299,-0.7835645170567247,-0.783563557262142,-0.7835626189934108,0.6901170316114227,0.690118219395512,0.6901194278918437
357,580.0,3721,-1.1354054,-1.1354047,-1.1354042,-1.9189687462208482,-1.9189683839143736,-1.9189680402504299,-0.7835645170567247,-0.783563557262142,-0.7835626189934108,0.6901170316114227,0.690118219395512,0.6901194278918437
358,585.0,3721,-1.1354054,-1.1354047,-1.1354042,-1.9189687462208482,-1.9189683839143736,-1.9189680402504299,-0.7835645170567247,-0.783563557262142,-0.7835626189934108,0.6901170316114227,0.690118219395512,0.6901194278918437
359,590.0,3721,-1.1795213,-1.179521,-1.1795206,-1.9524961023330216,-1.952495857149441,-1.9524956300737102,-0.7729754953383927,-0.772974877693861,-0.772974307823344,0.6553288128345269,0.6553294864248242,0.6553302170005348
360,595.0,3721,-1.1795213,-1.179521,-1.1795206,-1.9524961023330216,-1.952495857149441,-1.9524956300737102,-0.7729754953383927,-0.772974877693861,-0.772974307823344,0.6553288128345269,0.6553294864248242,0.6553302170005348
361,600.0,3721,-1.1795213,-1.179521,-1.1795206,-1.9524961023330216,-1.952495857149441,-1.9524956300737102,-0.7729754953383927,-0.772974877693861,-0.772974307823344,0.6553288128345269,0.6553294864248242,0.6553302170005348
362,605.0,3721,-1.1795213,-1.179521,-1.1795206,-1.9524961023330216,-1.952495857149441,-1.9524956300737102,-0.7729754953383927,-0.772974877693861,-0.772974307823344,0.6553288128345269,0.6553294864248242,0.6553302170005348
363,610.0,3721,-1.2236373,-1.223637,-1.2236369,-1.9860233933555793,-1.9860232284997699,-1.9860230785907922,-0.7623865277397346,-0.7623860982591653,-0.7623857361377893,0.6230487659108611,0.6230491699032426,0.6230496556313158
364,615.0,3721,-1.2236373,-1.223637,-1.2236369,-1.9860233933555793,-1.9860232284997699,-1.9860230785907922,-0.7623865277397346,-0.7623860982591653,-0.7623857361377893,0.6230487659108611,0.6230491699032426,0.6230496556313158
365,620.0,3721,-1.2236373,-1.223637,-1.2236369,-1.9860233933555793,-1.9860232284997699,-1.9860230785907922,-0.7623865277397346,-0.7623860982591653,-0.7623857361377893,0.6230487659108611,0.6230491699032426,0.6230496556313158
366,625.0,3721,-1.2236373,-1.223637,-1.2236369,-1.9860233933555793,-1.9860232284997699,-1.9860230785907922,-0.7623865277397346,-0.7623860982591653,-0.7623857361377893,0.6230487659108611,0.6230491699032426,0.6230496556313158
367,630.0,3721,-1.2677535,-1.2677535,-1.2677531,-2.0195508148973174,-2.019550702830692,-2.0195506014008395,-0.7517976906602568,-0.7517974206196979,-0.7517971195359103,0.5930152275582623,0.5930155584441146,0.5930158453466182
368,635.0,3721,-1.2677535,-1.2677535,-1.2677531,-2.0195508148973174,-2.019550702830692,-2.0195506014008395,-0.7517976906602568,-0.7517974206196979,-0.7517971195359103,0.5930152275582623,0.5930155584441146,0.5930158453466182
369,640.0,3721,-1.2677535,-1.2677535,-1.2677531,-2.0195508148973174,-2.019550702830692,-2.0195506014008395,-0.7517976906602568,-0.7517974206196979,-0.7517971195359103,0.5930152275582623,0.5930155584441146,0.5930158453466182
370,645.0,3721,-1.2677535,-1.2677535,-1.2677531,-2.0195508148973174,-2.019550702830692,-2.0195506014008395,-0.7517976906602568,-0.7517974206196979,-0.7517971195359103,0.5930152275582623,0.5930155584441146,0.5930158453466182
371,650.0,3721,-1.3118695,-1.3118694,-1.3118694,-2.053078253661462,-2.053078177517538,-2.0530781119789836,-0.7412088708031854,-0.7412087408052399,-0.7412086099114177,0.5650017846616903,0.5650019125857547,0.5650020348735126
372,655.0,3721,-1.3118695,-1.3118694,-1.3118694,-2.053078253661462,-2.053078177517538,-2.0530781119789836,-0.7412088708031854,-0.7412087408052399,-0.7412086099114177,0.5650017846616903,0.5650019125857547,0.5650020348735126
373,660.0,3721,-1.3118695,-1.3118694,-1.3118694,-2.053078253661462,-2.053078177517538,-2.0530781119789836,-0.7412088708031854,-0.7412087408052399,-0.7412086099114177,0.5650017846616903,0.5650019125857547,0.5650020348735126
374,665.0,3721,-1.3118695,-1.3118694,-1.3118694,-2.053078253661462,-2.053078177517538,-2.0530781119789836,-0.7412088708031854,-0.7412087408052399,-0.7412086099114177,0.5650017846616903,0.5650019125857547,0.5650020348735126
375,670.0,3721,-1.3559856,-1.3559858,-1.3559855,-2.086605704176502,-2.0866056522903795,-2.086605609517134,-0.7306201819062994,-0.7306200589943788,-0.730619968037642,0.5388109915680783,0.5388110777921037,0.5388111966587141
376,675.0,3721,-1.3559856,-1.3559858,-1.3559855,-2.086605704176502,-2.0866056522903795,-2.086605609517134,-0.7306201819062994,-0.7306200589943788,-0.730619968037642,0.5388109915680783,0.5388110777921037,0.5388111966587141
377,680.0,3721,-1.3559856,-1.3559858,-1.3559855,-2.086605704176502,-2.0866056522903795,-2.086605609517134,-0.7306201819062994,-0.7306200589943788,-0.730619968037642,0.5388109915680783,0.5388110777921037,0.5388111966587141
378,685.0,3721,-1.3559856,-1.3559858,-1.3559855,-2.086605704176502,-2.0866056522903795,-2.086605609517134,-0.7306201819062994,-0.7306200589943788,-0.730619968037642,0.5388109915680783,0.5388110777921037,0.5388111966587141
379,690.0,3721,-1.4001018,-1.4001019,-1.4001017,-2.120133162737701,-2.1201331272248316,-2.1201330986041693,-0.7200315010555722,-0.7200313736288483,-0.7200313177127509,0.514270696273467,0.5142707462365091,0.5142708710098254
380,695.0,3721,-1.4001018,-1.4001019,-1.4001017,-2.120133162737701,-2.1201331272248316,-2.1201330986041693,-0.7200315010555722,-0.7200313736288483,-0.7200313177127509,0.514270696273467,0.5142707462365091,0.5142708710098254
381,700.0,3721,-1.4001018,-1.4001019,-1.4001017,-2.120133162737701,-2.1201331272248316,-2.1201330986041693,-0.7200315010555722,-0.7200313736288483,-0.7200313177127509,0.514270696273467,0.5142707462365091,0.5142708710098254
382,705.0,3721,-1.4001018,-1.4001019,-1.4001017,-2.120133162737701,-2.1201331272248316,-2.1201330986041693,-0.7200315010555722,-0.7200313736288483,-0.7200313177127509,0.514270696273467,0.5142707462365091,0.5142708710098254
383,710.0,3721,-1.4442179,-1.4442178,-1.4442179,-2.153660524420521,-2.1536604996641517,-2.153660480696993,-0.7094426041171764,-0.709442579360807,-0.7094425603936481,0.4912295785975541,0.4912295917307238,0.491229608872437
384,715.0,3721,-1.4442179,-1.4442178,-1.4442179,-2.153660524420521,-2.1536604996641517,-2.153660480696993,-0.7094426041171764,-0.709442579360807,-0.7094425603936481,0.4912295785975541,0.4912295917307238,0.491229608872437
385,720.0,3721,-1.4442179,-1.4442178,-1.4442179,-2.153660524420521,-2.1536604996641517,-2.153660480696993,-0.7094426041171764,-0.709442579360807,-0.7094425603936481,0.4912295785975541,0.4912295917307238,0.491229608872437
386,725.0,3721,-1.4442179,-1.4442178,-1.4442179,-2.153660524420521,-2.1536604996641517,-2.153660480696993,-0.7094426041171764,-0.709442579360807,-0.7094425603936481,0.4912295785975541,0.4912295917307238,0.491229608872437
387,730.0,3721,-1.4883341,-1.4883342,-1.4883341,-2.1871879920912187,-2.1871879747193286,-2.187187962112372,-0.6988539323759477,-0.6988539150040572,-0.6988539023971012,0.4695544644935405,0.4695544729640556,0.46955448463609273
388,735.0,3721,-1.4883341,-1.4883342,-1.4883341,-2.1871879920912187,-2.1871879747193286,-2.187187962112372,-0.6988539323759477,-0.6988539150040572,-0.6988539023971012,0.4695544644935405,0.4695544729640556,0.46955448463609273
389,740.0,3721,-1.4883341,-1.4883342,-1.4883341,-2.1871879920912187,-2.1871879747193286,-2.187187962112372,-0.6988539323759477,-0.6988539150040572,-0.6988539023971012,0.4695544644935405,0.4695544729640556,0.46955448463609273
390,745.0,3721,-1.4883341,-1.4883342,-1.4883341,-2.1871879920912187,-2.1871879747193286,-2.187187962112372,-0.6988539323759477,-0.6988539150040572,-0.6988539023971012,0.4695544644935405,0.4695544729640556,0.46955448463609273
391,750.0,3721,-1.5324502,-1.53245,-1.5324502,-2.2207154619777683,-2.220715449825437,-2.22071544138576,-0.688265262850571,-0.6882652506982398,-0.6882652422585629,0.4491273143170084,0.4491273198243175,0.44912732775431824
392,755.0,3721,-1.5324502,-1.53245,-1.5324502,-2.2207154619777683,-2.220715449825437,-2.22071544138576,-0.688265262850571,-0.6882652506982398,-0.6882652422585629,0.4491273143170084,0.4491273198243175,0.44912732775431824
393,760.0,3721,-1.5324502,-1.53245,-1.5324502,-2.2207154619777683,-2.220715449825437,-2.22071544138576,-0.688265262850571,-0.6882652506982398,-0.6882652422585629,0.4491273143170084,0.4491273198243175,0.44912732775431824
394,765.0,3721,-1.5324502,-1.53245,-1.5324502,-2.2207154619777683,-2.220715449825437,-2.22071544138576,-0.688265262850571,-0.6882652506982398,-0.6882652422585629,0.4491273143170084,0.4491273198243175,0.44912732775431824
395,770.0,3721,-1.5765663,-1.5765665,-1.5765663,-2.2542429336913603,-2.2542429249535094,-2.2542429191991635,-0.6776765951522368,-0.6776765864143857,-0.67767658066004,0.42984336535307993,0.42984336900300285,0.429843374545333
396,775.0,3721,-1.5765663,-1.5765665,-1.5765663,-2.2542429336913603,-2.2542429249535094,-2.2542429191991635,-0.6776765951522368,-0.6776765864143857,-0.67767658066004,0.42984336535307993,0.42984336900300285,0.429843374545333
397,780.0,3721,-1.5765663,-1.5765665,-1.5765663,-2.2542429336913603,-2.2542429249535094,-2.2542429191991635,-0.6776765951522368,-0.6776765864143857,-0.67767658066004,0.42984336535307993,0.42984336900300285,0.429843374545333
398,785.0,3721,-1.5765663,-1.5765665,-1.5765663,-2.2542429336913603,-2.2542429249535094,-2.2542429191991635,-0.6776765951522368,-0.6776765864143857,-0.67767658066004,0.42984336535307993,0.42984336900300285,0.429843374545333
399,790.0,3721,-1.6206825,-1.6206822,-1.6206825,-2.2877704063212065,-2.2877704001090517,-2.2877703961911005,-0.6670879283701567,-0.6670879221580018,-0.6670879182400506,0.41160926172498485,0.4116092641424548,0.4116092679755035
400,795.0,3721,-1.6206825,-1.6206822,-1.6206825,-2.2877704063212065,-2.2877704001090517,-2.2877703961911005,-0.6670879283701567,-0.6670879221580018,-0.6670879182400506,0.41160926172498485,0.4116092641424548,0.4116092679755035
401,800.0,3721,-1.6206825,-1.6206822,-1.6206825,-2.2877704063212065,-2.2877704001090517,-2.2877703961911005,-0.6670879283701567,-0.6670879221580018,-0.6670879182400506,0.41160926172498485,0.4116092641424548,0.4116092679755035
402,805.0,3721,-1.6206825,-1.6206822,-1.6206825,-2.2877704063212065,-2.2877704001090517,-2.2877703961911005,-0.6670879283701567,-0.6670879221580018,-0.6670879182400506,0.41160926172498485,0.4116092641424548,0.4116092679755035
403,810.0,3721,-1.6647986,-1.6647986,-1.6647986,-2.321297777118386,-2.3212977726893294,-2.321297770006436,-0.65649915975541,-0.6564991553263533,-0.6564991526434598,0.3943414811836808,0.39434148279522313,0.394341485455639
404,815.0,3721,-1.6647986,-1.6647986,-1.6647986,-2.321297777118386,-2.3212977726893294,-2.321297770006436,-0.65649915975541,-0.6564991553263533,-0.6564991526434598,0.3943414811836808,0.39434148279522313,0.394341485455639
405,820.0,3721,-1.6647986,-1.6647986,-1.6647986,-2.321297777118386,-2.3212977726893294,-2.321297770006436,-0.65649915975541,-0.6564991553263533,-0.6564991526434598,0.3943414811836808,0.39434148279522313,0.394341485455639
406,825.0,3721,-1.6647986,-1.6647986,-1.6647986,-2.321297777118386,-2.3212977726893294,-2.321297770006436,-0.65649915975541,-0.6564991553263533,-0.6564991526434598,0.3943414811836808,0.39434148279522313,0.394341485455639
407,830.0,3721,-1.7089148,-1.708915,-1.7089148,-2.3548252510845487,-2.3548252478496283,-2.3548252459327292,-0.6459104943096463,-0.645910491074726,-0.6459104891578269,0.37796530610853984,0.37796530723024524,0.37796530912321297
408,835.0,3721,-1.7089148,-1.708915,-1.7089148,-2.3548252510845487,-2.3548252478496283,-2.3548252459327292,-0.6459104943096463,-0.645910491074726,-0.6459104891578269,0.37796530610853984,0.37796530723024524,0.37796530912321297
409,840.0,3721,-1.7089148,-1.708915,-1.7089148,-2.3548252510845487,-2.3548252478496283,-2.3548252459327292,-0.6459104943096463,-0.645910491074726,-0.6459104891578269,0.37796530610853984,0.37796530723024524,0.37796530912321297
410,845.0,3721,-1.7089148,-1.708915,-1.7089148,-2.3548252510845487,-2.3548252478496283,-2.3548252459327292,-0.6459104943096463,-0.645910491074726,-0.6459104891578269,0.37796530610853984,0.37796530723024524,0.37796530912321297
411,850.0,3721,-1.7530309,-1.753031,-1.7530309,-2.3883527253865937,-2.3883527230125576,-2.388352721636608,-0.6353218291997651,-0.6353218268257294,-0.6353218254497794,0.36241336466557644,0.36241336545047415,0.3624133668047205
412,855.0,3721,-1.7530309,-1.753031,-1.7530309,-2.3883527253865937,-2.3883527230125576,-2.388352721636608,-0.6353218291997651,-0.6353218268257294,-0.6353218254497794,0.36241336466557644,0.36241336545047415,0.3624133668047205
413,860.0,3721,-1.7530309,-1.753031,-1.7530309,-2.3883527253865937,-2.3883527230125576,-2.388352721636608,-0.6353218291997651,-0.6353218268257294,-0.6353218254497794,0.36241336466557644,0.36241336545047415,0.3624133668047205
414,865.0,3721,-1.7530309,-1.753031,-1.7530309,-2.3883527253865937,-2.3883527230125576,-2.388352721636608,-0.6353218291997651,-0.6353218268257294,-0.6353218254497794,0.36241336466557644,0.36241336545047415,0.3624133668047205
415,870.0,3721,-1.7971472,-1.7971473,-1.7971472,-2.4218801999245407,-2.4218801981803133,-2.42188019713825,-0.6247330451164963,-0.6247330433722689,-0.6247330423302055,0.34762486792403713,0.34762486850388025,0.34762486947443366
416,875.0,3721,-1.7971472,-1.7971473,-1.7971472,-2.4218801999245407,-2.4218801981803133,-2.42188019713825,-0.6247330451164963,-0.6247330433722689,-0.6247330423302055,0.34762486792403713,0.34762486850388025,0.34762486947443366
417,880.0,3721,-1.7971472,-1.7971473,-1.7971472,-2.4218801999245407,-2.4218801981803133,-2.42188019713825,-0.6247330451164963,-0.6247330433722689,-0.6247330423302055,0.34762486792403713,0.34762486850388025,0.34762486947443366
418,885.0,3721,-1.7971472,-1.7971473,-1.7971472,-2.4218801999245407,-2.4218801981803133,-2.42188019713825,-0.6247330451164963,-0.6247330433722689,-0.6247330423302055,0.34762486792403713,0.34762486850388025,0.34762486947443366
419,890.0,3721,-1.8412633,-1.841263,-1.8412633,-2.455407674654153,-2.455407673349272,-2.4554076725385094,-0.6141443804341824,-0.6141443791293012,-0.6141443783185387,0.33354511559886046,0.3335451160391899,0.3335451167478779
420,895.0,3721,-1.8412633,-1.841263,-1.8412633,-2.455407674654153,-2.455407673349272,-2.4554076725385094,-0.6141443804341824,-0.6141443791293012,-0.6141443783185387,0.33354511559886046,0.3335451160391899,0.3335451167478779
421,900.0,3721,-1.8412633,-1.841263,-1.8412633,-2.455407674654153,-2.455407673349272,-2.4554076725385094,-0.6141443804341824,-0.6141443791293012,-0.6141443783185387,0.33354511559886046,0.3335451160391899,0.3335451167478779
422,905.0,3721,-1.8412633,-1.841263,-1.8412633,-2.455407674654153,-2.455407673349272,-2.4554076725385094,-0.6141443804341824,-0.6141443791293012,-0.6141443783185387,0.33354511559886046,0.3335451160391899,0.3335451167478779
423,910.0,3721,-1.8853794,-1.8853797,-1.8853794,-2.4889350469134315,-2.488935045945619,-2.488935045303895,-0.6035556132815345,-0.6035556123137219,-0.603555611671998,0.32012421526702445,0.320124215607393,0.3201242161207181
424,915.0,3721,-1.8853794,-1.8853797,-1.8853794,-2.4889350469134315,-2.488935045945619,-2.488935045303895,-0.6035556132815345,-0.6035556123137219,-0.603555611671998,0.32012421526702445,0.320124215607393,0.3201242161207181
425,920.0,3721,-1.8853794,-1.8853797,-1.8853794,-2.4889350469134315,-2.488935045945619,-2.488935045303895,-0.6035556132815345,-0.6035556123137219,-0.603555611671998,0.32012421526702445,0.320124215607393,0.3201242161207181
426,925.0,3721,-1.8853794,-1.8853797,-1.8853794,-2.4889350469134315,-2.488935045945619,-2.488935045303895,-0.6035556132815345,-0.6035556123137219,-0.603555611671998,0.32012421526702445,0.320124215607393,0.3201242161207181
427,930.0,3721,-1.9294956,-1.9294953,-1.9294956,-2.5224625218327925,-2.5224625211145852,-2.5224625205979976,-0.5929669487889693,-0.5929669480707622,-0.5929669475541743,0.3073170811264187,0.3073170813941507,0.30731708176637607
428,935.0,3721,-1.9294956,-1.9294953,-1.9294956,-2.5224625218327925,-2.5224625211145852,-2.5224625205979976,-0.5929669487889693,-0.5929669480707622,-0.5929669475541743,0.3073170811264187,0.3073170813941507,0.30731708176637607
429,940.0,3721,-1.9294956,-1.9294953,-1.9294956,-2.5224625218327925,-2.5224625211145852,-2.5224625205979976,-0.5929669487889693,-0.5929669480707622,-0.5929669475541743,0.3073170811264187,0.3073170813941507,0.30731708176637607
430,945.0,3721,-1.9294956,-1.9294953,-1.9294956,-2.5224625218327925,-2.5224625211145852,-2.5224625205979976,-0.5929669487889693,-0.5929669480707622,-0.5929669475541743,0.3073170811264187,0.3073170813941507,0.30731708176637607
431,950.0,3721,-1.9736117,-1.9736118,-1.9736117,-2.555989996790936,-2.5559899962822343,-2.555989995860848,-0.5823782843351863,-0.5823782838264852,-0.5823782834050983,0.2950825026673811,0.29508250288089166,0.29508250313864304
432,955.0,3721,-1.9736117,-1.9736118,-1.9736117,-2.555989996790936,-2.5559899962822343,-2.555989995860848,-0.5823782843351863,-0.5823782838264852,-0.5823782834050983,0.2950825026673811,0.29508250288089166,0.29508250313864304
433,960.0,3721,-1.9736117,-1.9736118,-1.9736117,-2.555989996790936,-2.5559899962822343,-2.555989995860848,-0.5823782843351863,-0.5823782838264852,-0.5823782834050983,0.2950825026673811,0.29508250288089166,0.29508250313864304
434,965.0,3721,-1.9736117,-1.9736118,-1.9736117,-2.555989996790936,-2.5559899962822343,-2.555989995860848,-0.5823782843351863,-0.5823782838264852,-0.5823782834050983,0.2950825026673811,0.29508250288089166,0.29508250313864304
435,970.0,3721,-2.0177279,-2.0177274,-2.0177279,-2.5895174718393514,-2.589517471446404,-2.589517471099572,-0.5717896199716757,-0.5717896195787285,-0.5717896192318963,0.2833829243634759,0.2833829245353684,0.2833829247301157
436,975.0,3721,-2.0177279,-2.0177274,-2.0177279,-2.5895174718393514,-2.589517471446404,-2.589517471099572,-0.5717896199716757,-0.5717896195787285,-0.5717896192318963,0.2833829243634759,0.2833829245353684,0.2833829247301157
437,980.0,3721,-2.0177279,-2.0177274,-2.0177279,-2.5895174718393514,-2.589517471446404,-2.589517471099572,-0.5717896199716757,-0.5717896195787285,-0.5717896192318963,0.2833829243634759,0.2833829245353684,0.2833829247301157
438,985.0,3721,-2.0177279,-2.0177274,-2.0177279,-2.5895174718393514,-2.589517471446404,-2.589517471099572,-0.5717896199716757,-0.5717896195787285,-0.5717896192318963,0.2833829243634759,0.2833829245353684,0.2833829247301157
439,990.0,3721,-2.061844,-2.0618439,-2.061844,-2.623044946936389,-2.6230449466043084,-2.623044946318564,-0.5612008364474974,-0.5612008361154173,-0.5612008358296725,0.2721839313528917,0.2721839314914786,0.27218393165253846
440,995.0,3721,-2.061844,-2.0618439,-2.061844,-2.623044946936389,-2.6230449466043084,-2.623044946318564,-0.5612008364474974,-0.5612008361154173,-0.5612008358296725,0.2721839313528917,0.2721839314914786,0.27218393165253846
441,1000.0,3721,-2.061844,-2.0618439,-2.061844,-2.623044946936389,-2.6230449466043084,-2.623044946318564,-0.5612008364474974,-0.5612008361154173,-0.5612008358296725,0.2721839313528917,0.2721839314914786,0.27218393165253846
442,1005.0,3721,-2.061844,-2.0618439,-2.061844,-2.623044946936389,-2.6230449466043084,-2.623044946318564,-0.5612008364474974,-0.5612008361154173,-0.5612008358296725,0.2721839313528917,0.2721839314914786,0.27218393165253846
443,1010.0,3721,-2.1059601,-2.1059604,-2.1059601,-2.656572319459868,-2.6565723191813806,-2.6565723189432373,-0.5506121887683397,-0.5506121884898525,-0.550612188251709,0.2614542318381431,0.26145423195122375,0.26145423208346147
444,1015.0,3721,-2.1059601,-2.1059604,-2.1059601,-2.656572319459868,-2.6565723191813806,-2.6565723189432373,-0.5506121887683397,-0.5506121884898525,-0.550612188251709,0.2614542318381431,0.26145423195122375,0.26145423208346147
445,1020.0,3721,-2.1059601,-2.1059604,-2.1059601,-2.656572319459868,-2.6565723191813806,-2.6565723189432373,-0.5506121887683397,-0.5506121884898525,-0.550612188251709,0.2614542318381431,0.26145423195122375,0.26145423208346147
446,1025.0,3721,-2.1059601,-2.1059604,-2.1059601,-2.656572319459868,-2.6565723191813806,-2.6565723189432373,-0.5506121887683397,-0.5506121884898525,-0.550612188251709,0.2614542318381431,0.26145423195122375,0.26145423208346147
447,1030.0,3721,-2.1500764,-2.150076,-2.1500764,-2.690099897125817,-2.6900998968995102,-2.690099896698313,-0.5400235078130731,-0.5400235075867658,-0.5400235073855688,0.2511648005018944,0.2511648005954711,0.2511648007007265
448,1035.0,3721,-2.1500764,-2.150076,-2.1500764,-2.690099897125817,-2.6900998968995102,-2.690099896698313,-0.5400235078130731,-0.5400235075867658,-0.5400235073855688,0.2511648005018944,0.2511648005954711,0.2511648007007265
449,1040.0,3721,-2.1500764,-2.150076,-2.1500764,-2.690099897125817,-2.6900998968995102,-2.690099896698313,-0.5400235078130731,-0.5400235075867658,-0.5400235073855688,0.2511648005018944,0.2511648005954711,0.2511648007007265
450,1045.0,3721,-2.1500764,-2.150076,-2.1500764,-2.690099897125817,-2.6900998968995102,-2.690099896698313,-0.5400235078130731,-0.5400235075867658,-0.5400235073855688,0.2511648005018944,0.2511648005954711,0.2511648007007265
451,1050.0,3721,-2.1941924,-2.194193,-2.1941924,-2.7236272696526664,-2.7236272694627957,-2.7236272692893104,-0.5294348601372856,-0.5294348599474147,-0.5294348597739296,0.24128916747591106,0.24128916755497667,0.24128916764151004
452,1055.0,3721,-2.1941924,-2.194193,-2.1941924,-2.7236272696526664,-2.7236272694627957,-2.7236272692893104,-0.5294348601372856,-0.5294348599474147,-0.5294348597739296,0.24128916747591106,0.24128916755497667,0.24128916764151004
453,1060.0,3721,-2.1941924,-2.194193,-2.1941924,-2.7236272696526664,-2.7236272694627957,-2.7236272692893104,-0.5294348601372856,-0.5294348599474147,-0.5294348597739296,0.24128916747591106,0.24128916755497667,0.24128916764151004
454,1065.0,3721,-2.1941924,-2.194193,-2.1941924,-2.7236272696526664,-2.7236272694627957,-2.7236272692893104,-0.5294348601372856,-0.5294348599474147,-0.5294348597739296,0.24128916747591106,0.24128916755497667,0.24128916764151004
455,1070.0,3721,-2.2383087,-2.2383084,-2.2383087,-2.757154642181187,-2.7571546420191617,-2.757154641869645,-0.5188459740445905,-0.5188459738825649,-0.5188459737330482,0.23180269152287655,0.23180269158967556,0.23180269166206305
456,1075.0,3721,-2.2383087,-2.2383084,-2.2383087,-2.757154642181187,-2.7571546420191617,-2.757154641869645,-0.5188459740445905,-0.5188459738825649,-0.5188459737330482,0.23180269152287655,0.23180269158967556,0.23180269166206305
457,1080.0,3721,-2.2383087,-2.2383084,-2.2383087,-2.757154642181187,-2.7571546420191617,-2.757154641869645,-0.5188459740445905,-0.5188459738825649,-0.5188459737330482,0.23180269152287655,0.23180269158967556,0.23180269166206305
458,1085.0,3721,-2.2383087,-2.2383084,-2.2383087,-2.757154642181187,-2.7571546420191617,-2.757154641869645,-0.5188459740445905,-0.5188459738825649,-0.5188459737330482,0.23180269152287655,0.23180269158967556,0.23180269166206305
459,1090.0,3721,-2.2824247,-2.2824247,-2.2824247,-2.790682219854437,-2.790682219717104,-2.7906822195532985,-0.5082575315152038,-0.5082575313778702,-0.5082575312140651,0.22268315524745305,0.22268315531922106,0.2226831553793911
460,1095.0,3721,-2.2824247,-2.2824247,-2.2824247,-2.790682219854437,-2.790682219717104,-2.7906822195532985,-0.5082575315152038,-0.5082575313778702,-0.5082575312140651,0.22268315524745305,0.22268315531922106,0.2226831553793911
461,1100.0,3721,-2.2824247,-2.2824247,-2.2824247,-2.790682219854437,-2.790682219717104,-2.7906822195532985,-0.5082575315152038,-0.5082575313778702,-0.5082575312140651,0.22268315524745305,0.22268315531922106,0.2226831553793911
462,1105.0,3721,-2.2824247,-2.2824247,-2.2824247,-2.790682219854437,-2.790682219717104,-2.7906822195532985,-0.5082575315152038,-0.5082575313778702,-0.5082575312140651,0.22268315524745305,0.22268315531922106,0.2226831553793911
463,1110.0,3721,-2.326541,-2.3265414,-2.326541,-2.8242095923881596,-2.8242095922603907,-2.824209592065038,-0.4976686454277104,-0.4976686452999416,-0.49766864510458886,0.21390925689692972,0.21390925698089672,0.21390925703581468
464,1115.0,3721,-2.326541,-2.3265414,-2.326541,-2.8242095923881596,-2.8242095922603907,-2.824209592065038,-0.4976686454277104,-0.4976686452999416,-0.49766864510458886,0.21390925689692972,0.21390925698089672,0.21390925703581468
465,1120.0,3721,-2.326541,-2.3265414,-2.326541,-2.8242095923881596,-2.8242095922603907,-2.824209592065038,-0.4976686454277104,-0.4976686452999416,-0.49766864510458886,0.21390925689692972,0.21390925698089672,0.21390925703581468
466,1125.0,3721,-2.326541,-2.3265414,-2.326541,-2.8242095923881596,-2.8242095922603907,-2.824209592065038,-0.4976686454277104,-0.4976686452999416,-0.49766864510458886,0.21390925689692972,0.21390925698089672,0.21390925703581468
467,1130.0,3721,-2.370657,-2.370657,-2.370657,-2.857737170070023,-2.8577371699469305,-2.8577371697488863,-0.4870802029069372,-0.4870802027838444,-0.4870802025858003,0.2054621184475621,0.20546211853110186,0.20546211858302535
468,1135.0,3721,-2.370657,-2.370657,-2.370657,-2.857737170070023,-2.8577371699469305,-2.8577371697488863,-0.4870802029069372,-0.4870802027838444,-0.4870802025858003,0.2054621184475621,0.20546211853110186,0.20546211858302535
469,1140.0,3721,-2.370657,-2.370657,-2.370657,-2.857737170070023,-2.8577371699469305,-2.8577371697488863,-0.4870802029069372,-0.4870802027838444,-0.4870802025858003,0.2054621184475621,0.20546211853110186,0.20546211858302535
470,1145.0,3721,-2.370657,-2.370657,-2.370657,-2.857737170070023,-2.8577371699469305,-2.8577371697488863,-0.4870802029069372,-0.4870802027838444,-0.4870802025858003,0.2054621184475621,0.20546211853110186,0.20546211858302535
471,1150.0,3721,-2.4147732,-2.4147732,-2.4147732,-2.8912645426119346,-2.8912645424818084,-2.891264542298928,-0.4764913168276328,-0.47649131669750666,-0.4764913165146263,0.1973234221030694,0.1973234221788034,0.1973234222326909
472,1155.0,3721,-2.4147732,-2.4147732,-2.4147732,-2.8912645426119346,-2.8912645424818084,-2.891264542298928,-0.4764913168276328,-0.47649131669750666,-0.4764913165146263,0.1973234221030694,0.1973234221788034,0.1973234222326909
473,1160.0,3721,-2.4147732,-2.4147732,-2.4147732,-2.8912645426119346,-2.8912645424818084,-2.891264542298928,-0.4764913168276328,-0.47649131669750666,-0.4764913165146263,0.1973234221030694,0.1973234221788034,0.1973234222326909
474,1165.0,3721,-2.4147732,-2.4147732,-2.4147732,-2.8912645426119346,-2.8912645424818084,-2.891264542298928,-0.4764913168276328,-0.47649131669750666,-0.4764913165146263,0.1973234221030694,0.1973234221788034,0.1973234222326909
475,1170.0,3721,-2.4588892,-2.458889,-2.4588892,-2.92479191515652,-2.9247919150154833,-2.9247919148109642,-0.46590266916958134,-0.4659026690285447,-0.46590266882402576,0.18947688253320402,0.18947688261637935,0.18947688267373722
476,1175.0,3721,-2.4588892,-2.458889,-2.4588892,-2.92479191515652,-2.9247919150154833,-2.9247919148109642,-0.46590266916958134,-0.4659026690285447,-0.46590266882402576,0.18947688253320402,0.18947688261637935,0.18947688267373722
477,1180.0,3721,-2.4588892,-2.458889,-2.4588892,-2.92479191515652,-2.9247919150154833,-2.9247919148109642,-0.46590266916958134,-0.4659026690285447,-0.46590266882402576,0.18947688253320402,0.18947688261637935,0.18947688267373722
478,1185.0,3721,-2.4588892,-2.458889,-2.4588892,-2.92479191515652,-2.9247919150154833,-2.9247919148109642,-0.46590266916958134,-0.4659026690285447,-0.46590266882402576,0.18947688253320402,0.18947688261637935,0.18947688267373722
479,1190.0,3721,-2.5030055,-2.5030055,-2.5030055,-2.9583194928508436,-2.9583194926975835,-2.95831949246751,-0.4553139882426893,-0.455313988089429,-0.4553139878593555,0.18190690632565545,0.18190690641757437,0.18190690647880486
480,1195.0,3721,-2.5030055,-2.5030055,-2.5030055,-2.9583194928508436,-2.9583194926975835,-2.95831949246751,-0.4553139882426893,-0.455313988089429,-0.4553139878593555,0.18190690632565545,0.18190690641757437,0.18190690647880486
481,1200.0,3721,-2.5030055,-2.5030055,-2.5030055,-2.9583194928508436,-2.9583194926975835,-2.95831949246751,-0.4553139882426893,-0.455313988089429,-0.4553139878593555,0.18190690632565545,0.18190690641757437,0.18190690647880486
482,1205.0,3721,-2.5030055,-2.5030055,-2.5030055,-2.9583194928508436,-2.9583194926975835,-2.95831949246751,-0.4553139882426893,-0.455313988089429,-0.4553139878593555,0.18190690632565545,0.18190690641757437,0.18190690647880486
483,1210.0,3721,-2.5471218,-2.5471218,-2.5471218,-2.991846865397054,-2.9918468652332475,-2.9918468649974232,-0.4447251021676837,-0.44472510200387766,-0.44472510176805313,0.17459907421316526,0.17459907430574995,0.1745990743700602
484,1215.0,3721,-2.5471218,-2.5471218,-2.5471218,-2.991846865397054,-2.9918468652332475,-2.9918468649974232,-0.4447251021676837,-0.44472510200387766,-0.44472510176805313,0.17459907421316526,0.17459907430574995,0.1745990743700602
485,1220.0,3721,-2.5471218,-2.5471218,-2.5471218,-2.991846865397054,-2.9918468652332475,-2.9918468649974232,-0.4447251021676837,-0.44472510200387766,-0.44472510176805313,0.17459907421316526,0.17459907430574995,0.1745990743700602
486,1225.0,3721,-2.5471218,-2.5471218,-2.5471218,-2.991846865397054,-2.9918468652332475,-2.9918468649974232,-0.4447251021676837,-0.44472510200387766,-0.44472510176805313,0.17459907421316526,0.17459907430574995,0.1745990743700602
487,1230.0,3721,-2.5912378,-2.5912375,-2.5912378,-3.0253744430992993,-3.0253744429170997,-3.0253744426796922,-0.4341366596672924,-0.4341366594850931,-0.4341366592476854,0.16754026281319737,0.16754026290481677,0.1675402629751304
488,1235.0,3721,-2.5912378,-2.5912375,-2.5912378,-3.0253744430992993,-3.0253744429170997,-3.0253744426796922,-0.4341366596672924,-0.4341366594850931,-0.4341366592476854,0.16754026281319737,0.16754026290481677,0.1675402629751304
489,1240.0,3721,-2.5912378,-2.5912375,-2.5912378,-3.0253744430992993,-3.0253744429170997,-3.0253744426796922,-0.4341366596672924,-0.4341366594850931,-0.4341366592476854,0.16754026281319737,0.16754026290481677,0.1675402629751304
490,1245.0,3721,-2.5912378,-2.5912375,-2.5912378,-3.0253744430992993,-3.0253744429170997,-3.0253744426796922,-0.4341366596672924,-0.4341366594850931,-0.4341366592476854,0.16754026281319737,0.16754026290481677,0.1675402629751304
491,1250.0,3721,-2.635354,-2.6353536,-2.635354,-3.0589018156439423,-3.0589018154512706,-3.058901815220216,-0.4235477735907196,-0.42354777339804806,-0.4235477731669932,0.16071759862557375,0.16071759871324884,0.1607175987863591
492,1255.0,3721,-2.635354,-2.6353536,-2.635354,-3.0589018156439423,-3.0589018154512706,-3.058901815220216,-0.4235477735907196,-0.42354777339804806,-0.4235477731669932,0.16071759862557375,0.16071759871324884,0.1607175987863591
493,1260.0,3721,-2.635354,-2.6353536,-2.635354,-3.0589018156439423,-3.0589018154512706,-3.058901815220216,-0.4235477735907196,-0.42354777339804806,-0.4235477731669932,0.16071759862557375,0.16071759871324884,0.1607175987863591
494,1265.0,3721,-2.67947,-2.6794703,-2.67947,-3.0924291881872223,-3.092429187984791,-3.0924291877591346,-0.41295912593136297,-0.41295912572893134,-0.4129591255032752,0.15411970125003108,0.15411970133424777,0.15411970140979692
495,1270.0,3721,-2.67947,-2.6794703,-2.67947,-3.0924291881872223,-3.092429187984791,-3.0924291877591346,-0.41295912593136297,-0.41295912572893134,-0.4129591255032752,0.15411970125003108,0.15411970133424777,0.15411970140979692
496,1275.0,3721,-2.67947,-2.6794703,-2.67947,-3.0924291881872223,-3.092429187984791,-3.0924291877591346,-0.41295912593136297,-0.41295912572893134,-0.4129591255032752,0.15411970125003108,0.15411970133424777,0.15411970140979692
497,1280.0,3721,-2.67947,-2.6794703,-2.67947,-3.0924291881872223,-3.092429187984791,-3.0924291877591346,-0.41295912593136297,-0.41295912572893134,-0.4129591255032752,0.15411970125003108,0.15411970133424777,0.15411970140979692
498,1285.0,3721,-2.7235863,-2.7235868,-2.7235863,-3.1259567658668406,-3.125956765671996,-3.1259567654518907,-0.4023704449897654,-0.4023704447949205,-0.4023704445748155,0.14773552117314218,0.1477355212539566,0.1477355213254964
499,1290.0,3721,-2.7235863,-2.7235868,-2.7235863,-3.1259567658668406,-3.125956765671996,-3.1259567654518907,-0.4023704449897654,-0.4023704447949205,-0.4023704445748155,0.14773552117314218,0.1477355212539566,0.1477355213254964
500,1295.0,3721,-2.7235863,-2.7235868,-2.7235863,-3.1259567658668406,-3.125956765671996,-3.1259567654518907,-0.4023704449897654,-0.4023704447949205,-0.4023704445748155,0.14773552117314218,0.1477355212539566,0.1477355213254964
501,1300.0,3721,-2.7235863,-2.7235868,-2.7235863,-3.1259567658668406,-3.125956765671996,-3.1259567654518907,-0.4023704449897654,-0.4023704447949205,-0.4023704445748155,0.14773552117314218,0.1477355212539566,0.1477355213254964
502,1305.0,3721,-2.7677023,-2.7677028,-2.7677023,-3.159484138411696,-3.159484138219488,-3.1594841380106367,-0.3917817973319839,-0.3917817971397763,-0.39178179693092474,0.14155488873058736,0.1415548888060476,0.14155488887549425
503,1310.0,3721,-2.7677023,-2.7677028,-2.7677023,-3.159484138411696,-3.159484138219488,-3.1594841380106367,-0.3917817973319839,-0.3917817971397763,-0.39178179693092474,0.14155488873058736,0.1415548888060476,0.14155488887549425
504,1315.0,3721,-2.7677023,-2.7677028,-2.7677023,-3.159484138411696,-3.159484138219488,-3.1594841380106367,-0.3917817973319839,-0.3917817971397763,-0.39178179693092474,0.14155488873058736,0.1415548888060476,0.14155488887549425
505,1320.0,3721,-2.7677023,-2.7677028,-2.7677023,-3.159484138411696,-3.159484138219488,-3.1594841380106367,-0.3917817973319839,-0.3917817971397763,-0.39178179693092474,0.14155488873058736,0.1415548888060476,0.14155488887549425
506,1325.0,3721,-2.8118186,-2.8118186,-2.8118186,-3.1930117161337876,-3.19301171592413,-3.193011715697058,-0.3811931164328599,-0.38119311622320234,-0.38119311599613015,0.13556817500128737,0.1355681750820437,0.13556817515660669
507,1330.0,3721,-2.8118186,-2.8118186,-2.8118186,-3.1930117161337876,-3.19301171592413,-3.193011715697058,-0.3811931164328599,-0.38119311622320234,-0.38119311599613015,0.13556817500128737,0.1355681750820437,0.13556817515660669
508,1335.0,3721,-2.8118186,-2.8118186,-2.8118186,-3.1930117161337876,-3.19301171592413,-3.193011715697058,-0.3811931164328599,-0.38119311622320234,-0.38119311599613015,0.13556817500128737,0.1355681750820437,0.13556817515660669
509,1340.0,3721,-2.8118186,-2.8118186,-2.8118186,-3.1930117161337876,-3.19301171592413,-3.193011715697058,-0.3811931164328599,-0.38119311622320234,-0.38119311599613015,0.13556817500128737,0.1355681750820437,0.13556817515660669
510,1345.0,3721,-2.8559346,-2.8559344,-2.8559346,-3.2265390887092096,-3.2265390884883924,-3.226539088252722,-0.3706044688056451,-0.3706044685848282,-0.3706044683491574,0.12976643994800954,0.12976644003052923,0.12976644010784785
511,1350.0,3721,-2.8559346,-2.8559344,-2.8559346,-3.2265390887092096,-3.2265390884883924,-3.226539088252722,-0.3706044688056451,-0.3706044685848282,-0.3706044683491574,0.12976643994800954,0.12976644003052923,0.12976644010784785
512,1355.0,3721,-2.8559346,-2.8559344,-2.8559346,-3.2265390887092096,-3.2265390884883924,-3.226539088252722,-0.3706044688056451,-0.3706044685848282,-0.3706044683491574,0.12976643994800954,0.12976644003052923,0.12976644010784785
513,1360.0,3721,-2.8559346,-2.8559344,-2.8559346,-3.2265390887092096,-3.2265390884883924,-3.226539088252722,-0.3706044688056451,-0.3706044685848282,-0.3706044683491574,0.12976643994800954,0.12976644003052923,0.12976644010784785
514,1365.0,3721,-2.9000509,-2.9000506,-2.9000509,-3.260066461309119,-3.2600664610634813,-3.2600664608289804,-0.36001558278433876,-0.3600155825387011,-0.36001558230420017,0.12414112627132101,0.12414112635218197,0.12414112643688313
515,1370.0,3721,-2.9000509,-2.9000506,-2.9000509,-3.260066461309119,-3.2600664610634813,-3.2600664608289804,-0.36001558278433876,-0.3600155825387011,-0.36001558230420017,0.12414112627132101,0.12414112635218197,0.12414112643688313
516,1375.0,3721,-2.9000509,-2.9000506,-2.9000509,-3.260066461309119,-3.2600664610634813,-3.2600664608289804,-0.36001558278433876,-0.3600155825387011,-0.36001558230420017,0.12414112627132101,0.12414112635218197,0.12414112643688313
517,1380.0,3721,-2.9000509,-2.9000506,-2.9000509,-3.260066461309119,-3.2600664610634813,-3.2600664608289804,-0.36001558278433876,-0.3600155825387011,-0.36001558230420017,0.12414112627132101,0.12414112635218197,0.12414112643688313
518,1385.0,3721,-2.9441671,-2.9441676,-2.9441671,-3.29359403904649,-3.2935940387992173,-3.2935940385451516,-0.3494269019004941,-0.3494269016532216,-0.34942690139915555,0.11868446495122606,0.11868446503752077,0.11868446512150801
519,1390.0,3721,-2.9441671,-2.9441676,-2.9441671,-3.29359403904649,-3.2935940387992173,-3.2935940385451516,-0.3494269019004941,-0.3494269016532216,-0.34942690139915555,0.11868446495122606,0.11868446503752077,0.11868446512150801
520,1395.0,3721,-2.9441671,-2.9441676,-2.9441671,-3.29359403904649,-3.2935940387992173,-3.2935940385451516,-0.3494269019004941,-0.3494269016532216,-0.34942690139915555,0.11868446495122606,0.11868446503752077,0.11868446512150801
521,1400.0,3721,-2.9441671,-2.9441676,-2.9441671,-3.29359403904649,-3.2935940387992173,-3.2935940385451516,-0.3494269019004941,-0.3494269016532216,-0.34942690139915555,0.11868446495122606,0.11868446503752077,0.11868446512150801
522,1405.0,3721,-2.9882832,-2.988283,-2.9882832,-3.327121411640254,-3.3271214113952707,-3.3271214111621155,-0.33883825429162107,-0.3388382540466378,-0.33883825381348265,0.1133889380530185,0.11338893813104162,0.11338893821302289
523,1410.0,3721,-2.9882832,-2.988283,-2.9882832,-3.327121411640254,-3.3271214113952707,-3.3271214111621155,-0.33883825429162107,-0.3388382540466378,-0.33883825381348265,0.1133889380530185,0.11338893813104162,0.11338893821302289
524,1415.0,3721,-2.9882832,-2.988283,-2.9882832,-3.327121411640254,-3.3271214113952707,-3.3271214111621155,-0.33883825429162107,-0.3388382540466378,-0.33883825381348265,0.1133889380530185,0.11338893813104162,0.11338893821302289
525,1420.0,3721,-2.9882832,-2.988283,-2.9882832,-3.327121411640254,-3.3271214113952707,-3.3271214111621155,-0.33883825429162107,-0.3388382540466378,-0.33883825381348265,0.1133889380530185,0.11338893813104162,0.11338893821302289
526,1425.0,3721,-3.0323994,-3.032399,-3.0323994,-3.360648989371919,-3.360648989138255,-3.3606489889103655,-0.3282495734020703,-0.3282495731684065,-0.3282495729405168,0.10824747268180474,0.10824747275695634,0.10824747283401208
527,1430.0,3721,-3.0323994,-3.032399,-3.0323994,-3.360648989371919,-3.360648989138255,-3.3606489889103655,-0.3282495734020703,-0.3282495731684065,-0.3282495729405168,0.10824747268180474,0.10824747275695634,0.10824747283401208
528,1435.0,3721,-3.0323994,-3.032399,-3.0323994,-3.360648989371919,-3.360648989138255,-3.3606489889103655,-0.3282495734020703,-0.3282495731684065,-0.3282495729405168,0.10824747268180474,0.10824747275695634,0.10824747283401208
529,1440.0,3721,-3.0323994,-3.032399,-3.0323994,-3.360648989371919,-3.360648989138255,-3.3606489889103655,-0.3282495734020703,-0.3282495731684065,-0.3282495729405168,0.10824747268180474,0.10824747275695634,0.10824747283401208
530,1445.0,3721,-3.0765154,-3.0765154,-3.0765154,-3.394176361958867,-3.3941763617261507,-3.394176361468935,-0.31766092578638183,-0.3176609255536652,-0.31766092529644974,0.10325348007733513,0.10325348016094126,0.10325348023658416
531,1450.0,3721,-3.0765154,-3.0765154,-3.0765154,-3.394176361958867,-3.3941763617261507,-3.394176361468935,-0.31766092578638183,-0.3176609255536652,-0.31766092529644974,0.10325348007733513,0.10325348016094126,0.10325348023658416
532,1455.0,3721,-3.0765154,-3.0765154,-3.0765154,-3.394176361958867,-3.3941763617261507,-3.394176361468935,-0.31766092578638183,-0.3176609255536652,-0.31766092529644974,0.10325348007733513,0.10325348016094126,0.10325348023658416
533,1460.0,3721,-3.0765154,-3.0765154,-3.0765154,-3.394176361958867,-3.3941763617261507,-3.394176361468935,-0.31766092578638183,-0.3176609255536652,-0.31766092529644974,0.10325348007733513,0.10325348016094126,0.10325348023658416
534,1465.0,3721,-3.1206317,-3.120632,-3.1206317,-3.4277037345345955,-3.4277037343075656,-3.4277037340425456,-0.30707203974089436,-0.3070720395138645,-0.3070720392488444,0.09840060259631002,0.09840060268123518,0.09840060275398642
535,1470.0,3721,-3.1206317,-3.120632,-3.1206317,-3.4277037345345955,-3.4277037343075656,-3.4277037340425456,-0.30707203974089436,-0.3070720395138645,-0.3070720392488444,0.09840060259631002,0.09840060268123518,0.09840060275398642
536,1475.0,3721,-3.1206317,-3.120632,-3.1206317,-3.4277037345345955,-3.4277037343075656,-3.4277037340425456,-0.30707203974089436,-0.3070720395138645,-0.3070720392488444,0.09840060259631002,0.09840060268123518,0.09840060275398642
537,1480.0,3721,-3.1206317,-3.120632,-3.1206317,-3.4277037345345955,-3.4277037343075656,-3.4277037340425456,-0.30707203974089436,-0.3070720395138645,-0.3070720392488444,0.09840060259631002,0.09840060268123518,0.09840060275398642
538,1485.0,3721,-3.1647477,-3.164748,-3.1647477,-3.461231312256164,-3.4612313120339646,-3.4612313117411166,-0.2964835972598263,-0.2964835970376274,-0.29648359674477875,0.09368316954298578,0.09368316963552037,0.093683169705731
539,1490.0,3721,-3.1647477,-3.164748,-3.1647477,-3.461231312256164,-3.4612313120339646,-3.4612313117411166,-0.2964835972598263,-0.2964835970376274,-0.29648359674477875,0.09368316954298578,0.09368316963552037,0.093683169705731
540,1495.0,3721,-3.1647477,-3.164748,-3.1647477,-3.461231312256164,-3.4612313120339646,-3.4612313117411166,-0.2964835972598263,-0.2964835970376274,-0.29648359674477875,0.09368316954298578,0.09368316963552037,0.093683169705731
541,1500.0,3721,-3.1647477,-3.164748,-3.1647477,-3.461231312256164,-3.4612313120339646,-3.4612313117411166,-0.2964835972598263,-0.2964835970376274,-0.29648359674477875,0.09368316954298578,0.09368316963552037,0.093683169705731
542,1505.0,3721,-3.208864,-3.2088635,-3.208864,-3.4947586848553325,-3.4947586846131005,-3.4947586843303218,-0.28589471123777876,-0.2858947109955467,-0.28589471071276806,0.08909530384064894,0.08909530392877317,0.08909530400426158
543,1510.0,3721,-3.208864,-3.2088635,-3.208864,-3.4947586848553325,-3.4947586846131005,-3.4947586843303218,-0.28589471123777876,-0.2858947109955467,-0.28589471071276806,0.08909530384064894,0.08909530392877317,0.08909530400426158
544,1515.0,3721,-3.208864,-3.2088635,-3.208864,-3.4947586848553325,-3.4947586846131005,-3.4947586843303218,-0.28589471123777876,-0.2858947109955467,-0.28589471071276806,0.08909530384064894,0.08909530392877317,0.08909530400426158
545,1520.0,3721,-3.208864,-3.2088635,-3.208864,-3.4947586848553325,-3.4947586846131005,-3.4947586843303218,-0.28589471123777876,-0.2858947109955467,-0.28589471071276806,0.08909530384064894,0.08909530392877317,0.08909530400426158
546,1525.0,3721,-3.25298,-3.2529798,-3.25298,-3.5282862626089107,-3.5282862623489777,-3.5282862620250217,-0.2753062687887202,-0.2753062685287872,-0.2753062682048313,0.08463202009475651,0.08463202019434393,0.08463202027425007
547,1530.0,3721,-3.25298,-3.2529798,-3.25298,-3.5282862626089107,-3.5282862623489777,-3.5282862620250217,-0.2753062687887202,-0.2753062685287872,-0.2753062682048313,0.08463202009475651,0.08463202019434393,0.08463202027425007
548,1535.0,3721,-3.25298,-3.2529798,-3.25298,-3.5282862626089107,-3.5282862623489777,-3.5282862620250217,-0.2753062687887202,-0.2753062685287872,-0.2753062682048313,0.08463202009475651,0.08463202019434393,0.08463202027425007
549,1540.0,3721,-3.25298,-3.2529798,-3.25298,-3.5282862626089107,-3.5282862623489777,-3.5282862620250217,-0.2753062687887202,-0.2753062685287872,-0.2753062682048313,0.08463202009475651,0.08463202019434393,0.08463202027425007
550,1545.0,3721,-3.2970963,-3.2970965,-3.2970963,-3.561813635203817,-3.561813634933837,-3.561813634569975,-0.26471738276241075,-0.26471738249243076,-0.2647173821285689,0.0802880358535342,0.08028803596389247,0.08028803604577665
551,1550.0,3721,-3.2970963,-3.2970965,-3.2970963,-3.561813635203817,-3.561813634933837,-3.561813634569975,-0.26471738276241075,-0.26471738249243076,-0.2647173821285689,0.0802880358535342,0.08028803596389247,0.08028803604577665
552,1555.0,3721,-3.2970963,-3.2970965,-3.2970963,-3.561813635203817,-3.561813634933837,-3.561813634569975,-0.26471738276241075,-0.26471738249243076,-0.2647173821285689,0.0802880358535342,0.08028803596389247,0.08028803604577665
553,1560.0,3721,-3.2970963,-3.2970965,-3.2970963,-3.561813635203817,-3.561813634933837,-3.561813634569975,-0.26471738276241075,-0.26471738249243076,-0.2647173821285689,0.0802880358535342,0.08028803596389247,0.08028803604577665
554,1565.0,3721,-3.3412123,-3.3412127,-3.3412123,-3.5953410077525265,-3.595341007486491,-3.595341007111006,-0.25412873510848355,-0.25412873484244825,-0.25412873446696294,0.07605884144136107,0.07605884155374103,0.07605884163336342
555,1570.0,3721,-3.3412123,-3.3412127,-3.3412123,-3.5953410077525265,-3.595341007486491,-3.595341007111006,-0.25412873510848355,-0.25412873484244825,-0.25412873446696294,0.07605884144136107,0.07605884155374103,0.07605884163336342
556,1575.0,3721,-3.3412123,-3.3412127,-3.3412123,-3.5953410077525265,-3.595341007486491,-3.595341007111006,-0.25412873510848355,-0.25412873484244825,-0.25412873446696294,0.07605884144136107,0.07605884155374103,0.07605884163336342
557,1580.0,3721,-3.3412123,-3.3412127,-3.3412123,-3.5953410077525265,-3.595341007486491,-3.595341007111006,-0.25412873510848355,-0.25412873484244825,-0.25412873446696294,0.07605884144136107,0.07605884155374103,0.07605884163336342
558,1585.0,3721,-3.3853285,-3.385329,-3.3853285,-3.628868585449663,-3.628868585170444,-3.6288685847708035,-0.2435400541844044,-0.2435400539051851,-0.24354005350554475,0.07193985790635281,0.07193985802440349,0.07193985810688272
559,1590.0,3721,-3.3853285,-3.385329,-3.3853285,-3.628868585449663,-3.628868585170444,-3.6288685847708035,-0.2435400541844044,-0.2435400539051851,-0.24354005350554475,0.07193985790635281,0.07193985802440349,0.07193985810688272
560,1595.0,3721,-3.3853285,-3.385329,-3.3853285,-3.628868585449663,-3.628868585170444,-3.6288685847708035,-0.2435400541844044,-0.2435400539051851,-0.24354005350554475,0.07193985790635281,0.07193985802440349,0.07193985810688272
561,1600.0,3721,-3.3853285,-3.385329,-3.3853285,-3.628868585449663,-3.628868585170444,-3.6288685847708035,-0.2435400541844044,-0.2435400539051851,-0.24354005350554475,0.07193985790635281,0.07193985802440349,0.07193985810688272
562,1605.0,3721,-3.4294448,-3.4294446,-3.4294448,-3.662395957955609,-3.66239595772301,-3.6623959573563747,-0.23295116806913452,-0.23295116783653558,-0.23295116746990008,0.06792678749542182,0.06792678760232994,0.06792678767015402
563,1610.0,3721,-3.4294448,-3.4294446,-3.4294448,-3.662395957955609,-3.66239595772301,-3.6623959573563747,-0.23295116806913452,-0.23295116783653558,-0.23295116746990008,0.06792678749542182,0.06792678760232994,0.06792678767015402
564,1615.0,3721,-3.4294448,-3.4294446,-3.4294448,-3.662395957955609,-3.66239595772301,-3.6623959573563747,-0.23295116806913452,-0.23295116783653558,-0.23295116746990008,0.06792678749542182,0.06792678760232994,0.06792678767015402
565,1620.0,3721,-3.4294448,-3.4294446,-3.4294448,-3.662395957955609,-3.66239595772301,-3.6623959573563747,-0.23295116806913452,-0.23295116783653558,-0.23295116746990008,0.06792678749542182,0.06792678760232994,0.06792678767015402
566,1625.0,3721,-3.4735608,-3.4735606,-3.4735608,-3.6959235356975197,-3.695923535427766,-3.6959235351218154,-0.22236272560840842,-0.2223627253386548,-0.22236272503270404,0.06401578587219249,0.06401578596027235,0.06401578603793145
567,1630.0,3721,-3.4735608,-3.4735606,-3.4735608,-3.6959235356975197,-3.695923535427766,-3.6959235351218154,-0.22236272560840842,-0.2223627253386548,-0.22236272503270404,0.06401578587219249,0.06401578596027235,0.06401578603793145
568,1635.0,3721,-3.4735608,-3.4735606,-3.4735608,-3.6959235356975197,-3.695923535427766,-3.6959235351218154,-0.22236272560840842,-0.2223627253386548,-0.22236272503270404,0.06401578587219249,0.06401578596027235,0.06401578603793145
569,1640.0,3721,-3.4735608,-3.4735606,-3.4735608,-3.6959235356975197,-3.695923535427766,-3.6959235351218154,-0.22236272560840842,-0.2223627253386548,-0.22236272503270404,0.06401578587219249,0.06401578596027235,0.06401578603793145
570,1645.0,3721,-3.517677,-3.517677,-3.517677,-3.729450908313278,-3.72945090797936,-3.7294509077133644,-0.2117738396029507,-0.21177383926903323,-0.21177383900303726,0.0602027516643758,0.060202751739992746,0.06020275183491831
571,1650.0,3721,-3.517677,-3.517677,-3.517677,-3.729450908313278,-3.72945090797936,-3.7294509077133644,-0.2117738396029507,-0.21177383926903323,-0.21177383900303726,0.0602027516643758,0.060202751739992746,0.06020275183491831
572,1655.0,3721,-3.517677,-3.517677,-3.517677,-3.729450908313278,-3.72945090797936,-3.7294509077133644,-0.2117738396029507,-0.21177383926903323,-0.21177383900303726,0.0602027516643758,0.060202751739992746,0.06020275183491831
573,1660.0,3721,-3.517677,-3.517677,-3.517677,-3.729450908313278,-3.72945090797936,-3.7294509077133644,-0.2117738396029507,-0.21177383926903323,-0.21177383900303726,0.0602027516643758,0.060202751739992746,0.06020275183491831
574,1665.0,3721,-3.561793,-3.5617936,-3.561793,-3.7629782808197234,-3.762978280527405,-3.762978280273814,-0.20118519190675954,-0.20118519161444043,-0.20118519136085,0.056484244406867105,0.056484244478064514,0.05648424456013529
575,1670.0,3721,-3.561793,-3.5617936,-3.561793,-3.7629782808197234,-3.762978280527405,-3.762978280273814,-0.20118519190675954,-0.20118519161444043,-0.20118519136085,0.056484244406867105,0.056484244478064514,0.05648424456013529
576,1675.0,3721,-3.561793,-3.5617936,-3.561793,-3.7629782808197234,-3.762978280527405,-3.762978280273814,-0.20118519190675954,-0.20118519161444043,-0.20118519136085,0.056484244406867105,0.056484244478064514,0.05648424456013529
577,1680.0,3721,-3.561793,-3.5617936,-3.561793,-3.7629782808197234,-3.762978280527405,-3.762978280273814,-0.20118519190675954,-0.20118519161444043,-0.20118519136085,0.056484244406867105,0.056484244478064514,0.05648424456013529
578,1685.0,3721,-3.6059093,-3.6059103,-3.6059093,-3.7965058585179907,-3.796505858202043,-3.796505857985774,-0.19059651098381103,-0.1905965106678632,-0.1905965104515941,0.05285671160367058,0.052856711663646895,0.05285671175126634
579,1690.0,3721,-3.6059093,-3.6059103,-3.6059093,-3.7965058585179907,-3.796505858202043,-3.796505857985774,-0.19059651098381103,-0.1905965106678632,-0.1905965104515941,0.05285671160367058,0.052856711663646895,0.05285671175126634
580,1695.0,3721,-3.6059093,-3.6059103,-3.6059093,-3.7965058585179907,-3.796505858202043,-3.796505857985774,-0.19059651098381103,-0.1905965106678632,-0.1905965104515941,0.05285671160367058,0.052856711663646895,0.05285671175126634
581,1700.0,3721,-3.6059093,-3.6059103,-3.6059093,-3.7965058585179907,-3.796505858202043,-3.796505857985774,-0.19059651098381103,-0.1905965106678632,-0.1905965104515941,0.05285671160367058,0.052856711663646895,0.05285671175126634
582,1705.0,3721,-3.6500254,-3.650025,-3.6500254,-3.8300332309638545,-3.830033230707856,-3.8300332304943905,-0.1800078632270381,-0.1800078629710399,-0.18000786275757408,0.0493168799177928,0.049316879976276186,0.04931688004641219
583,1710.0,3721,-3.6500254,-3.650025,-3.6500254,-3.8300332309638545,-3.830033230707856,-3.8300332304943905,-0.1800078632270381,-0.1800078629710399,-0.18000786275757408,0.0493168799177928,0.049316879976276186,0.04931688004641219
584,1715.0,3721,-3.6500254,-3.650025,-3.6500254,-3.8300332309638545,-3.830033230707856,-3.8300332304943905,-0.1800078632270381,-0.1800078629710399,-0.18000786275757408,0.0493168799177928,0.049316879976276186,0.04931688004641219
585,1720.0,3721,-3.6500254,-3.650025,-3.6500254,-3.8300332309638545,-3.830033230707856,-3.8300332304943905,-0.1800078632270381,-0.1800078629710399,-0.18000786275757408,0.0493168799177928,0.049316879976276186,0.04931688004641219
586,1725.0,3721,-3.6941416,-3.6941416,-3.6941416,-3.8635608085733386,-3.8635608083669464,-3.8635608080630823,-0.16941918221530639,-0.16941918200891437,-0.1694191817050501,0.04586158270062767,0.045861582782883395,0.045861582838753474
587,1730.0,3721,-3.6941416,-3.6941416,-3.6941416,-3.8635608085733386,-3.8635608083669464,-3.8635608080630823,-0.16941918221530639,-0.16941918200891437,-0.1694191817050501,0.04586158270062767,0.045861582782883395,0.045861582838753474
588,1735.0,3721,-3.6941416,-3.6941416,-3.6941416,-3.8635608085733386,-3.8635608083669464,-3.8635608080630823,-0.16941918221530639,-0.16941918200891437,-0.1694191817050501,0.04586158270062767,0.045861582782883395,0.045861582838753474
589,1740.0,3721,-3.6941416,-3.6941416,-3.6941416,-3.8635608085733386,-3.8635608083669464,-3.8635608080630823,-0.16941918221530639,-0.16941918200891437,-0.1694191817050501,0.04586158270062767,0.045861582782883395,0.045861582838753474
590,1745.0,3721,-3.7382576,-3.7382581,-3.7382576,-3.8970881810947553,-3.8970881809037015,-3.897088180665873,-0.15883053453408635,-0.15883053434303285,-0.1588305341052041,0.04248785105845604,0.04248785112207625,0.042487851173183884
591,1750.0,3721,-3.7382576,-3.7382581,-3.7382576,-3.8970881810947553,-3.8970881809037015,-3.897088180665873,-0.15883053453408635,-0.15883053434303285,-0.1588305341052041,0.04248785105845604,0.04248785112207625,0.042487851173183884
592,1755.0,3721,-3.7382576,-3.7382581,-3.7382576,-3.8970881810947553,-3.8970881809037015,-3.897088180665873,-0.15883053453408635,-0.15883053434303285,-0.1588305341052041,0.04248785105845604,0.04248785112207625,0.042487851173183884
593,1760.0,3721,-3.7382576,-3.7382581,-3.7382576,-3.8970881810947553,-3.8970881809037015,-3.897088180665873,-0.15883053453408635,-0.15883053434303285,-0.1588305341052041,0.04248785105845604,0.04248785112207625,0.042487851173183884
594,1765.0,3721,-3.782374,-3.7823744,-3.782374,-3.9306155536656933,-3.93061555346593,-3.9306155532745604,-0.1482416484838085,-0.1482416482840451,-0.1482416480926756,0.0391927534952542,0.03919275354584927,0.039192753598663574
595,1770.0,3721,-3.782374,-3.7823744,-3.782374,-3.9306155536656933,-3.93061555346593,-3.9306155532745604,-0.1482416484838085,-0.1482416482840451,-0.1482416480926756,0.0391927534952542,0.03919275354584927,0.039192753598663574
596,1775.0,3721,-3.782374,-3.7823744,-3.782374,-3.9306155536656933,-3.93061555346593,-3.9306155532745604,-0.1482416484838085,-0.1482416482840451,-0.1482416480926756,0.0391927534952542,0.03919275354584927,0.039192753598663574
597,1780.0,3721,-3.782374,-3.7823744,-3.782374,-3.9306155536656933,-3.93061555346593,-3.9306155532745604,-0.1482416484838085,-0.1482416482840451,-0.1482416480926756,0.0391927534952542,0.03919275354584927,0.039192753598663574
598,1785.0,3721,-3.82649,-3.8264897,-3.82649,-3.9641431313998794,-3.9641431311837527,-3.9641431309912987,-0.1376532060153579,-0.13765320579923174,-0.13765320560677718,0.03597375356814627,0.03597375361844159,0.03597375367492317
599,1790.0,3721,-3.82649,-3.8264897,-3.82649,-3.9641431313998794,-3.9641431311837527,-3.9641431309912987,-0.1376532060153579,-0.13765320579923174,-0.13765320560677718,0.03597375356814627,0.03597375361844159,0.03597375367492317
600,1795.0,3721,-3.82649,-3.8264897,-3.82649,-3.9641431313998794,-3.9641431311837527,-3.9641431309912987,-0.1376532060153579,-0.13765320579923174,-0.13765320560677718,0.03597375356814627,0.03597375361844159,0.03597375367492317
601,1800.0,3721,-3.82649,-3.8264897,-3.82649,-3.9641431313998794,-3.9641431311837527,-3.9641431309912987,-0.1376532060153579,-0.13765320579923174,-0.13765320560677718,0.03597375356814627,0.03597375361844159,0.03597375367492317
602,1805.0,3721,-3.8706062,-3.8706057,-3.8706062,-3.9976705039656775,-3.997670503740173,-3.9976705034591005,-0.12706431995994016,-0.12706431973443555,-0.12706431945336316,0.0328280154096852,0.03282801548230235,0.032828015540563145
603,1810.0,3721,-3.8706062,-3.8706057,-3.8706062,-3.9976705039656775,-3.997670503740173,-3.9976705034591005,-0.12706431995994016,-0.12706431973443555,-0.12706431945336316,0.0328280154096852,0.03282801548230235,0.032828015540563145
604,1815.0,3721,-3.8706062,-3.8706057,-3.8706062,-3.9976705039656775,-3.997670503740173,-3.9976705034591005,-0.12706431995994016,-0.12706431973443555,-0.12706431945336316,0.0328280154096852,0.03282801548230235,0.032828015540563145
605,1820.0,3721,-3.8706062,-3.8706057,-3.8706062,-3.9976705039656775,-3.997670503740173,-3.9976705034591005,-0.12706431995994016,-0.12706431973443555,-0.12706431945336316,0.0328280154096852,0.03282801548230235,0.032828015540563145
606,1825.0,3721,-3.9147224,-3.9147222,-3.9147224,-4.031198081652463,-4.031198081446339,-4.031198081077735,-0.11647563902551017,-0.11647563881938638,-0.11647563845078146,0.029753230313978817,0.029753230408137453,0.02975323046079094
607,1830.0,3721,-3.9147224,-3.9147222,-3.9147224,-4.031198081652463,-4.031198081446339,-4.031198081077735,-0.11647563902551017,-0.11647563881938638,-0.11647563845078146,0.029753230313978817,0.029753230408137453,0.02975323046079094
608,1835.0,3721,-3.9147224,-3.9147222,-3.9147224,-4.031198081652463,-4.031198081446339,-4.031198081077735,-0.11647563902551017,-0.11647563881938638,-0.11647563845078146,0.029753230313978817,0.029753230408137453,0.02975323046079094
609,1840.0,3721,-3.9147224,-3.9147222,-3.9147224,-4.031198081652463,-4.031198081446339,-4.031198081077735,-0.11647563902551017,-0.11647563881938638,-0.11647563845078146,0.029753230313978817,0.029753230408137453,0.02975323046079094
610,1845.0,3721,-3.9588385,-3.958839,-3.9588385,-4.064725454241306,-4.064725453999858,-4.064725453664313,-0.1058869914117162,-0.10588699117026837,-0.10588699083472353,0.02674698445741596,0.02674698454217437,0.02674698460316393
611,1850.0,3721,-3.9588385,-3.958839,-3.9588385,-4.064725454241306,-4.064725453999858,-4.064725453664313,-0.1058869914117162,-0.10588699117026837,-0.10588699083472353,0.02674698445741596,0.02674698454217437,0.02674698460316393
612,1855.0,3721,-3.9588385,-3.958839,-3.9588385,-4.064725454241306,-4.064725453999858,-4.064725453664313,-0.1058869914117162,-0.10588699117026837,-0.10588699083472353,0.02674698445741596,0.02674698454217437,0.02674698460316393
613,1860.0,3721,-3.9588385,-3.958839,-3.9588385,-4.064725454241306,-4.064725453999858,-4.064725453664313,-0.1058869914117162,-0.10588699117026837,-0.10588699083472353,0.02674698445741596,0.02674698454217437,0.02674698460316393
614,1865.0,3721,-4.0029545,-4.0029535,-4.0029545,-4.098252826802178,-4.098252826547125,-4.098252826181187,-0.09529834376995172,-0.09529834351489935,-0.09529834314896046,0.023807001441788128,0.02380700153320533,0.023807001596921357
615,1870.0,3721,-4.0029545,-4.0029535,-4.0029545,-4.098252826802178,-4.098252826547125,-4.098252826181187,-0.09529834376995172,-0.09529834351489935,-0.09529834314896046,0.023807001441788128,0.02380700153320533,0.023807001596921357
616,1875.0,3721,-4.0029545,-4.0029535,-4.0029545,-4.098252826802178,-4.098252826547125,-4.098252826181187,-0.09529834376995172,-0.09529834351489935,-0.09529834314896046,0.023807001441788128,0.02380700153320533,0.023807001596921357
617,1880.0,3721,-4.0029545,-4.0029535,-4.0029545,-4.098252826802178,-4.098252826547125,-4.098252826181187,-0.09529834376995172,-0.09529834351489935,-0.09529834314896046,0.023807001441788128,0.02380700153320533,0.023807001596921357
618,1885.0,3721,-4.047071,-4.04707,-4.047071,-4.131780404515263,-4.131780404237492,-4.131780403946896,-0.08470942444324159,-0.08470942416547098,-0.0847094238748749,0.020931044770894386,0.02093104484269843,0.020931044911333407
619,1890.0,3721,-4.047071,-4.04707,-4.047071,-4.131780404515263,-4.131780404237492,-4.131780403946896,-0.08470942444324159,-0.08470942416547098,-0.0847094238748749,0.020931044770894386,0.02093104484269843,0.020931044911333407
620,1895.0,3721,-4.047071,-4.04707,-4.047071,-4.131780404515263,-4.131780404237492,-4.131780403946896,-0.08470942444324159,-0.08470942416547098,-0.0847094238748749,0.020931044770894386,0.02093104484269843,0.020931044911333407
621,1900.0,3721,-4.047071,-4.04707,-4.047071,-4.131780404515263,-4.131780404237492,-4.131780403946896,-0.08470942444324159,-0.08470942416547098,-0.0847094238748749,0.020931044770894386,0.02093104484269843,0.020931044911333407
622,1905.0,3721,-4.091187,-4.091187,-4.091187,-4.165307777055213,-4.165307776767569,-4.165307776492783,-0.07412077678055518,-0.07412077649291024,-0.07412077621812507,0.018117181202704506,0.01811718126986965,0.01811718134017808
623,1910.0,3721,-4.091187,-4.091187,-4.091187,-4.165307777055213,-4.165307776767569,-4.165307776492783,-0.07412077678055518,-0.07412077649291024,-0.07412077621812507,0.018117181202704506,0.01811718126986965,0.01811718134017808
624,1915.0,3721,-4.091187,-4.091187,-4.091187,-4.165307777055213,-4.165307776767569,-4.165307776492783,-0.07412077678055518,-0.07412077649291024,-0.07412077621812507,0.018117181202704506,0.01811718126986965,0.01811718134017808
625,1920.0,3721,-4.091187,-4.091187,-4.091187,-4.165307777055213,-4.165307776767569,-4.165307776492783,-0.07412077678055518,-0.07412077649291024,-0.07412077621812507,0.018117181202704506,0.01811718126986965,0.01811718134017808
626,1925.0,3721,-4.135303,-4.1353035,-4.135303,-4.19883535471752,-4.198835354441732,-4.198835354195646,-0.0635323342402252,-0.06353233396443733,-0.0635323337183511,0.01536340466557109,0.015363404725079724,0.015363404791770814
627,1930.0,3721,-4.135303,-4.1353035,-4.135303,-4.19883535471752,-4.198835354441732,-4.198835354195646,-0.0635323342402252,-0.06353233396443733,-0.0635323337183511,0.01536340466557109,0.015363404725079724,0.015363404791770814
628,1935.0,3721,-4.135303,-4.1353035,-4.135303,-4.19883535471752,-4.198835354441732,-4.198835354195646,-0.0635323342402252,-0.06353233396443733,-0.0635323337183511,0.01536340466557109,0.015363404725079724,0.015363404791770814
629,1940.0,3721,-4.135303,-4.1353035,-4.135303,-4.19883535471752,-4.198835354441732,-4.198835354195646,-0.0635323342402252,-0.06353233396443733,-0.0635323337183511,0.01536340466557109,0.015363404725079724,0.015363404791770814
630,1945.0,3721,-4.179419,-4.17942,-4.179419,-4.232362727208789,-4.23236272698167,-4.232362726777014,-0.052943686528857725,-0.0529436863017378,-0.05294368609708222,0.012667714240127748,0.012667714289095218,0.012667714343437681
631,1950.0,3721,-4.179419,-4.17942,-4.179419,-4.232362727208789,-4.23236272698167,-4.232362726777014,-0.052943686528857725,-0.0529436863017378,-0.05294368609708222,0.012667714240127748,0.012667714289095218,0.012667714343437681
632,1955.0,3721,-4.179419,-4.17942,-4.179419,-4.232362727208789,-4.23236272698167,-4.232362726777014,-0.052943686528857725,-0.0529436863017378,-0.05294368609708222,0.012667714240127748,0.012667714289095218,0.012667714343437681
633,1960.0,3721,-4.179419,-4.17942,-4.179419,-4.232362727208789,-4.23236272698167,-4.232362726777014,-0.052943686528857725,-0.0529436863017378,-0.05294368609708222,0.012667714240127748,0.012667714289095218,0.012667714343437681
634,1965.0,3721,-4.2235355,-4.223535,-4.2235355,-4.265890099867886,-4.265890099529984,-4.265890099250124,-0.04235456214815958,-0.04235456181025716,-0.04235456153039774,0.010028224257174081,0.010028224323435964,0.010028224403440601
635,1970.0,3721,-4.2235355,-4.223535,-4.2235355,-4.265890099867886,-4.265890099529984,-4.265890099250124,-0.04235456214815958,-0.04235456181025716,-0.04235456153039774,0.010028224257174081,0.010028224323435964,0.010028224403440601
636,1975.0,3721,-4.2235355,-4.223535,-4.2235355,-4.265890099867886,-4.265890099529984,-4.265890099250124,-0.04235456214815958,-0.04235456181025716,-0.04235456153039774,0.010028224257174081,0.010028224323435964,0.010028224403440601
637,1980.0,3721,-4.2235355,-4.223535,-4.2235355,-4.265890099867886,-4.265890099529984,-4.265890099250124,-0.04235456214815958,-0.04235456181025716,-0.04235456153039774,0.010028224257174081,0.010028224323435964,0.010028224403440601
638,1985.0,3721,-4.2676516,-4.2676506,-4.2676516,-4.299417677591658,-4.299417677231319,-4.299417676933263,-0.0317661196692951,-0.031766119308955724,-0.031766119010899985,0.007443465938996388,0.0074434660088370805,0.007443466093272132
639,1990.0,3721,-4.2676516,-4.2676506,-4.2676516,-4.299417677591658,-4.299417677231319,-4.299417676933263,-0.0317661196692951,-0.031766119308955724,-0.031766119010899985,0.007443465938996388,0.0074434660088370805,0.007443466093272132
640,1995.0,3721,-4.2676516,-4.2676506,-4.2676516,-4.299417677591658,-4.299417677231319,-4.299417676933263,-0.0317661196692951,-0.031766119308955724,-0.031766119010899985,0.007443465938996388,0.0074434660088370805,0.007443466093272132
641,2000.0,3721,-4.2676516,-4.2676506,-4.2676516,-4.299417677591658,-4.299417677231319,-4.299417676933263,-0.0317661196692951,-0.031766119308955724,-0.031766119010899985,0.007443465938996388,0.0074434660088370805,0.007443466093272132
