slice_num,is_special_z0,z_requested_nm,z_actual_nm,n_vtk_points,n_overlap,valid_overlap_frac,nearest_fallback_frac,n_excluded,vtk_min,vtk_mean,vtk_max,vtk_range,vtk_std,fem_min,fem_mean,fem_max,fem_range,fem_std,signed_err_min,signed_err_mean,signed_err_max,abs_err_min,abs_err_mean,abs_err_max,rmse,E_L2,E_range,masked_relerr_min,masked_relerr_mean,masked_relerr_max,n_masked_included,n_masked_excluded,shape_rmse,shape_rel_l2,pearson_r,fwhm_vtk_nm,fwhm_fem_nm,fwhm_diff_nm,peak_x_vtk,peak_y_vtk,peak_x_fem,peak_y_fem,peak_loc_dx,peak_loc_dy,peak_loc_dist,pp_amp_vtk,pp_amp_fem,pp_amp_diff
0,True,0.0,0.0,3721,3721,1.0,0.0,0,-1.2350000143051147,-0.08836466819047928,-0.04833872988820076,1.1866612434387207,0.09449004381895065,-0.9826004804552871,-0.9470555178537795,-0.7759820213558788,0.20661845909940835,0.03358132485764683,-0.9342617505670864,-0.8586908458689303,0.45901799294923595,0.025029037005258048,0.8618138139233926,0.9342617505670864,0.8674067250075604,6.704834264999269,0.1902276313234243,0.03243413613095145,12.849809437564605,19.327395501037667,3721,0,0.1226558498174417,1.298082159650522,-0.786042176607094,28.93610382080078,63.597723518299105,34.661619697498324,0.0,-10.0,0.0,0.0,0.0,10.0,10.0,1.1866612434387207,0.20661845909940835,-0.9800427843393124
1,False,1.0,0.0,3721,3721,1.0,0.0,0,-1.2350000143051147,-0.08836466819047928,-0.04833872988820076,1.1866612434387207,0.09449004381895065,-0.9826004804552871,-0.9470555178537795,-0.7759820213558788,0.20661845909940835,0.03358132485764683,-0.9342617505670864,-0.8586908458689303,0.45901799294923595,0.025029037005258048,0.8618138139233926,0.9342617505670864,0.8674067250075604,6.704834264999269,0.1902276313234243,0.03243413613095145,12.849809437564605,19.327395501037667,3721,0,0.1226558498174417,1.298082159650522,-0.786042176607094,28.93610382080078,63.597723518299105,34.661619697498324,0.0,-10.0,0.0,0.0,0.0,10.0,10.0,1.1866612434387207,0.20661845909940835,-0.9800427843393124
2,False,2.0,2.0,3721,3721,1.0,0.0,0,-0.9433530569076538,0.02416492998600006,0.06307666748762131,1.006429672241211,0.08309417963027954,-0.9849638110961358,-0.9530761353767808,-0.7983377248053328,0.18662608629080302,0.031752068357878666,-1.0480404785837572,-0.9772410652237457,0.14501533210232098,0.018108150252685307,0.9776974785619237,1.0480404785837572,0.9835306826766536,11.365485494886391,0.21569432966738816,0.022781328557603054,17.840223518810948,22.72728495988192,2449,1272,0.11105180796890006,1.3364571982351412,-0.8375622122173335,29.87561798095703,69.81274159893903,39.937123617981996,0.0,0.0,0.0,0.0,0.0,0.0,0.0,1.006429672241211,0.18662608629080302,-0.8198035859504079
3,False,3.0,2.0,3721,3721,1.0,0.0,0,-0.9433530569076538,0.02416492998600006,0.06307666748762131,1.006429672241211,0.08309417963027954,-0.9849638110961358,-0.9530761353767808,-0.7983377248053328,0.18662608629080302,0.031752068357878666,-1.0480404785837572,-0.9772410652237457,0.14501533210232098,0.018108150252685307,0.9776974785619237,1.0480404785837572,0.9835306826766536,11.365485494886391,0.21569432966738816,0.022781328557603054,17.840223518810948,22.72728495988192,2449,1272,0.11105180796890006,1.3364571982351412,-0.8375622122173335,29.87561798095703,69.81274159893903,39.937123617981996,0.0,0.0,0.0,0.0,0.0,0.0,0.0,1.006429672241211,0.18662608629080302,-0.8198035859504079
4,False,4.0,2.0,3721,3721,1.0,0.0,0,-0.9433530569076538,0.02416492998600006,0.06307666748762131,1.006429672241211,0.08309417963027954,-0.9849638110961358,-0.9530761353767808,-0.7983377248053328,0.18662608629080302,0.031752068357878666,-1.0480404785837572,-0.9772410652237457,0.14501533210232098,0.018108150252685307,0.9776974785619237,1.0480404785837572,0.9835306826766536,11.365485494886391,0.21569432966738816,0.022781328557603054,17.840223518810948,22.72728495988192,2449,1272,0.11105180796890006,1.3364571982351412,-0.8375622122173335,29.87561798095703,69.81274159893903,39.937123617981996,0.0,0.0,0.0,0.0,0.0,0.0,0.0,1.006429672241211,0.18662608629080302,-0.8198035859504079
5,False,5.0,2.0,3721,3721,1.0,0.0,0,-0.9433530569076538,0.02416492998600006,0.06307666748762131,1.006429672241211,0.08309417963027954,-0.9849638110961358,-0.9530761353767808,-0.7983377248053328,0.18662608629080302,0.031752068357878666,-1.0480404785837572,-0.9772410652237457,0.14501533210232098,0.018108150252685307,0.9776974785619237,1.0480404785837572,0.9835306826766536,11.365485494886391,0.21569432966738816,0.022781328557603054,17.840223518810948,22.72728495988192,2449,1272,0.11105180796890006,1.3364571982351412,-0.8375622122173335,29.87561798095703,69.81274159893903,39.937123617981996,0.0,0.0,0.0,0.0,0.0,0.0,0.0,1.006429672241211,0.18662608629080302,-0.8198035859504079
6,False,6.0,9.666666984558105,3721,3721,1.0,0.0,0,-0.3967207074165344,0.12458944320678711,0.15983550250530243,0.556556224822998,0.05985845625400543,-0.9941755461412378,-0.9659805114584902,-0.854482336033836,0.13969321010740177,0.026629021774073572,-1.1540110486465402,-1.0905699585572597,-0.4589807966518634,0.4589807966518634,1.0905699585572597,1.1540110486465402,1.093858311898951,7.913728147117538,0.23988985752233274,1.156936827524759,8.323415085732677,20.008574876937075,3577,144,0.08475359591310544,1.4159000651269997,-0.906864137864925,39.39257049560547,81.90596865843241,42.513398162826945,0.0,0.0,5.0,0.0,5.0,0.0,5.0,0.556556224822998,0.13969321010740177,-0.4168630147155963
7,False,7.0,9.666666984558105,3721,3721,1.0,0.0,0,-0.3967207074165344,0.12458944320678711,0.15983550250530243,0.556556224822998,0.05985845625400543,-0.9941755461412378,-0.9659805114584902,-0.854482336033836,0.13969321010740177,0.026629021774073572,-1.1540110486465402,-1.0905699585572597,-0.4589807966518634,0.4589807966518634,1.0905699585572597,1.1540110486465402,1.093858311898951,7.913728147117538,0.23988985752233274,1.156936827524759,8.323415085732677,20.008574876937075,3577,144,0.08475359591310544,1.4159000651269997,-0.906864137864925,39.39257049560547,81.90596865843241,42.513398162826945,0.0,0.0,5.0,0.0,5.0,0.0,5.0,0.556556224822998,0.13969321010740177,-0.4168630147155963
8,False,8.0,9.666666984558105,3721,3721,1.0,0.0,0,-0.3967207074165344,0.12458944320678711,0.15983550250530243,0.556556224822998,0.05985845625400543,-0.9941755461412378,-0.9659805114584902,-0.854482336033836,0.13969321010740177,0.026629021774073572,-1.1540110486465402,-1.0905699585572597,-0.4589807966518634,0.4589807966518634,1.0905699585572597,1.1540110486465402,1.093858311898951,7.913728147117538,0.23988985752233274,1.156936827524759,8.323415085732677,20.008574876937075,3577,144,0.08475359591310544,1.4159000651269997,-0.906864137864925,39.39257049560547,81.90596865843241,42.513398162826945,0.0,0.0,5.0,0.0,5.0,0.0,5.0,0.556556224822998,0.13969321010740177,-0.4168630147155963
9,False,9.0,9.666666984558105,3721,3721,1.0,0.0,0,-0.3967207074165344,0.12458944320678711,0.15983550250530243,0.556556224822998,0.05985845625400543,-0.9941755461412378,-0.9659805114584902,-0.854482336033836,0.13969321010740177,0.026629021774073572,-1.1540110486465402,-1.0905699585572597,-0.4589807966518634,0.4589807966518634,1.0905699585572597,1.1540110486465402,1.093858311898951,7.913728147117538,0.23988985752233274,1.156936827524759,8.323415085732677,20.008574876937075,3577,144,0.08475359591310544,1.4159000651269997,-0.906864137864925,39.39257049560547,81.90596865843241,42.513398162826945,0.0,0.0,5.0,0.0,5.0,0.0,5.0,0.556556224822998,0.13969321010740177,-0.4168630147155963
10,False,10.0,9.666666984558105,3721,3721,1.0,0.0,0,-0.3967207074165344,0.12458944320678711,0.15983550250530243,0.556556224822998,0.05985845625400543,-0.9941755461412378,-0.9659805114584902,-0.854482336033836,0.13969321010740177,0.026629021774073572,-1.1540110486465402,-1.0905699585572597,-0.4589807966518634,0.4589807966518634,1.0905699585572597,1.1540110486465402,1.093858311898951,7.913728147117538,0.23988985752233274,1.156936827524759,8.323415085732677,20.008574876937075,3577,144,0.08475359591310544,1.4159000651269997,-0.906864137864925,39.39257049560547,81.90596865843241,42.513398162826945,0.0,0.0,5.0,0.0,5.0,0.0,5.0,0.556556224822998,0.13969321010740177,-0.4168630147155963
11,False,11.0,9.666666984558105,3721,3721,1.0,0.0,0,-0.3967207074165344,0.12458944320678711,0.15983550250530243,0.556556224822998,0.05985845625400543,-0.9941755461412378,-0.9659805114584902,-0.854482336033836,0.13969321010740177,0.026629021774073572,-1.1540110486465402,-1.0905699585572597,-0.4589807966518634,0.4589807966518634,1.0905699585572597,1.1540110486465402,1.093858311898951,7.913728147117538,0.23988985752233274,1.156936827524759,8.323415085732677,20.008574876937075,3577,144,0.08475359591310544,1.4159000651269997,-0.906864137864925,39.39257049560547,81.90596865843241,42.513398162826945,0.0,0.0,5.0,0.0,5.0,0.0,5.0,0.556556224822998,0.13969321010740177,-0.4168630147155963
12,False,12.0,9.666666984558105,3721,3721,1.0,0.0,0,-0.3967207074165344,0.12458944320678711,0.15983550250530243,0.556556224822998,0.05985845625400543,-0.9941755461412378,-0.9659805114584902,-0.854482336033836,0.13969321010740177,0.026629021774073572,-1.1540110486465402,-1.0905699585572597,-0.4589807966518634,0.4589807966518634,1.0905699585572597,1.1540110486465402,1.093858311898951,7.913728147117538,0.23988985752233274,1.156936827524759,8.323415085732677,20.008574876937075,3577,144,0.08475359591310544,1.4159000651269997,-0.906864137864925,39.39257049560547,81.90596865843241,42.513398162826945,0.0,0.0,5.0,0.0,5.0,0.0,5.0,0.556556224822998,0.13969321010740177,-0.4168630147155963
13,False,13.0,9.666666984558105,3721,3721,1.0,0.0,0,-0.3967207074165344,0.12458944320678711,0.15983550250530243,0.556556224822998,0.05985845625400543,-0.9941755461412378,-0.9659805114584902,-0.854482336033836,0.13969321010740177,0.026629021774073572,-1.1540110486465402,-1.0905699585572597,-0.4589807966518634,0.4589807966518634,1.0905699585572597,1.1540110486465402,1.093858311898951,7.913728147117538,0.23988985752233274,1.156936827524759,8.323415085732677,20.008574876937075,3577,144,0.08475359591310544,1.4159000651269997,-0.906864137864925,39.39257049560547,81.90596865843241,42.513398162826945,0.0,0.0,5.0,0.0,5.0,0.0,5.0,0.556556224822998,0.13969321010740177,-0.4168630147155963
14,False,14.0,17.33333396911621,3721,3721,1.0,0.0,0,-0.20381557941436768,0.10752467066049576,0.13936874270439148,0.34318432211875916,0.04664623364806175,-1.0035135541236633,-0.9787256864611358,-0.8947164454434742,0.1087971086801891,0.02231877051376655,-1.1428822968280548,-1.086250356505547,-0.6912788151269998,0.6912788151269998,1.086250356505547,1.1428822968280548,1.0883783789459458,9.285968626681859,0.23868807451165538,3.3916878047953047,9.588435230903805,20.54706574428948,3517,204,0.06802689725415458,1.4583577140353303,-0.9382792219152103,52.34486389160156,92.31402145472055,39.96915756311898,0.0,0.0,0.0,-5.0,0.0,-5.0,5.0,0.34318432211875916,0.1087971086801891,-0.23438721343857005
15,False,15.0,17.33333396911621,3721,3721,1.0,0.0,0,-0.20381557941436768,0.10752467066049576,0.13936874270439148,0.34318432211875916,0.04664623364806175,-1.0035135541236633,-0.9787256864611358,-0.8947164454434742,0.1087971086801891,0.02231877051376655,-1.1428822968280548,-1.086250356505547,-0.6912788151269998,0.6912788151269998,1.086250356505547,1.1428822968280548,1.0883783789459458,9.285968626681859,0.23868807451165538,3.3916878047953047,9.588435230903805,20.54706574428948,3517,204,0.06802689725415458,1.4583577140353303,-0.9382792219152103,52.34486389160156,92.31402145472055,39.96915756311898,0.0,0.0,0.0,-5.0,0.0,-5.0,5.0,0.34318432211875916,0.1087971086801891,-0.23438721343857005
16,False,16.0,17.33333396911621,3721,3721,1.0,0.0,0,-0.20381557941436768,0.10752467066049576,0.13936874270439148,0.34318432211875916,0.04664623364806175,-1.0035135541236633,-0.9787256864611358,-0.8947164454434742,0.1087971086801891,0.02231877051376655,-1.1428822968280548,-1.086250356505547,-0.6912788151269998,0.6912788151269998,1.086250356505547,1.1428822968280548,1.0883783789459458,9.285968626681859,0.23868807451165538,3.3916878047953047,9.588435230903805,20.54706574428948,3517,204,0.06802689725415458,1.4583577140353303,-0.9382792219152103,52.34486389160156,92.31402145472055,39.96915756311898,0.0,0.0,0.0,-5.0,0.0,-5.0,5.0,0.34318432211875916,0.1087971086801891,-0.23438721343857005
17,False,17.0,17.33333396911621,3721,3721,1.0,0.0,0,-0.20381557941436768,0.10752467066049576,0.13936874270439148,0.34318432211875916,0.04664623364806175,-1.0035135541236633,-0.9787256864611358,-0.8947164454434742,0.1087971086801891,0.02231877051376655,-1.1428822968280548,-1.086250356505547,-0.6912788151269998,0.6912788151269998,1.086250356505547,1.1428822968280548,1.0883783789459458,9.285968626681859,0.23868807451165538,3.3916878047953047,9.588435230903805,20.54706574428948,3517,204,0.06802689725415458,1.4583577140353303,-0.9382792219152103,52.34486389160156,92.31402145472055,39.96915756311898,0.0,0.0,0.0,-5.0,0.0,-5.0,5.0,0.34318432211875916,0.1087971086801891,-0.23438721343857005
18,False,18.0,17.33333396911621,3721,3721,1.0,0.0,0,-0.20381557941436768,0.10752467066049576,0.13936874270439148,0.34318432211875916,0.04664623364806175,-1.0035135541236633,-0.9787256864611358,-0.8947164454434742,0.1087971086801891,0.02231877051376655,-1.1428822968280548,-1.086250356505547,-0.6912788151269998,0.6912788151269998,1.086250356505547,1.1428822968280548,1.0883783789459458,9.285968626681859,0.23868807451165538,3.3916878047953047,9.588435230903805,20.54706574428948,3517,204,0.06802689725415458,1.4583577140353303,-0.9382792219152103,52.34486389160156,92.31402145472055,39.96915756311898,0.0,0.0,0.0,-5.0,0.0,-5.0,5.0,0.34318432211875916,0.1087971086801891,-0.23438721343857005
19,False,19.0,17.33333396911621,3721,3721,1.0,0.0,0,-0.20381557941436768,0.10752467066049576,0.13936874270439148,0.34318432211875916,0.04664623364806175,-1.0035135541236633,-0.9787256864611358,-0.8947164454434742,0.1087971086801891,0.02231877051376655,-1.1428822968280548,-1.086250356505547,-0.6912788151269998,0.6912788151269998,1.086250356505547,1.1428822968280548,1.0883783789459458,9.285968626681859,0.23868807451165538,3.3916878047953047,9.588435230903805,20.54706574428948,3517,204,0.06802689725415458,1.4583577140353303,-0.9382792219152103,52.34486389160156,92.31402145472055,39.96915756311898,0.0,0.0,0.0,-5.0,0.0,-5.0,5.0,0.34318432211875916,0.1087971086801891,-0.23438721343857005
20,False,20.0,17.33333396911621,3721,3721,1.0,0.0,0,-0.20381557941436768,0.10752467066049576,0.13936874270439148,0.34318432211875916,0.04664623364806175,-1.0035135541236633,-0.9787256864611358,-0.8947164454434742,0.1087971086801891,0.02231877051376655,-1.1428822968280548,-1.086250356505547,-0.6912788151269998,0.6912788151269998,1.086250356505547,1.1428822968280548,1.0883783789459458,9.285968626681859,0.23868807451165538,3.3916878047953047,9.588435230903805,20.54706574428948,3517,204,0.06802689725415458,1.4583577140353303,-0.9382792219152103,52.34486389160156,92.31402145472055,39.96915756311898,0.0,0.0,0.0,-5.0,0.0,-5.0,5.0,0.34318432211875916,0.1087971086801891,-0.23438721343857005
21,False,21.0,17.33333396911621,3721,3721,1.0,0.0,0,-0.20381557941436768,0.10752467066049576,0.13936874270439148,0.34318432211875916,0.04664623364806175,-1.0035135541236633,-0.9787256864611358,-0.8947164454434742,0.1087971086801891,0.02231877051376655,-1.1428822968280548,-1.086250356505547,-0.6912788151269998,0.6912788151269998,1.086250356505547,1.1428822968280548,1.0883783789459458,9.285968626681859,0.23868807451165538,3.3916878047953047,9.588435230903805,20.54706574428948,3517,204,0.06802689725415458,1.4583577140353303,-0.9382792219152103,52.34486389160156,92.31402145472055,39.96915756311898,0.0,0.0,0.0,-5.0,0.0,-5.0,5.0,0.34318432211875916,0.1087971086801891,-0.23438721343857005
22,False,22.0,25.0,3721,3721,1.0,0.0,0,-0.1171359270811081,0.0904703214764595,0.1191723570227623,0.2363082766532898,0.03769538179039955,-1.0134513570060777,-0.9914982344031276,-0.9261492096520008,0.08730214735407693,0.01886052184874329,-1.13262371402884,-1.0819685526915404,-0.8092476795292404,0.8092476795292404,1.0819685526915404,1.13262371402884,1.0834169555641933,11.054228123112582,0.23760000383996993,6.90862060594693,11.255248740108506,22.35312601126366,3433,288,0.05600313020620571,1.4856762142097315,-0.9562422604564017,64.2052001953125,99.43305695912494,35.22785676381244,0.0,0.0,-5.0,0.0,-5.0,0.0,5.0,0.236308291554451,0.08730214735407693,-0.14900614420037406
23,False,23.0,25.0,3721,3721,1.0,0.0,0,-0.1171359270811081,0.0904703214764595,0.1191723570227623,0.2363082766532898,0.03769538179039955,-1.0134513570060777,-0.9914982344031276,-0.9261492096520008,0.08730214735407693,0.01886052184874329,-1.13262371402884,-1.0819685526915404,-0.8092476795292404,0.8092476795292404,1.0819685526915404,1.13262371402884,1.0834169555641933,11.054228123112582,0.23760000383996993,6.90862060594693,11.255248740108506,22.35312601126366,3433,288,0.05600313020620571,1.4856762142097315,-0.9562422604564017,64.2052001953125,99.43305695912494,35.22785676381244,0.0,0.0,-5.0,0.0,-5.0,0.0,5.0,0.236308291554451,0.08730214735407693,-0.14900614420037406
24,False,24.0,25.0,3721,3721,1.0,0.0,0,-0.1171359270811081,0.0904703214764595,0.1191723570227623,0.2363082766532898,0.03769538179039955,-1.0134513570060777,-0.9914982344031276,-0.9261492096520008,0.08730214735407693,0.01886052184874329,-1.13262371402884,-1.0819685526915404,-0.8092476795292404,0.8092476795292404,1.0819685526915404,1.13262371402884,1.0834169555641933,11.054228123112582,0.23760000383996993,6.90862060594693,11.255248740108506,22.35312601126366,3433,288,0.05600313020620571,1.4856762142097315,-0.9562422604564017,64.2052001953125,99.43305695912494,35.22785676381244,0.0,0.0,-5.0,0.0,-5.0,0.0,5.0,0.236308291554451,0.08730214735407693,-0.14900614420037406
25,False,25.0,25.0,3721,3721,1.0,0.0,0,-0.1171359270811081,0.0904703214764595,0.1191723570227623,0.2363082766532898,0.03769538179039955,-1.0134513570060777,-0.9914982344031276,-0.9261492096520008,0.08730214735407693,0.01886052184874329,-1.13262371402884,-1.0819685526915404,-0.8092476795292404,0.8092476795292404,1.0819685526915404,1.13262371402884,1.0834169555641933,11.054228123112582,0.23760000383996993,6.90862060594693,11.255248740108506,22.35312601126366,3433,288,0.05600313020620571,1.4856762142097315,-0.9562422604564017,64.2052001953125,99.43305695912494,35.22785676381244,0.0,0.0,-5.0,0.0,-5.0,0.0,5.0,0.236308291554451,0.08730214735407693,-0.14900614420037406
26,False,26.0,26.0,3721,3721,1.0,0.0,0,-0.10992217808961868,0.08824659138917923,0.11655767261981964,0.22647985816001892,0.03672783821821213,-1.0147479253969494,-0.9931600234863803,-0.92989526725524,0.08485265814170939,0.018428523152130578,-1.131305598016769,-1.081406612093606,-0.8200848932757677,0.8200848932757677,1.081406612093606,1.131305598016769,1.0827859516560778,11.328051161698964,0.23746162080080735,7.460595373275437,11.499555591136891,22.26057346625217,3417,304,0.05463658512936282,1.4876070219699928,-0.9578427373887376,65.59437561035156,100.32226419316348,34.727888582811914,0.0,0.0,-5.0,0.0,-5.0,0.0,5.0,0.22647985816001892,0.08485265814170939,-0.14162720001830953
27,False,27.0,27.0,3721,3721,1.0,0.0,0,-0.103380486369133,0.08602303266525269,0.11394746601581573,0.21732795238494873,0.03579741343855858,-1.016047640633334,-0.9948217674815455,-0.9335977027008685,0.08244993793246558,0.017997304119970206,-1.1299951066491498,-1.08084479692684,-0.8302172163317355,0.8302172163317355,1.08084479692684,1.1299951066491498,1.0821584162094333,11.614366733266438,0.23732399841658428,8.03069559343473,11.796856272818859,22.97669251674424,3413,308,0.05330443457999533,1.4890583197943517,-0.959248457583618,66.92169189453125,101.25038671503432,34.328694820503074,0.0,0.0,0.0,0.0,0.0,0.0,0.0,0.21732795238494873,0.08244993793246558,-0.13487801445248315
28,False,28.0,28.0,3721,3721,1.0,0.0,0,-0.09745229035615921,0.08379964530467987,0.11134172230958939,0.2087940126657486,0.03490200266242027,-1.0173559853544922,-0.9964832669862469,-0.9371883340363507,0.08016765131814152,0.017566978368566584,-1.1286890781793084,-1.0802829069102025,-0.8397360436801915,0.8397360436801915,1.0802829069102025,1.1286890781793084,1.081533944731345,11.914137706986743,0.23718704797951595,8.616893873003963,12.041999637539798,22.73043300638744,3389,332,0.05200494814065365,1.490027486985305,-0.9604650306798689,68.1906967163086,102.06301112967711,33.872314413368514,0.0,0.0,0.0,0.0,0.0,0.0,0.0,0.2087940275669098,0.08016765131814152,-0.12862637624876827
29,False,29.0,29.0,3721,3721,1.0,0.0,0,-0.09208593517541885,0.08157641440629959,0.1087404191493988,0.20082634687423706,0.034039683640003204,-1.0186866464807198,-0.998144553398147,-0.940778965371833,0.0779076811088868,0.017137388633731085,-1.127399423976104,-1.0797209717865326,-0.8486930301964142,0.8486930301964142,1.0797209717865326,1.127399423976104,1.0809123578764015,12.22841334515679,0.2370507301580503,9.216315483789122,12.294571325898128,22.346227148641425,3361,360,0.050736067047784494,1.4904975493252184,-0.9614774913165258,69.4039306640625,102.9104674064038,33.5065367423413,0.0,0.0,0.0,0.0,0.0,0.0,0.0,0.20082634687423706,0.0779076811088868,-0.12291866576535027
30,False,30.0,30.0,3721,3721,1.0,0.0,0,-0.20473577082157135,-0.03814663738012314,-0.01135645154863596,0.19337931275367737,0.0332086943089962,-1.0200173076069476,-0.9998059596930163,-0.9444439806398959,0.07557332696705177,0.016707899809198477,-1.008633330819619,-0.9616593243101934,-0.7397082098183245,0.7397082098183245,0.9616593243101934,1.008633330819619,0.9629322246112414,19.039120738710277,0.21117696108615647,3.612989595565034,12.623238144313403,21.51202560819064,897,2824,0.04949558705172255,1.4904406098015643,-0.9622841775246411,70.6198501586914,103.8766195779158,33.2567694192244,0.0,0.0,0.0,0.0,0.0,0.0,0.0,0.19337932765483856,0.07557332696705177,-0.1178060006877868
31,False,31.0,31.0,3721,3721,1.0,0.0,0,-0.3173293173313141,-0.15812602639198303,-0.13174830377101898,0.1855810135602951,0.03231362625956535,-1.0213479687331755,-1.0015198982560944,-0.9476495717935391,0.07369839693963631,0.016373901194193363,-0.8895884677218726,-0.8433938783035275,-0.6303202544622251,0.6303202544622251,0.8433938783035275,0.8895884677218726,0.844775498079634,5.234244718834602,0.1852644640244795,1.9863284608025247,5.543309946572768,6.752181563323912,3721,0,0.048295012121630995,1.4945711930683625,-0.9640266212055801,71.98164367675781,104.62133355283935,32.63968987608153,0.0,0.0,0.0,0.0,0.0,0.0,0.0,0.1855810135602951,0.07369839693963631,-0.11188261662065879
32,False,32.0,32.0,3721,3721,1.0,0.0,0,-0.3128587305545807,-0.16060523688793182,-0.1346357762813568,0.17822295427322388,0.031447410583496094,-1.0227276296930439,-1.003234557756805,-0.9508551629471825,0.07187246674586134,0.01603807312154407,-0.8880918534116871,-0.8426293195433465,-0.6379964323926018,0.6379964323926018,0.8426293195433465,0.8880918534116871,0.8439457015995413,5.156856193016405,0.18508248455125464,2.0392476542421383,5.439334079536525,6.596254561312039,3721,0,0.04711875522824269,1.4983350705858547,-0.9656056251561028,73.2980728149414,105.36709191152526,32.06901909658386,0.0,0.0,0.0,0.0,0.0,0.0,0.0,0.17822295427322388,0.07187246674586134,-0.10635048752736254
33,False,33.0,33.0,3721,3721,1.0,0.0,0,-0.30878809094429016,-0.16308429837226868,-0.13751886785030365,0.1712692230939865,0.03060857765376568,-1.0241196287151026,-1.004949841363561,-0.9540607541008258,0.07005887461427684,0.015700948741643052,-0.886600760864799,-0.8418655483414539,-0.6452726631565356,0.6452726631565356,0.8418655483414539,0.886600760864799,0.8431195077555156,5.0811199054431615,0.18490129515828374,2.0896941367889483,5.339432962056296,6.447120854935408,3721,0,0.04596632325568452,1.5017465522622284,-0.9670512881575016,74.57413482666016,106.08429889750754,31.51016407084738,0.0,0.0,0.0,0.0,0.0,0.0,0.0,0.1712692230939865,0.07005887461427684,-0.10121034847970967
34,False,34.0,34.0,3721,3721,1.0,0.0,0,-0.305085152387619,-0.1655631959438324,-0.14039763808250427,0.16468751430511475,0.029795760288834572,-1.0255116277371616,-1.006665329693529,-0.9572663452544691,0.06824528248269257,0.015363636213722297,-0.8851139896546574,-0.8411021437291898,-0.6521811928668501,0.6521811928668501,0.8411021437291898,0.8851139896546574,0.842296401499073,5.007024983061982,0.1847207828922655,2.1377021718783484,5.243358336447614,6.304336751979564,3721,0,0.04483761582030029,1.5048321888760252,-0.9683693190291921,75.81436920166016,106.77626612507595,30.961896923415793,0.0,0.0,0.0,0.0,0.0,0.0,0.0,0.16468751430511475,0.06824528248269257,-0.09644223182242218
35,False,35.0,35.0,3721,3721,1.0,0.0,0,-0.3017207384109497,-0.1680418998003006,-0.14327208697795868,0.15844865143299103,0.029007693752646446,-1.0269036267592204,-1.0083807002488796,-0.9604719364105699,0.06643169034865049,0.01502625561643564,-0.8836315397812617,-0.8403387835531211,-0.6587511979996202,0.6587511979996202,0.8403387835531211,0.8836315397812617,0.8414759279102635,4.934554786895348,0.18454084798645612,2.1833142841589757,5.150881227577342,6.167506584288129,3721,0,0.04373175172457692,1.507591419653858,-0.9695755635736222,77.02297973632812,107.47814294164743,30.45516320531931,0.0,0.0,0.0,0.0,0.0,0.0,0.0,0.15844865143299103,0.06643169034865049,-0.09201696108434054
36,False,36.0,36.0,3721,3721,1.0,0.0,0,-0.2986685335636139,-0.17052048444747925,-0.14614224433898926,0.15252628922462463,0.028243208304047585,-1.0282956257812792,-1.010094842142544,-0.9635411808573322,0.064754444923947,0.014690279339698334,-0.8821533814422899,-0.8395743549639192,-0.6648726472937183,0.6648726472937183,0.8395743549639192,0.8821533814422899,0.8406569396892386,4.863685090721874,0.1843612388309403,2.226122180869469,5.061786674523406,6.036265457892249,3721,0,0.04264965104892484,1.5100852474886945,-0.9707260757748037,78.2037353515625,108.02705943654988,29.823324084987377,0.0,0.0,0.0,0.0,0.0,0.0,0.0,0.15252628922462463,0.064754444923947,-0.08777184430067764
37,False,37.0,37.0,3721,3721,1.0,0.0,0,-0.29590466618537903,-0.17299889028072357,-0.1490081250667572,0.14689654111862183,0.02750120498239994,-1.0296876248033382,-1.011809170131901,-0.9666104253064298,0.06307719949690838,0.014352852209365522,-0.880679499736581,-0.8388102709008696,-0.6707057591210508,0.6707057591210508,0.8388102709008696,0.880679499736581,0.8398405469497722,4.794399527516734,0.1841821988804984,2.266627856084113,4.975887300003101,5.910278378055072,3721,0,0.04158694184599535,1.5121862258901104,-0.971766978271359,79.36023712158203,108.63138281558182,29.271145693999784,0.0,0.0,0.0,0.0,0.0,0.0,0.0,0.14689654111862183,0.06307719949690838,-0.08381934162171345
38,False,38.0,38.0,3721,3721,1.0,0.0,0,-0.2934074401855469,-0.17547714710235596,-0.1518697738647461,0.14153766632080078,0.026780661195516586,-1.0310808070872988,-1.0135242814500869,-0.9696796697555277,0.061401137331771105,0.014014288745561472,-0.8792110332225527,-0.8380471275879459,-0.6762722295699808,0.6762722295699808,0.8380471275879459,0.8792110332225527,0.8390272428606065,4.726674926534725,0.18400383629006967,2.304891209106066,4.893007661030657,5.78924305244288,3721,0,0.040542893382987104,1.5138869008909304,-0.9726869015317892,80.53195190429688,109.29024179863123,28.758289894334354,0.0,0.0,0.0,0.0,0.0,0.0,0.0,0.14153766632080078,0.061401137331771105,-0.08013652898902968
39,False,39.0,39.0,3721,3721,1.0,0.0,0,-0.2911570966243744,-0.1779552549123764,-0.15472719073295593,0.13642990589141846,0.026080628857016563,-1.0324741535137003,-1.0152396026230155,-0.9727489142046253,0.05972523930907503,0.013675457292953717,-0.8777469627807444,-0.8372843497810235,-0.6815918175802509,0.6815918175802509,0.8372843497810235,0.8777469627807444,0.8382163896950491,4.660479541895976,0.183826011202267,2.340976144777201,4.81297893971094,5.672868218073255,3721,0,0.039517509602339934,1.515205452033683,-0.9734866273453,81.72294616699219,110.00752735956087,28.28458119256868,0.0,0.0,0.0,0.0,0.0,0.0,0.0,0.13642990589141846,0.05972523930907503,-0.07670466658234343
40,False,40.0,40.0,3721,3721,1.0,0.0,0,-0.17163559794425964,-0.06293319910764694,-0.040080416947603226,0.13155518472194672,0.025400208309292793,-1.0338674999401016,-1.0169545460335268,-0.975818158653723,0.05804934128637862,0.0133365123314,-0.9937870829924984,-0.9540213492946079,-0.8041825607094634,0.8041825607094634,0.9540213492946079,0.9937870829924984,0.9547982879479323,14.068930959000658,0.20939313873363488,4.685406584306769,15.999181162428506,22.39751062289726,3205,516,0.03851020330248201,1.5161373988438815,-0.974173215713246,82.88729858398438,110.74863125639251,27.86133267240814,0.0,0.0,0.0,0.0,0.0,0.0,0.0,0.13155518472194672,0.05804934128637862,-0.0735058434355681
41,False,41.0,41.0,3721,3721,1.0,0.0,0,-0.05252454802393913,0.05234534665942192,0.07486546784639359,0.12739001214504242,0.024807795882225037,-1.035258412455334,-1.0186388816145795,-0.9785628549017028,0.05669555755363109,0.013050956543174452,-1.1101238803017275,-1.0709842250422168,-0.9260383068777637,0.9260383068777637,1.0709842250422168,1.1101238803017275,1.0716456093830327,18.50014044144754,0.23501847520182076,14.827955701911984,17.34658672613413,23.809112554500278,2881,840,0.03764441286949369,1.517442910295594,-0.9750077050005804,83.90040588378906,111.25433050180152,27.353924618012456,0.0,0.0,0.0,0.0,0.0,0.0,0.0,0.12739001214504242,0.05669555755363109,-0.07069445459141133
42,False,42.0,42.0,3721,3721,1.0,0.0,0,-0.05111226066946983,0.05012403428554535,0.07231549918651581,0.12342776358127594,0.024233072996139526,-1.0366493249705664,-1.020318732145484,-0.9812792717484615,0.055370053222104865,0.012767845488676254,-1.1089648241570822,-1.0704427679185393,-0.9301670110789917,0.9301670110789917,1.0704427679185393,1.1089648241570822,1.0710750402922247,19.238127328526527,0.2348933458899056,15.334770827558211,17.880127545561937,23.946413665116545,2809,912,0.03679704532058693,1.5184638194497329,-0.9756864487561039,84.87429809570312,111.6962220616524,26.82192396594928,0.0,0.0,0.0,0.0,0.0,0.0,0.0,0.12342776358127594,0.055370053222104865,-0.06805771035917108
43,False,43.0,43.0,3721,3721,1.0,0.0,0,-0.16738641262054443,-0.06959711760282516,-0.04773035645484924,0.11965605616569519,0.023675354197621346,-1.0380637431661577,-1.0219964028090764,-0.9839719739496251,0.05409176921653258,0.012488641662870488,-0.9903098810309492,-0.9523992812957477,-0.8165855613290807,0.8165855613290807,0.9523992812957477,0.9903098810309492,0.9530782510013146,12.96461324169046,0.20901592404909228,4.878445917711577,14.957073417777579,20.748009329612643,3721,0,0.035968896550604,1.5192548695764343,-0.9762017289132985,85.80998992919922,112.17426762814807,26.364277698948854,0.0,0.0,0.0,0.0,0.0,0.0,0.0,0.11965605616569519,0.05409176921653258,-0.06556428694916261
44,False,44.0,44.0,3721,3721,1.0,0.0,0,-0.2837044596672058,-0.18957440555095673,-0.1680656224489212,0.1156388372182846,0.023070720955729485,-1.0394927768489548,-1.02371346864237,-0.9866646761507886,0.052828100698166236,0.012233894909514232,-0.8714271544000336,-0.8341390608288073,-0.7029602164835828,0.7029602164835828,0.8341390608288073,0.8714271544000336,0.8348781500889476,4.371706339326377,0.18309391471886335,2.4777905053314178,4.473901124111969,5.18504106730619,3721,0,0.035121968845419696,1.5223611692084043,-0.977212710258492,86.82202911376953,112.75683597483797,25.934806861068438,0.0,0.0,0.0,0.0,0.0,0.0,0.0,0.1156388372182846,0.052828100698166236,-0.06281073652011837
45,False,45.0,45.0,3721,3721,1.0,0.0,0,-0.2826862931251526,-0.19205154478549957,-0.17089682817459106,0.11178946495056152,0.02248205803334713,-1.040945316212111,-1.0254307242310268,-0.989357378351952,0.05158793786015892,0.011979552131933193,-0.8700484880375199,-0.8333791773350967,-0.7066710852267994,0.7066710852267994,0.8333791773350967,0.8700484880375199,0.8340843323314949,4.313568046608009,0.18291982560086464,2.4998420596004554,4.407523002558203,5.091074523329735,3721,0,0.03429023512828808,1.5252266291865066,-0.9781260737380622,87.8144302368164,113.37285533085765,25.55842509404124,0.0,0.0,0.0,0.0,0.0,0.0,0.0,0.11178946495056152,0.05158793786015892,-0.06020152709040261
46,False,46.0,46.0,3721,3721,1.0,0.0,0,-0.2818213105201721,-0.19452853500843048,-0.1737239956855774,0.10809731483459473,0.021908743306994438,-1.042397855575267,-1.0271472092763165,-0.9920500805531156,0.050347775022151486,0.011725567366924497,-0.8686738598896897,-0.832618670171168,-0.7102287700329435,0.7102287700329435,0.832618670171168,0.8686738598896897,0.8332912524027417,4.256733451828313,0.1827458982932391,2.520138625152362,4.34313645238922,5.000310155552145,3721,0,0.033473294031596476,1.5278509963894642,-0.9789689858116146,88.7894058227539,114.02534083620463,25.235935013450728,0.0,0.0,0.0,0.0,0.0,0.0,0.0,0.10809731483459473,0.050347775022151486,-0.05774953981244324
47,False,47.0,47.0,3721,3721,1.0,0.0,0,-0.28109976649284363,-0.19700537621974945,-0.17654715478420258,0.10455261170864105,0.021350184455513954,-1.0438508408986173,-1.0288640280796515,-0.9947427827542792,0.04910805814433816,0.011472483982942809,-0.8673036861144148,-0.8318586411956204,-0.7136430162614356,0.7136430162614356,0.8318586411956204,0.8673036861144148,0.8324999680246584,4.201173635755244,0.18257236476092217,2.5387535008130424,4.280652128376937,4.912589427875736,3721,0,0.032671054914613154,1.5302469648172892,-0.9797301541749239,89.74915313720703,114.72859978204404,24.97944664483701,0.0,0.0,0.0,0.0,0.0,0.0,0.0,0.10455261170864105,0.04910805814433816,-0.05544455356430289
48,False,48.0,48.0,3721,3721,1.0,0.0,0,-0.28051266074180603,-0.19948208332061768,-0.179366335272789,0.10114632546901703,0.020805824548006058,-1.045304570839495,-1.0305802479300514,-0.9974354849554427,0.047869085884052365,0.011220325207831304,-0.865938235566706,-0.8310981568484956,-0.7169228242136366,0.7169228242136366,0.8310981568484956,0.865938235566706,0.8317094925050013,4.146849589256442,0.18239900861623443,2.5557592385233487,4.219976008770776,4.8277634387174455,3721,0,0.03188312415620477,1.5324134318687839,-0.9804224610370628,90.73023986816406,115.3996731387949,24.669433270630833,0.0,0.0,0.0,0.0,0.0,0.0,0.0,0.10114632546901703,0.047869085884052365,-0.053277239584964664
49,False,49.0,49.0,3721,3721,1.0,0.0,0,-0.28005164861679077,-0.20195865631103516,-0.18218156695365906,0.09787008166313171,0.020275132730603218,-1.0467583007803727,-1.032295262035156,-1.0000464779176927,0.04671182286267994,0.010969050070786836,-0.8645767338267136,-0.8303366078545743,-0.719994829300902,0.719994829300902,0.8303366078545743,0.8645767338267136,0.8309191672883578,4.093725519308212,0.18222568543392229,2.5709358714974333,4.161021558913398,4.745687218985405,3721,0,0.031109166233390367,1.5343508908302093,-0.9810728985245023,91.70635986328125,115.87894156705244,24.172581703771186,0.0,0.0,0.0,0.0,0.0,0.0,0.0,0.09787008166313171,0.04671182286267994,-0.05115825880045177
50,False,50.0,50.0,3721,3721,1.0,0.0,0,-0.27970895171165466,-0.2044350802898407,-0.18499286472797394,0.09471608698368073,0.019757604226469994,-1.0482120307212504,-1.0340095226879642,-1.0026574708799427,0.04555455984130763,0.010717460707110578,-0.8632191659932764,-0.8295744461784772,-0.7229485191682881,0.7229485191682881,0.8295744461784772,0.8632191659932764,0.8301293403048845,4.041769511736039,0.18205247151720963,2.584645628051113,4.103712303505532,4.666229517893095,3721,0,0.03034732084872264,1.5359819100547767,-0.9816536549824985,92.66670227050781,116.41329929149238,23.746597020984566,0.0,0.0,0.0,0.0,0.0,0.0,0.0,0.09471608698368073,0.04555455984130763,-0.049161527142373096
51,False,51.0,51.0,3721,3721,1.0,0.0,0,-0.2794773280620575,-0.2069113403558731,-0.18780027329921722,0.09167705476284027,0.019252760335803032,-1.049665760662128,-1.0357228324881638,-1.0052684638421927,0.04439729681993532,0.010466485566816485,-0.8618654873629108,-0.8288114721212445,-0.7257911357801352,0.7257911357801352,0.8288114721212445,0.8618654873629108,0.8293397987768076,3.9909492291395274,0.18187932020262162,2.5969589047272357,4.047974235086811,4.589266417039358,3721,0,0.029598066074858403,1.5373413381626582,-0.9821643362625521,93.61383056640625,116.97761206302147,23.363781496615218,0.0,0.0,0.0,0.0,0.0,0.0,0.0,0.09167705476284027,0.04439729681993532,-0.047279757942904954
52,False,52.0,52.0,3721,3721,1.0,0.0,0,-0.27935007214546204,-0.20938749611377716,-0.1906038224697113,0.08874624967575073,0.018760142847895622,-1.0511194906030057,-1.0374357185820466,-1.007879456804443,0.04324003379856278,0.010215485507425234,-0.8605156681332944,-0.8280482114115357,-0.7285293846589809,0.7285293846589809,0.8280482114115357,0.8605156681332944,0.8285510015406118,3.9412351059115096,0.1817063321158222,2.6079441435748905,3.9937406998444445,4.51468211383871,3721,0,0.028860383436603413,1.5383880230513212,-0.9826098907032486,94.55012512207031,117.5549732021158,23.00484808004549,0.0,0.0,0.0,0.0,0.0,0.0,0.0,0.08874624967575073,0.04324003379856278,-0.04550621587718795
53,False,53.0,53.0,3721,3721,1.0,0.0,0,-0.16182087361812592,-0.09436351805925369,-0.07590354233980179,0.08591733127832413,0.018279321491718292,-1.0525732205438834,-1.0391480048766104,-1.0104904497666927,0.04208277077719069,0.009964512325906442,-0.9766696782040816,-0.9447844861666073,-0.8486695761485668,0.8486695761485668,0.9447844861666073,0.9766696782040816,0.9452032775551589,9.833813239373008,0.20728889392330668,5.244500027550867,10.364963687136921,12.867247668518129,3721,0,0.02813379817789822,1.5391051372821831,-0.9829707103454004,95.47819519042969,118.1376866218043,22.65949143137462,0.0,0.0,0.0,0.0,0.0,0.0,0.0,0.08591733127832413,0.04208277077719069,-0.043834560501133435
54,False,54.0,54.0,3721,3721,1.0,0.0,0,-0.044382110238075256,0.020916735753417015,0.03908996656537056,0.08347207307815552,0.017858946695923805,-1.054040418410826,-1.040827592819089,-1.012822758417805,0.04121765999302118,0.009780192287468568,-1.0931303849761966,-1.061744328737008,-0.9684406481797296,0.9684406481797296,1.061744328737008,1.0931303849761966,1.0621013159673365,38.61671212371709,0.23292535293659067,21.820518289572174,21.820518289572174,21.820518289572174,1,3720,0.027535173411414343,1.5418137775757916,-0.9835790564427505,96.29795837402344,118.27418973385053,21.976231359827096,0.0,0.0,0.0,0.0,0.0,0.0,0.0,0.08347208052873611,0.04121765999302118,-0.04225442053571493
55,False,55.0,55.0,3721,3721,1.0,0.0,0,-0.044530607759952545,0.018697122111916542,0.03658725321292877,0.08111786097288132,0.017449425533413887,-1.0555076162777688,-1.042507256622168,-1.015155067068917,0.040352549208851896,0.009596038042589522,-1.0920948694906976,-1.0612043796957173,-0.9706244593089643,0.9706244593089643,1.0612043796957173,1.0920948694906976,1.0615464576377653,41.50769281190988,0.23280366909127176,21.796793444662356,22.011898107770584,22.067932558168515,5,3716,0.026947100739981213,1.5442972703984508,-0.9841414551188689,97.099609375,118.43341780203399,21.333808427033986,0.0,0.0,0.0,0.0,0.0,0.0,0.0,0.08111786097288132,0.040352549208851896,-0.04076531176402942
56,False,56.0,56.0,3721,3721,1.0,0.0,0,-0.044761765748262405,0.016477640718221664,0.03408828005194664,0.07885004580020905,0.017050407826900482,-1.0569748141447115,-1.044186680192334,-1.017487375720029,0.03948743842468261,0.009411935569461143,-1.0910630941966581,-1.0606643212860507,-0.9727256099717665,0.9727256099717665,1.0606643212860507,1.0910630941966581,1.0609920510706807,44.74612906922166,0.23268208432024554,21.731171541406997,21.933630746752886,21.986874484628927,5,3716,0.02636911044726537,1.5465384779787736,-0.9846533435669012,97.8840560913086,118.61115010156111,20.727094010252515,0.0,0.0,0.0,0.0,0.0,0.0,0.0,0.07885004580020905,0.03948743842468261,-0.03936260737552644
57,False,57.0,57.0,3721,3721,1.0,0.0,0,-0.04507129266858101,0.014258288778364658,0.03159302473068237,0.07666431367397308,0.01666155830025673,-1.0584420120116544,-1.0458655841567521,-1.0198196843711411,0.03862232764051332,0.009228101885775133,-1.0900350367423368,-1.0601238729869815,-0.9747483917025601,0.9747483917025601,1.0601238729869815,1.0900350367423368,1.060437798082311,48.356514342921514,0.23256053322997633,21.626812411840426,21.943229891559348,22.10392575151008,9,3712,0.02580111474009235,1.5485417254629332,-0.9851161304557183,98.65213012695312,118.7938780474476,20.14174792049448,0.0,0.0,0.0,0.0,0.0,0.0,0.0,0.07666431367397308,0.03862232764051332,-0.03804198603345976
58,False,58.0,58.0,3721,3721,1.0,0.0,0,-0.04545518755912781,0.0120390634983778,0.029101453721523285,0.07455664128065109,0.01628255844116211,-1.059909209878597,-1.0475444808514507,-1.0220990996604336,0.037810110218163384,0.009043969055816649,-1.0890106636001202,-1.0595835454790508,-0.9766968054631253,0.9766968054631253,1.0595835454790508,1.0890106636001202,1.0598841736414797,52.34007047892276,0.2324391199840493,21.487026187993276,21.782448107121397,21.932970688536056,9,3712,0.025242259904287148,1.5502638304848375,-0.9855313712997825,99.40460968017578,119.05886088501165,19.654251204835873,0.0,0.0,-5.0,5.0,-5.0,5.0,7.0710678118654755,0.07455664128065109,0.037810110218163384,-0.03674653106248771
59,False,59.0,58.0,3721,3721,1.0,0.0,0,-0.04545518755912781,0.0120390634983778,0.029101453721523285,0.07455664128065109,0.01628255844116211,-1.059909209878597,-1.0475444808514507,-1.0220990996604336,0.037810110218163384,0.009043969055816649,-1.0890106636001202,-1.0595835454790508,-0.9766968054631253,0.9766968054631253,1.0595835454790508,1.0890106636001202,1.0598841736414797,52.34007047892276,0.2324391199840493,21.487026187993276,21.782448107121397,21.932970688536056,9,3712,0.025242259904287148,1.5502638304848375,-0.9855313712997825,99.40460968017578,119.05886088501165,19.654251204835873,0.0,0.0,-5.0,5.0,-5.0,5.0,7.0710678118654755,0.07455664128065109,0.037810110218163384,-0.03674653106248771
60,False,60.0,58.0,3721,3721,1.0,0.0,0,-0.04545518755912781,0.0120390634983778,0.029101453721523285,0.07455664128065109,0.01628255844116211,-1.059909209878597,-1.0475444808514507,-1.0220990996604336,0.037810110218163384,0.009043969055816649,-1.0890106636001202,-1.0595835454790508,-0.9766968054631253,0.9766968054631253,1.0595835454790508,1.0890106636001202,1.0598841736414797,52.34007047892276,0.2324391199840493,21.487026187993276,21.782448107121397,21.932970688536056,9,3712,0.025242259904287148,1.5502638304848375,-0.9855313712997825,99.40460968017578,119.05886088501165,19.654251204835873,0.0,0.0,-5.0,5.0,-5.0,5.0,7.0710678118654755,0.07455664128065109,0.037810110218163384,-0.03674653106248771
61,False,61.0,58.0,3721,3721,1.0,0.0,0,-0.04545518755912781,0.0120390634983778,0.029101453721523285,0.07455664128065109,0.01628255844116211,-1.059909209878597,-1.0475444808514507,-1.0220990996604336,0.037810110218163384,0.009043969055816649,-1.0890106636001202,-1.0595835454790508,-0.9766968054631253,0.9766968054631253,1.0595835454790508,1.0890106636001202,1.0598841736414797,52.34007047892276,0.2324391199840493,21.487026187993276,21.782448107121397,21.932970688536056,9,3712,0.025242259904287148,1.5502638304848375,-0.9855313712997825,99.40460968017578,119.05886088501165,19.654251204835873,0.0,0.0,-5.0,5.0,-5.0,5.0,7.0710678118654755,0.07455664128065109,0.037810110218163384,-0.03674653106248771
62,False,62.0,58.0,3721,3721,1.0,0.0,0,-0.04545518755912781,0.0120390634983778,0.029101453721523285,0.07455664128065109,0.01628255844116211,-1.059909209878597,-1.0475444808514507,-1.0220990996604336,0.037810110218163384,0.009043969055816649,-1.0890106636001202,-1.0595835454790508,-0.9766968054631253,0.9766968054631253,1.0595835454790508,1.0890106636001202,1.0598841736414797,52.34007047892276,0.2324391199840493,21.487026187993276,21.782448107121397,21.932970688536056,9,3712,0.025242259904287148,1.5502638304848375,-0.9855313712997825,99.40460968017578,119.05886088501165,19.654251204835873,0.0,0.0,-5.0,5.0,-5.0,5.0,7.0710678118654755,0.07455664128065109,0.037810110218163384,-0.03674653106248771
63,False,63.0,58.0,3721,3721,1.0,0.0,0,-0.04545518755912781,0.0120390634983778,0.029101453721523285,0.07455664128065109,0.01628255844116211,-1.059909209878597,-1.0475444808514507,-1.0220990996604336,0.037810110218163384,0.009043969055816649,-1.0890106636001202,-1.0595835454790508,-0.9766968054631253,0.9766968054631253,1.0595835454790508,1.0890106636001202,1.0598841736414797,52.34007047892276,0.2324391199840493,21.487026187993276,21.782448107121397,21.932970688536056,9,3712,0.025242259904287148,1.5502638304848375,-0.9855313712997825,99.40460968017578,119.05886088501165,19.654251204835873,0.0,0.0,-5.0,5.0,-5.0,5.0,7.0710678118654755,0.07455664128065109,0.037810110218163384,-0.03674653106248771
64,False,64.0,58.0,3721,3721,1.0,0.0,0,-0.04545518755912781,0.0120390634983778,0.029101453721523285,0.07455664128065109,0.01628255844116211,-1.059909209878597,-1.0475444808514507,-1.0220990996604336,0.037810110218163384,0.009043969055816649,-1.0890106636001202,-1.0595835454790508,-0.9766968054631253,0.9766968054631253,1.0595835454790508,1.0890106636001202,1.0598841736414797,52.34007047892276,0.2324391199840493,21.487026187993276,21.782448107121397,21.932970688536056,9,3712,0.025242259904287148,1.5502638304848375,-0.9855313712997825,99.40460968017578,119.05886088501165,19.654251204835873,0.0,0.0,-5.0,5.0,-5.0,5.0,7.0710678118654755,0.07455664128065109,0.037810110218163384,-0.03674653106248771
65,False,65.0,58.0,3721,3721,1.0,0.0,0,-0.04545518755912781,0.0120390634983778,0.029101453721523285,0.07455664128065109,0.01628255844116211,-1.059909209878597,-1.0475444808514507,-1.0220990996604336,0.037810110218163384,0.009043969055816649,-1.0890106636001202,-1.0595835454790508,-0.9766968054631253,0.9766968054631253,1.0595835454790508,1.0890106636001202,1.0598841736414797,52.34007047892276,0.2324391199840493,21.487026187993276,21.782448107121397,21.932970688536056,9,3712,0.025242259904287148,1.5502638304848375,-0.9855313712997825,99.40460968017578,119.05886088501165,19.654251204835873,0.0,0.0,-5.0,5.0,-5.0,5.0,7.0710678118654755,0.07455664128065109,0.037810110218163384,-0.03674653106248771
66,False,66.0,58.0,3721,3721,1.0,0.0,0,-0.04545518755912781,0.0120390634983778,0.029101453721523285,0.07455664128065109,0.01628255844116211,-1.059909209878597,-1.0475444808514507,-1.0220990996604336,0.037810110218163384,0.009043969055816649,-1.0890106636001202,-1.0595835454790508,-0.9766968054631253,0.9766968054631253,1.0595835454790508,1.0890106636001202,1.0598841736414797,52.34007047892276,0.2324391199840493,21.487026187993276,21.782448107121397,21.932970688536056,9,3712,0.025242259904287148,1.5502638304848375,-0.9855313712997825,99.40460968017578,119.05886088501165,19.654251204835873,0.0,0.0,-5.0,5.0,-5.0,5.0,7.0710678118654755,0.07455664128065109,0.037810110218163384,-0.03674653106248771
67,False,67.0,58.0,3721,3721,1.0,0.0,0,-0.04545518755912781,0.0120390634983778,0.029101453721523285,0.07455664128065109,0.01628255844116211,-1.059909209878597,-1.0475444808514507,-1.0220990996604336,0.037810110218163384,0.009043969055816649,-1.0890106636001202,-1.0595835454790508,-0.9766968054631253,0.9766968054631253,1.0595835454790508,1.0890106636001202,1.0598841736414797,52.34007047892276,0.2324391199840493,21.487026187993276,21.782448107121397,21.932970688536056,9,3712,0.025242259904287148,1.5502638304848375,-0.9855313712997825,99.40460968017578,119.05886088501165,19.654251204835873,0.0,0.0,-5.0,5.0,-5.0,5.0,7.0710678118654755,0.07455664128065109,0.037810110218163384,-0.03674653106248771
68,False,68.0,77.94999694824219,3721,3721,1.0,0.0,0,-0.06427445262670517,-0.03220990300178528,-0.01988035999238491,0.04439409077167511,0.01038989145308733,-1.089635112311001,-1.0809680116731788,-1.0654298899977392,0.02420522231326183,0.005900124049396697,-1.0697547523186162,-1.0487581093461706,-1.00132325683804,1.00132325683804,1.0487581093461706,1.0697547523186162,1.0488840825441832,30.991577070919856,0.23002673233076895,15.578868678253102,19.563852062873245,23.228856866809057,553,3168,0.01625566655656642,1.5645655280000061,-0.9908818810735539,111.95208740234375,127.97363654807859,16.021549145734838,0.0,0.0,-5.0,5.0,-5.0,5.0,7.0710678118654755,0.04439409077167511,0.02420522231326183,-0.020188868458413278
69,False,69.0,77.94999694824219,3721,3721,1.0,0.0,0,-0.06427445262670517,-0.03220990300178528,-0.01988035999238491,0.04439409077167511,0.01038989145308733,-1.089635112311001,-1.0809680116731788,-1.0654298899977392,0.02420522231326183,0.005900124049396697,-1.0697547523186162,-1.0487581093461706,-1.00132325683804,1.00132325683804,1.0487581093461706,1.0697547523186162,1.0488840825441832,30.991577070919856,0.23002673233076895,15.578868678253102,19.563852062873245,23.228856866809057,553,3168,0.01625566655656642,1.5645655280000061,-0.9908818810735539,111.95208740234375,127.97363654807859,16.021549145734838,0.0,0.0,-5.0,5.0,-5.0,5.0,7.0710678118654755,0.04439409077167511,0.02420522231326183,-0.020188868458413278
70,False,70.0,77.94999694824219,3721,3721,1.0,0.0,0,-0.06427445262670517,-0.03220990300178528,-0.01988035999238491,0.04439409077167511,0.01038989145308733,-1.089635112311001,-1.0809680116731788,-1.0654298899977392,0.02420522231326183,0.005900124049396697,-1.0697547523186162,-1.0487581093461706,-1.00132325683804,1.00132325683804,1.0487581093461706,1.0697547523186162,1.0488840825441832,30.991577070919856,0.23002673233076895,15.578868678253102,19.563852062873245,23.228856866809057,553,3168,0.01625566655656642,1.5645655280000061,-0.9908818810735539,111.95208740234375,127.97363654807859,16.021549145734838,0.0,0.0,-5.0,5.0,-5.0,5.0,7.0710678118654755,0.04439409077167511,0.02420522231326183,-0.020188868458413278
71,False,71.0,77.94999694824219,3721,3721,1.0,0.0,0,-0.06427445262670517,-0.03220990300178528,-0.01988035999238491,0.04439409077167511,0.01038989145308733,-1.089635112311001,-1.0809680116731788,-1.0654298899977392,0.02420522231326183,0.005900124049396697,-1.0697547523186162,-1.0487581093461706,-1.00132325683804,1.00132325683804,1.0487581093461706,1.0697547523186162,1.0488840825441832,30.991577070919856,0.23002673233076895,15.578868678253102,19.563852062873245,23.228856866809057,553,3168,0.01625566655656642,1.5645655280000061,-0.9908818810735539,111.95208740234375,127.97363654807859,16.021549145734838,0.0,0.0,-5.0,5.0,-5.0,5.0,7.0710678118654755,0.04439409077167511,0.02420522231326183,-0.020188868458413278
72,False,72.0,77.94999694824219,3721,3721,1.0,0.0,0,-0.06427445262670517,-0.03220990300178528,-0.01988035999238491,0.04439409077167511,0.01038989145308733,-1.089635112311001,-1.0809680116731788,-1.0654298899977392,0.02420522231326183,0.005900124049396697,-1.0697547523186162,-1.0487581093461706,-1.00132325683804,1.00132325683804,1.0487581093461706,1.0697547523186162,1.0488840825441832,30.991577070919856,0.23002673233076895,15.578868678253102,19.563852062873245,23.228856866809057,553,3168,0.01625566655656642,1.5645655280000061,-0.9908818810735539,111.95208740234375,127.97363654807859,16.021549145734838,0.0,0.0,-5.0,5.0,-5.0,5.0,7.0710678118654755,0.04439409077167511,0.02420522231326183,-0.020188868458413278
73,False,73.0,77.94999694824219,3721,3721,1.0,0.0,0,-0.06427445262670517,-0.03220990300178528,-0.01988035999238491,0.04439409077167511,0.01038989145308733,-1.089635112311001,-1.0809680116731788,-1.0654298899977392,0.02420522231326183,0.005900124049396697,-1.0697547523186162,-1.0487581093461706,-1.00132325683804,1.00132325683804,1.0487581093461706,1.0697547523186162,1.0488840825441832,30.991577070919856,0.23002673233076895,15.578868678253102,19.563852062873245,23.228856866809057,553,3168,0.01625566655656642,1.5645655280000061,-0.9908818810735539,111.95208740234375,127.97363654807859,16.021549145734838,0.0,0.0,-5.0,5.0,-5.0,5.0,7.0710678118654755,0.04439409077167511,0.02420522231326183,-0.020188868458413278
74,False,74.0,77.94999694824219,3721,3721,1.0,0.0,0,-0.06427445262670517,-0.03220990300178528,-0.01988035999238491,0.04439409077167511,0.01038989145308733,-1.089635112311001,-1.0809680116731788,-1.0654298899977392,0.02420522231326183,0.005900124049396697,-1.0697547523186162,-1.0487581093461706,-1.00132325683804,1.00132325683804,1.0487581093461706,1.0697547523186162,1.0488840825441832,30.991577070919856,0.23002673233076895,15.578868678253102,19.563852062873245,23.228856866809057,553,3168,0.01625566655656642,1.5645655280000061,-0.9908818810735539,111.95208740234375,127.97363654807859,16.021549145734838,0.0,0.0,-5.0,5.0,-5.0,5.0,7.0710678118654755,0.04439409077167511,0.02420522231326183,-0.020188868458413278
75,False,75.0,77.94999694824219,3721,3721,1.0,0.0,0,-0.06427445262670517,-0.03220990300178528,-0.01988035999238491,0.04439409077167511,0.01038989145308733,-1.089635112311001,-1.0809680116731788,-1.0654298899977392,0.02420522231326183,0.005900124049396697,-1.0697547523186162,-1.0487581093461706,-1.00132325683804,1.00132325683804,1.0487581093461706,1.0697547523186162,1.0488840825441832,30.991577070919856,0.23002673233076895,15.578868678253102,19.563852062873245,23.228856866809057,553,3168,0.01625566655656642,1.5645655280000061,-0.9908818810735539,111.95208740234375,127.97363654807859,16.021549145734838,0.0,0.0,-5.0,5.0,-5.0,5.0,7.0710678118654755,0.04439409077167511,0.02420522231326183,-0.020188868458413278
76,False,76.0,77.94999694824219,3721,3721,1.0,0.0,0,-0.06427445262670517,-0.03220990300178528,-0.01988035999238491,0.04439409077167511,0.01038989145308733,-1.089635112311001,-1.0809680116731788,-1.0654298899977392,0.02420522231326183,0.005900124049396697,-1.0697547523186162,-1.0487581093461706,-1.00132325683804,1.00132325683804,1.0487581093461706,1.0697547523186162,1.0488840825441832,30.991577070919856,0.23002673233076895,15.578868678253102,19.563852062873245,23.228856866809057,553,3168,0.01625566655656642,1.5645655280000061,-0.9908818810735539,111.95208740234375,127.97363654807859,16.021549145734838,0.0,0.0,-5.0,5.0,-5.0,5.0,7.0710678118654755,0.04439409077167511,0.02420522231326183,-0.020188868458413278
77,False,77.0,77.94999694824219,3721,3721,1.0,0.0,0,-0.06427445262670517,-0.03220990300178528,-0.01988035999238491,0.04439409077167511,0.01038989145308733,-1.089635112311001,-1.0809680116731788,-1.0654298899977392,0.02420522231326183,0.005900124049396697,-1.0697547523186162,-1.0487581093461706,-1.00132325683804,1.00132325683804,1.0487581093461706,1.0697547523186162,1.0488840825441832,30.991577070919856,0.23002673233076895,15.578868678253102,19.563852062873245,23.228856866809057,553,3168,0.01625566655656642,1.5645655280000061,-0.9908818810735539,111.95208740234375,127.97363654807859,16.021549145734838,0.0,0.0,-5.0,5.0,-5.0,5.0,7.0710678118654755,0.04439409077167511,0.02420522231326183,-0.020188868458413278
78,False,78.0,77.94999694824219,3721,3721,1.0,0.0,0,-0.06427445262670517,-0.03220990300178528,-0.01988035999238491,0.04439409077167511,0.01038989145308733,-1.089635112311001,-1.0809680116731788,-1.0654298899977392,0.02420522231326183,0.005900124049396697,-1.0697547523186162,-1.0487581093461706,-1.00132325683804,1.00132325683804,1.0487581093461706,1.0697547523186162,1.0488840825441832,30.991577070919856,0.23002673233076895,15.578868678253102,19.563852062873245,23.228856866809057,553,3168,0.01625566655656642,1.5645655280000061,-0.9908818810735539,111.95208740234375,127.97363654807859,16.021549145734838,0.0,0.0,-5.0,5.0,-5.0,5.0,7.0710678118654755,0.04439409077167511,0.02420522231326183,-0.020188868458413278
79,False,79.0,77.94999694824219,3721,3721,1.0,0.0,0,-0.06427445262670517,-0.03220990300178528,-0.01988035999238491,0.04439409077167511,0.01038989145308733,-1.089635112311001,-1.0809680116731788,-1.0654298899977392,0.02420522231326183,0.005900124049396697,-1.0697547523186162,-1.0487581093461706,-1.00132325683804,1.00132325683804,1.0487581093461706,1.0697547523186162,1.0488840825441832,30.991577070919856,0.23002673233076895,15.578868678253102,19.563852062873245,23.228856866809057,553,3168,0.01625566655656642,1.5645655280000061,-0.9908818810735539,111.95208740234375,127.97363654807859,16.021549145734838,0.0,0.0,-5.0,5.0,-5.0,5.0,7.0710678118654755,0.04439409077167511,0.02420522231326183,-0.020188868458413278
80,False,80.0,77.94999694824219,3721,3721,1.0,0.0,0,-0.06427445262670517,-0.03220990300178528,-0.01988035999238491,0.04439409077167511,0.01038989145308733,-1.089635112311001,-1.0809680116731788,-1.0654298899977392,0.02420522231326183,0.005900124049396697,-1.0697547523186162,-1.0487581093461706,-1.00132325683804,1.00132325683804,1.0487581093461706,1.0697547523186162,1.0488840825441832,30.991577070919856,0.23002673233076895,15.578868678253102,19.563852062873245,23.228856866809057,553,3168,0.01625566655656642,1.5645655280000061,-0.9908818810735539,111.95208740234375,127.97363654807859,16.021549145734838,0.0,0.0,-5.0,5.0,-5.0,5.0,7.0710678118654755,0.04439409077167511,0.02420522231326183,-0.020188868458413278
81,False,81.0,77.94999694824219,3721,3721,1.0,0.0,0,-0.06427445262670517,-0.03220990300178528,-0.01988035999238491,0.04439409077167511,0.01038989145308733,-1.089635112311001,-1.0809680116731788,-1.0654298899977392,0.02420522231326183,0.005900124049396697,-1.0697547523186162,-1.0487581093461706,-1.00132325683804,1.00132325683804,1.0487581093461706,1.0697547523186162,1.0488840825441832,30.991577070919856,0.23002673233076895,15.578868678253102,19.563852062873245,23.228856866809057,553,3168,0.01625566655656642,1.5645655280000061,-0.9908818810735539,111.95208740234375,127.97363654807859,16.021549145734838,0.0,0.0,-5.0,5.0,-5.0,5.0,7.0710678118654755,0.04439409077167511,0.02420522231326183,-0.020188868458413278
82,False,82.0,77.94999694824219,3721,3721,1.0,0.0,0,-0.06427445262670517,-0.03220990300178528,-0.01988035999238491,0.04439409077167511,0.01038989145308733,-1.089635112311001,-1.0809680116731788,-1.0654298899977392,0.02420522231326183,0.005900124049396697,-1.0697547523186162,-1.0487581093461706,-1.00132325683804,1.00132325683804,1.0487581093461706,1.0697547523186162,1.0488840825441832,30.991577070919856,0.23002673233076895,15.578868678253102,19.563852062873245,23.228856866809057,553,3168,0.01625566655656642,1.5645655280000061,-0.9908818810735539,111.95208740234375,127.97363654807859,16.021549145734838,0.0,0.0,-5.0,5.0,-5.0,5.0,7.0710678118654755,0.04439409077167511,0.02420522231326183,-0.020188868458413278
83,False,83.0,77.94999694824219,3721,3721,1.0,0.0,0,-0.06427445262670517,-0.03220990300178528,-0.01988035999238491,0.04439409077167511,0.01038989145308733,-1.089635112311001,-1.0809680116731788,-1.0654298899977392,0.02420522231326183,0.005900124049396697,-1.0697547523186162,-1.0487581093461706,-1.00132325683804,1.00132325683804,1.0487581093461706,1.0697547523186162,1.0488840825441832,30.991577070919856,0.23002673233076895,15.578868678253102,19.563852062873245,23.228856866809057,553,3168,0.01625566655656642,1.5645655280000061,-0.9908818810735539,111.95208740234375,127.97363654807859,16.021549145734838,0.0,0.0,-5.0,5.0,-5.0,5.0,7.0710678118654755,0.04439409077167511,0.02420522231326183,-0.020188868458413278
84,False,84.0,77.94999694824219,3721,3721,1.0,0.0,0,-0.06427445262670517,-0.03220990300178528,-0.01988035999238491,0.04439409077167511,0.01038989145308733,-1.089635112311001,-1.0809680116731788,-1.0654298899977392,0.02420522231326183,0.005900124049396697,-1.0697547523186162,-1.0487581093461706,-1.00132325683804,1.00132325683804,1.0487581093461706,1.0697547523186162,1.0488840825441832,30.991577070919856,0.23002673233076895,15.578868678253102,19.563852062873245,23.228856866809057,553,3168,0.01625566655656642,1.5645655280000061,-0.9908818810735539,111.95208740234375,127.97363654807859,16.021549145734838,0.0,0.0,-5.0,5.0,-5.0,5.0,7.0710678118654755,0.04439409077167511,0.02420522231326183,-0.020188868458413278
85,False,85.0,77.94999694824219,3721,3721,1.0,0.0,0,-0.06427445262670517,-0.03220990300178528,-0.01988035999238491,0.04439409077167511,0.01038989145308733,-1.089635112311001,-1.0809680116731788,-1.0654298899977392,0.02420522231326183,0.005900124049396697,-1.0697547523186162,-1.0487581093461706,-1.00132325683804,1.00132325683804,1.0487581093461706,1.0697547523186162,1.0488840825441832,30.991577070919856,0.23002673233076895,15.578868678253102,19.563852062873245,23.228856866809057,553,3168,0.01625566655656642,1.5645655280000061,-0.9908818810735539,111.95208740234375,127.97363654807859,16.021549145734838,0.0,0.0,-5.0,5.0,-5.0,5.0,7.0710678118654755,0.04439409077167511,0.02420522231326183,-0.020188868458413278
86,False,86.0,77.94999694824219,3721,3721,1.0,0.0,0,-0.06427445262670517,-0.03220990300178528,-0.01988035999238491,0.04439409077167511,0.01038989145308733,-1.089635112311001,-1.0809680116731788,-1.0654298899977392,0.02420522231326183,0.005900124049396697,-1.0697547523186162,-1.0487581093461706,-1.00132325683804,1.00132325683804,1.0487581093461706,1.0697547523186162,1.0488840825441832,30.991577070919856,0.23002673233076895,15.578868678253102,19.563852062873245,23.228856866809057,553,3168,0.01625566655656642,1.5645655280000061,-0.9908818810735539,111.95208740234375,127.97363654807859,16.021549145734838,0.0,0.0,-5.0,5.0,-5.0,5.0,7.0710678118654755,0.04439409077167511,0.02420522231326183,-0.020188868458413278
87,False,87.0,77.94999694824219,3721,3721,1.0,0.0,0,-0.06427445262670517,-0.03220990300178528,-0.01988035999238491,0.04439409077167511,0.01038989145308733,-1.089635112311001,-1.0809680116731788,-1.0654298899977392,0.02420522231326183,0.005900124049396697,-1.0697547523186162,-1.0487581093461706,-1.00132325683804,1.00132325683804,1.0487581093461706,1.0697547523186162,1.0488840825441832,30.991577070919856,0.23002673233076895,15.578868678253102,19.563852062873245,23.228856866809057,553,3168,0.01625566655656642,1.5645655280000061,-0.9908818810735539,111.95208740234375,127.97363654807859,16.021549145734838,0.0,0.0,-5.0,5.0,-5.0,5.0,7.0710678118654755,0.04439409077167511,0.02420522231326183,-0.020188868458413278
88,False,88.0,97.9000015258789,3721,3721,1.0,0.0,0,-0.09531636536121368,-0.07641976326704025,-0.06764807552099228,0.027668289840221405,0.0067108203656971455,-1.1203963288892245,-1.1144287018441916,-1.1045535099929977,0.01584281889622674,0.0038797236759474545,-1.0527451285426894,-1.0380089398045649,-1.0092709586871087,1.0092709586871087,1.0380089398045649,1.0527451285426894,1.038062821290979,13.531621793206098,0.22765356316250934,10.588642935159623,13.69228951460652,15.562085402060045,3721,0,0.010576475423791525,1.5760332401763997,-0.9942812877056614,120.69891357421875,131.40073469945332,10.701821125234574,0.0,0.0,-5.0,0.0,-5.0,0.0,5.0,0.027668289840221405,0.01584281889622674,-0.011825470943994665
89,False,89.0,97.9000015258789,3721,3721,1.0,0.0,0,-0.09531636536121368,-0.07641976326704025,-0.06764807552099228,0.027668289840221405,0.0067108203656971455,-1.1203963288892245,-1.1144287018441916,-1.1045535099929977,0.01584281889622674,0.0038797236759474545,-1.0527451285426894,-1.0380089398045649,-1.0092709586871087,1.0092709586871087,1.0380089398045649,1.0527451285426894,1.038062821290979,13.531621793206098,0.22765356316250934,10.588642935159623,13.69228951460652,15.562085402060045,3721,0,0.010576475423791525,1.5760332401763997,-0.9942812877056614,120.69891357421875,131.40073469945332,10.701821125234574,0.0,0.0,-5.0,0.0,-5.0,0.0,5.0,0.027668289840221405,0.01584281889622674,-0.011825470943994665
90,False,90.0,97.9000015258789,3721,3721,1.0,0.0,0,-0.09531636536121368,-0.07641976326704025,-0.06764807552099228,0.027668289840221405,0.0067108203656971455,-1.1203963288892245,-1.1144287018441916,-1.1045535099929977,0.01584281889622674,0.0038797236759474545,-1.0527451285426894,-1.0380089398045649,-1.0092709586871087,1.0092709586871087,1.0380089398045649,1.0527451285426894,1.038062821290979,13.531621793206098,0.22765356316250934,10.588642935159623,13.69228951460652,15.562085402060045,3721,0,0.010576475423791525,1.5760332401763997,-0.9942812877056614,120.69891357421875,131.40073469945332,10.701821125234574,0.0,0.0,-5.0,0.0,-5.0,0.0,5.0,0.027668289840221405,0.01584281889622674,-0.011825470943994665
91,False,91.0,97.9000015258789,3721,3721,1.0,0.0,0,-0.09531636536121368,-0.07641976326704025,-0.06764807552099228,0.027668289840221405,0.0067108203656971455,-1.1203963288892245,-1.1144287018441916,-1.1045535099929977,0.01584281889622674,0.0038797236759474545,-1.0527451285426894,-1.0380089398045649,-1.0092709586871087,1.0092709586871087,1.0380089398045649,1.0527451285426894,1.038062821290979,13.531621793206098,0.22765356316250934,10.588642935159623,13.69228951460652,15.562085402060045,3721,0,0.010576475423791525,1.5760332401763997,-0.9942812877056614,120.69891357421875,131.40073469945332,10.701821125234574,0.0,0.0,-5.0,0.0,-5.0,0.0,5.0,0.027668289840221405,0.01584281889622674,-0.011825470943994665
92,False,92.0,97.9000015258789,3721,3721,1.0,0.0,0,-0.09531636536121368,-0.07641976326704025,-0.06764807552099228,0.027668289840221405,0.0067108203656971455,-1.1203963288892245,-1.1144287018441916,-1.1045535099929977,0.01584281889622674,0.0038797236759474545,-1.0527451285426894,-1.0380089398045649,-1.0092709586871087,1.0092709586871087,1.0380089398045649,1.0527451285426894,1.038062821290979,13.531621793206098,0.22765356316250934,10.588642935159623,13.69228951460652,15.562085402060045,3721,0,0.010576475423791525,1.5760332401763997,-0.9942812877056614,120.69891357421875,131.40073469945332,10.701821125234574,0.0,0.0,-5.0,0.0,-5.0,0.0,5.0,0.027668289840221405,0.01584281889622674,-0.011825470943994665
93,False,93.0,97.9000015258789,3721,3721,1.0,0.0,0,-0.09531636536121368,-0.07641976326704025,-0.06764807552099228,0.027668289840221405,0.0067108203656971455,-1.1203963288892245,-1.1144287018441916,-1.1045535099929977,0.01584281889622674,0.0038797236759474545,-1.0527451285426894,-1.0380089398045649,-1.0092709586871087,1.0092709586871087,1.0380089398045649,1.0527451285426894,1.038062821290979,13.531621793206098,0.22765356316250934,10.588642935159623,13.69228951460652,15.562085402060045,3721,0,0.010576475423791525,1.5760332401763997,-0.9942812877056614,120.69891357421875,131.40073469945332,10.701821125234574,0.0,0.0,-5.0,0.0,-5.0,0.0,5.0,0.027668289840221405,0.01584281889622674,-0.011825470943994665
94,False,94.0,97.9000015258789,3721,3721,1.0,0.0,0,-0.09531636536121368,-0.07641976326704025,-0.06764807552099228,0.027668289840221405,0.0067108203656971455,-1.1203963288892245,-1.1144287018441916,-1.1045535099929977,0.01584281889622674,0.0038797236759474545,-1.0527451285426894,-1.0380089398045649,-1.0092709586871087,1.0092709586871087,1.0380089398045649,1.0527451285426894,1.038062821290979,13.531621793206098,0.22765356316250934,10.588642935159623,13.69228951460652,15.562085402060045,3721,0,0.010576475423791525,1.5760332401763997,-0.9942812877056614,120.69891357421875,131.40073469945332,10.701821125234574,0.0,0.0,-5.0,0.0,-5.0,0.0,5.0,0.027668289840221405,0.01584281889622674,-0.011825470943994665
95,False,95.0,97.9000015258789,3721,3721,1.0,0.0,0,-0.09531636536121368,-0.07641976326704025,-0.06764807552099228,0.027668289840221405,0.0067108203656971455,-1.1203963288892245,-1.1144287018441916,-1.1045535099929977,0.01584281889622674,0.0038797236759474545,-1.0527451285426894,-1.0380089398045649,-1.0092709586871087,1.0092709586871087,1.0380089398045649,1.0527451285426894,1.038062821290979,13.531621793206098,0.22765356316250934,10.588642935159623,13.69228951460652,15.562085402060045,3721,0,0.010576475423791525,1.5760332401763997,-0.9942812877056614,120.69891357421875,131.40073469945332,10.701821125234574,0.0,0.0,-5.0,0.0,-5.0,0.0,5.0,0.027668289840221405,0.01584281889622674,-0.011825470943994665
96,False,96.0,97.9000015258789,3721,3721,1.0,0.0,0,-0.09531636536121368,-0.07641976326704025,-0.06764807552099228,0.027668289840221405,0.0067108203656971455,-1.1203963288892245,-1.1144287018441916,-1.1045535099929977,0.01584281889622674,0.0038797236759474545,-1.0527451285426894,-1.0380089398045649,-1.0092709586871087,1.0092709586871087,1.0380089398045649,1.0527451285426894,1.038062821290979,13.531621793206098,0.22765356316250934,10.588642935159623,13.69228951460652,15.562085402060045,3721,0,0.010576475423791525,1.5760332401763997,-0.9942812877056614,120.69891357421875,131.40073469945332,10.701821125234574,0.0,0.0,-5.0,0.0,-5.0,0.0,5.0,0.027668289840221405,0.01584281889622674,-0.011825470943994665
97,False,97.0,97.9000015258789,3721,3721,1.0,0.0,0,-0.09531636536121368,-0.07641976326704025,-0.06764807552099228,0.027668289840221405,0.0067108203656971455,-1.1203963288892245,-1.1144287018441916,-1.1045535099929977,0.01584281889622674,0.0038797236759474545,-1.0527451285426894,-1.0380089398045649,-1.0092709586871087,1.0092709586871087,1.0380089398045649,1.0527451285426894,1.038062821290979,13.531621793206098,0.22765356316250934,10.588642935159623,13.69228951460652,15.562085402060045,3721,0,0.010576475423791525,1.5760332401763997,-0.9942812877056614,120.69891357421875,131.40073469945332,10.701821125234574,0.0,0.0,-5.0,0.0,-5.0,0.0,5.0,0.027668289840221405,0.01584281889622674,-0.011825470943994665
98,False,98.0,97.9000015258789,3721,3721,1.0,0.0,0,-0.09531636536121368,-0.07641976326704025,-0.06764807552099228,0.027668289840221405,0.0067108203656971455,-1.1203963288892245,-1.1144287018441916,-1.1045535099929977,0.01584281889622674,0.0038797236759474545,-1.0527451285426894,-1.0380089398045649,-1.0092709586871087,1.0092709586871087,1.0380089398045649,1.0527451285426894,1.038062821290979,13.531621793206098,0.22765356316250934,10.588642935159623,13.69228951460652,15.562085402060045,3721,0,0.010576475423791525,1.5760332401763997,-0.9942812877056614,120.69891357421875,131.40073469945332,10.701821125234574,0.0,0.0,-5.0,0.0,-5.0,0.0,5.0,0.027668289840221405,0.01584281889622674,-0.011825470943994665
99,False,99.0,97.9000015258789,3721,3721,1.0,0.0,0,-0.09531636536121368,-0.07641976326704025,-0.06764807552099228,0.027668289840221405,0.0067108203656971455,-1.1203963288892245,-1.1144287018441916,-1.1045535099929977,0.01584281889622674,0.0038797236759474545,-1.0527451285426894,-1.0380089398045649,-1.0092709586871087,1.0092709586871087,1.0380089398045649,1.0527451285426894,1.038062821290979,13.531621793206098,0.22765356316250934,10.588642935159623,13.69228951460652,15.562085402060045,3721,0,0.010576475423791525,1.5760332401763997,-0.9942812877056614,120.69891357421875,131.40073469945332,10.701821125234574,0.0,0.0,-5.0,0.0,-5.0,0.0,5.0,0.027668289840221405,0.01584281889622674,-0.011825470943994665
100,False,100.0,97.9000015258789,3721,3721,1.0,0.0,0,-0.09531636536121368,-0.07641976326704025,-0.06764807552099228,0.027668289840221405,0.0067108203656971455,-1.1203963288892245,-1.1144287018441916,-1.1045535099929977,0.01584281889622674,0.0038797236759474545,-1.0527451285426894,-1.0380089398045649,-1.0092709586871087,1.0092709586871087,1.0380089398045649,1.0527451285426894,1.038062821290979,13.531621793206098,0.22765356316250934,10.588642935159623,13.69228951460652,15.562085402060045,3721,0,0.010576475423791525,1.5760332401763997,-0.9942812877056614,120.69891357421875,131.40073469945332,10.701821125234574,0.0,0.0,-5.0,0.0,-5.0,0.0,5.0,0.027668289840221405,0.01584281889622674,-0.011825470943994665
101,False,101.0,97.9000015258789,3721,3721,1.0,0.0,0,-0.09531636536121368,-0.07641976326704025,-0.06764807552099228,0.027668289840221405,0.0067108203656971455,-1.1203963288892245,-1.1144287018441916,-1.1045535099929977,0.01584281889622674,0.0038797236759474545,-1.0527451285426894,-1.0380089398045649,-1.0092709586871087,1.0092709586871087,1.0380089398045649,1.0527451285426894,1.038062821290979,13.531621793206098,0.22765356316250934,10.588642935159623,13.69228951460652,15.562085402060045,3721,0,0.010576475423791525,1.5760332401763997,-0.9942812877056614,120.69891357421875,131.40073469945332,10.701821125234574,0.0,0.0,-5.0,0.0,-5.0,0.0,5.0,0.027668289840221405,0.01584281889622674,-0.011825470943994665
102,False,102.0,97.9000015258789,3721,3721,1.0,0.0,0,-0.09531636536121368,-0.07641976326704025,-0.06764807552099228,0.027668289840221405,0.0067108203656971455,-1.1203963288892245,-1.1144287018441916,-1.1045535099929977,0.01584281889622674,0.0038797236759474545,-1.0527451285426894,-1.0380089398045649,-1.0092709586871087,1.0092709586871087,1.0380089398045649,1.0527451285426894,1.038062821290979,13.531621793206098,0.22765356316250934,10.588642935159623,13.69228951460652,15.562085402060045,3721,0,0.010576475423791525,1.5760332401763997,-0.9942812877056614,120.69891357421875,131.40073469945332,10.701821125234574,0.0,0.0,-5.0,0.0,-5.0,0.0,5.0,0.027668289840221405,0.01584281889622674,-0.011825470943994665
103,False,103.0,97.9000015258789,3721,3721,1.0,0.0,0,-0.09531636536121368,-0.07641976326704025,-0.06764807552099228,0.027668289840221405,0.0067108203656971455,-1.1203963288892245,-1.1144287018441916,-1.1045535099929977,0.01584281889622674,0.0038797236759474545,-1.0527451285426894,-1.0380089398045649,-1.0092709586871087,1.0092709586871087,1.0380089398045649,1.0527451285426894,1.038062821290979,13.531621793206098,0.22765356316250934,10.588642935159623,13.69228951460652,15.562085402060045,3721,0,0.010576475423791525,1.5760332401763997,-0.9942812877056614,120.69891357421875,131.40073469945332,10.701821125234574,0.0,0.0,-5.0,0.0,-5.0,0.0,5.0,0.027668289840221405,0.01584281889622674,-0.011825470943994665
104,False,104.0,97.9000015258789,3721,3721,1.0,0.0,0,-0.09531636536121368,-0.07641976326704025,-0.06764807552099228,0.027668289840221405,0.0067108203656971455,-1.1203963288892245,-1.1144287018441916,-1.1045535099929977,0.01584281889622674,0.0038797236759474545,-1.0527451285426894,-1.0380089398045649,-1.0092709586871087,1.0092709586871087,1.0380089398045649,1.0527451285426894,1.038062821290979,13.531621793206098,0.22765356316250934,10.588642935159623,13.69228951460652,15.562085402060045,3721,0,0.010576475423791525,1.5760332401763997,-0.9942812877056614,120.69891357421875,131.40073469945332,10.701821125234574,0.0,0.0,-5.0,0.0,-5.0,0.0,5.0,0.027668289840221405,0.01584281889622674,-0.011825470943994665
105,False,105.0,97.9000015258789,3721,3721,1.0,0.0,0,-0.09531636536121368,-0.07641976326704025,-0.06764807552099228,0.027668289840221405,0.0067108203656971455,-1.1203963288892245,-1.1144287018441916,-1.1045535099929977,0.01584281889622674,0.0038797236759474545,-1.0527451285426894,-1.0380089398045649,-1.0092709586871087,1.0092709586871087,1.0380089398045649,1.0527451285426894,1.038062821290979,13.531621793206098,0.22765356316250934,10.588642935159623,13.69228951460652,15.562085402060045,3721,0,0.010576475423791525,1.5760332401763997,-0.9942812877056614,120.69891357421875,131.40073469945332,10.701821125234574,0.0,0.0,-5.0,0.0,-5.0,0.0,5.0,0.027668289840221405,0.01584281889622674,-0.011825470943994665
106,False,106.0,97.9000015258789,3721,3721,1.0,0.0,0,-0.09531636536121368,-0.07641976326704025,-0.06764807552099228,0.027668289840221405,0.0067108203656971455,-1.1203963288892245,-1.1144287018441916,-1.1045535099929977,0.01584281889622674,0.0038797236759474545,-1.0527451285426894,-1.0380089398045649,-1.0092709586871087,1.0092709586871087,1.0380089398045649,1.0527451285426894,1.038062821290979,13.531621793206098,0.22765356316250934,10.588642935159623,13.69228951460652,15.562085402060045,3721,0,0.010576475423791525,1.5760332401763997,-0.9942812877056614,120.69891357421875,131.40073469945332,10.701821125234574,0.0,0.0,-5.0,0.0,-5.0,0.0,5.0,0.027668289840221405,0.01584281889622674,-0.011825470943994665
107,False,107.0,97.9000015258789,3721,3721,1.0,0.0,0,-0.09531636536121368,-0.07641976326704025,-0.06764807552099228,0.027668289840221405,0.0067108203656971455,-1.1203963288892245,-1.1144287018441916,-1.1045535099929977,0.01584281889622674,0.0038797236759474545,-1.0527451285426894,-1.0380089398045649,-1.0092709586871087,1.0092709586871087,1.0380089398045649,1.0527451285426894,1.038062821290979,13.531621793206098,0.22765356316250934,10.588642935159623,13.69228951460652,15.562085402060045,3721,0,0.010576475423791525,1.5760332401763997,-0.9942812877056614,120.69891357421875,131.40073469945332,10.701821125234574,0.0,0.0,-5.0,0.0,-5.0,0.0,5.0,0.027668289840221405,0.01584281889622674,-0.011825470943994665
108,False,108.0,117.8499984741211,3721,3721,1.0,0.0,0,-0.13210462033748627,-0.12060067802667618,-0.1144433468580246,0.01766127347946167,0.0043642264790833,-1.1520347516856133,-1.1479093400644704,-1.1416759318477323,0.010358819837881006,0.0025434027092386697,-1.0375914048275887,-1.0273086610506574,-1.0095803528173095,1.0095803528173095,1.0273086610506574,1.0375914048275887,1.0273318426976183,8.512885900500198,0.22530019353699765,7.642278901662526,8.531150136578546,9.06641961559196,3721,0,0.006901445557923531,1.5813673431159319,-0.9961535015964627,126.99720764160156,132.33805814483674,5.340850503235174,0.0,0.0,0.0,5.0,0.0,5.0,5.0,0.01766127347946167,0.010358819837881006,-0.007302453641580664
109,False,109.0,117.8499984741211,3721,3721,1.0,0.0,0,-0.13210462033748627,-0.12060067802667618,-0.1144433468580246,0.01766127347946167,0.0043642264790833,-1.1520347516856133,-1.1479093400644704,-1.1416759318477323,0.010358819837881006,0.0025434027092386697,-1.0375914048275887,-1.0273086610506574,-1.0095803528173095,1.0095803528173095,1.0273086610506574,1.0375914048275887,1.0273318426976183,8.512885900500198,0.22530019353699765,7.642278901662526,8.531150136578546,9.06641961559196,3721,0,0.006901445557923531,1.5813673431159319,-0.9961535015964627,126.99720764160156,132.33805814483674,5.340850503235174,0.0,0.0,0.0,5.0,0.0,5.0,5.0,0.01766127347946167,0.010358819837881006,-0.007302453641580664
110,False,110.0,117.8499984741211,3721,3721,1.0,0.0,0,-0.13210462033748627,-0.12060067802667618,-0.1144433468580246,0.01766127347946167,0.0043642264790833,-1.1520347516856133,-1.1479093400644704,-1.1416759318477323,0.010358819837881006,0.0025434027092386697,-1.0375914048275887,-1.0273086610506574,-1.0095803528173095,1.0095803528173095,1.0273086610506574,1.0375914048275887,1.0273318426976183,8.512885900500198,0.22530019353699765,7.642278901662526,8.531150136578546,9.06641961559196,3721,0,0.006901445557923531,1.5813673431159319,-0.9961535015964627,126.99720764160156,132.33805814483674,5.340850503235174,0.0,0.0,0.0,5.0,0.0,5.0,5.0,0.01766127347946167,0.010358819837881006,-0.007302453641580664
111,False,111.0,117.8499984741211,3721,3721,1.0,0.0,0,-0.13210462033748627,-0.12060067802667618,-0.1144433468580246,0.01766127347946167,0.0043642264790833,-1.1520347516856133,-1.1479093400644704,-1.1416759318477323,0.010358819837881006,0.0025434027092386697,-1.0375914048275887,-1.0273086610506574,-1.0095803528173095,1.0095803528173095,1.0273086610506574,1.0375914048275887,1.0273318426976183,8.512885900500198,0.22530019353699765,7.642278901662526,8.531150136578546,9.06641961559196,3721,0,0.006901445557923531,1.5813673431159319,-0.9961535015964627,126.99720764160156,132.33805814483674,5.340850503235174,0.0,0.0,0.0,5.0,0.0,5.0,5.0,0.01766127347946167,0.010358819837881006,-0.007302453641580664
112,False,112.0,117.8499984741211,3721,3721,1.0,0.0,0,-0.13210462033748627,-0.12060067802667618,-0.1144433468580246,0.01766127347946167,0.0043642264790833,-1.1520347516856133,-1.1479093400644704,-1.1416759318477323,0.010358819837881006,0.0025434027092386697,-1.0375914048275887,-1.0273086610506574,-1.0095803528173095,1.0095803528173095,1.0273086610506574,1.0375914048275887,1.0273318426976183,8.512885900500198,0.22530019353699765,7.642278901662526,8.531150136578546,9.06641961559196,3721,0,0.006901445557923531,1.5813673431159319,-0.9961535015964627,126.99720764160156,132.33805814483674,5.340850503235174,0.0,0.0,0.0,5.0,0.0,5.0,5.0,0.01766127347946167,0.010358819837881006,-0.007302453641580664
113,False,113.0,117.8499984741211,3721,3721,1.0,0.0,0,-0.13210462033748627,-0.12060067802667618,-0.1144433468580246,0.01766127347946167,0.0043642264790833,-1.1520347516856133,-1.1479093400644704,-1.1416759318477323,0.010358819837881006,0.0025434027092386697,-1.0375914048275887,-1.0273086610506574,-1.0095803528173095,1.0095803528173095,1.0273086610506574,1.0375914048275887,1.0273318426976183,8.512885900500198,0.22530019353699765,7.642278901662526,8.531150136578546,9.06641961559196,3721,0,0.006901445557923531,1.5813673431159319,-0.9961535015964627,126.99720764160156,132.33805814483674,5.340850503235174,0.0,0.0,0.0,5.0,0.0,5.0,5.0,0.01766127347946167,0.010358819837881006,-0.007302453641580664
114,False,114.0,117.8499984741211,3721,3721,1.0,0.0,0,-0.13210462033748627,-0.12060067802667618,-0.1144433468580246,0.01766127347946167,0.0043642264790833,-1.1520347516856133,-1.1479093400644704,-1.1416759318477323,0.010358819837881006,0.0025434027092386697,-1.0375914048275887,-1.0273086610506574,-1.0095803528173095,1.0095803528173095,1.0273086610506574,1.0375914048275887,1.0273318426976183,8.512885900500198,0.22530019353699765,7.642278901662526,8.531150136578546,9.06641961559196,3721,0,0.006901445557923531,1.5813673431159319,-0.9961535015964627,126.99720764160156,132.33805814483674,5.340850503235174,0.0,0.0,0.0,5.0,0.0,5.0,5.0,0.01766127347946167,0.010358819837881006,-0.007302453641580664
115,False,115.0,117.8499984741211,3721,3721,1.0,0.0,0,-0.13210462033748627,-0.12060067802667618,-0.1144433468580246,0.01766127347946167,0.0043642264790833,-1.1520347516856133,-1.1479093400644704,-1.1416759318477323,0.010358819837881006,0.0025434027092386697,-1.0375914048275887,-1.0273086610506574,-1.0095803528173095,1.0095803528173095,1.0273086610506574,1.0375914048275887,1.0273318426976183,8.512885900500198,0.22530019353699765,7.642278901662526,8.531150136578546,9.06641961559196,3721,0,0.006901445557923531,1.5813673431159319,-0.9961535015964627,126.99720764160156,132.33805814483674,5.340850503235174,0.0,0.0,0.0,5.0,0.0,5.0,5.0,0.01766127347946167,0.010358819837881006,-0.007302453641580664
116,False,116.0,117.8499984741211,3721,3721,1.0,0.0,0,-0.13210462033748627,-0.12060067802667618,-0.1144433468580246,0.01766127347946167,0.0043642264790833,-1.1520347516856133,-1.1479093400644704,-1.1416759318477323,0.010358819837881006,0.0025434027092386697,-1.0375914048275887,-1.0273086610506574,-1.0095803528173095,1.0095803528173095,1.0273086610506574,1.0375914048275887,1.0273318426976183,8.512885900500198,0.22530019353699765,7.642278901662526,8.531150136578546,9.06641961559196,3721,0,0.006901445557923531,1.5813673431159319,-0.9961535015964627,126.99720764160156,132.33805814483674,5.340850503235174,0.0,0.0,0.0,5.0,0.0,5.0,5.0,0.01766127347946167,0.010358819837881006,-0.007302453641580664
117,False,117.0,117.8499984741211,3721,3721,1.0,0.0,0,-0.13210462033748627,-0.12060067802667618,-0.1144433468580246,0.01766127347946167,0.0043642264790833,-1.1520347516856133,-1.1479093400644704,-1.1416759318477323,0.010358819837881006,0.0025434027092386697,-1.0375914048275887,-1.0273086610506574,-1.0095803528173095,1.0095803528173095,1.0273086610506574,1.0375914048275887,1.0273318426976183,8.512885900500198,0.22530019353699765,7.642278901662526,8.531150136578546,9.06641961559196,3721,0,0.006901445557923531,1.5813673431159319,-0.9961535015964627,126.99720764160156,132.33805814483674,5.340850503235174,0.0,0.0,0.0,5.0,0.0,5.0,5.0,0.01766127347946167,0.010358819837881006,-0.007302453641580664
118,False,118.0,117.8499984741211,3721,3721,1.0,0.0,0,-0.13210462033748627,-0.12060067802667618,-0.1144433468580246,0.01766127347946167,0.0043642264790833,-1.1520347516856133,-1.1479093400644704,-1.1416759318477323,0.010358819837881006,0.0025434027092386697,-1.0375914048275887,-1.0273086610506574,-1.0095803528173095,1.0095803528173095,1.0273086610506574,1.0375914048275887,1.0273318426976183,8.512885900500198,0.22530019353699765,7.642278901662526,8.531150136578546,9.06641961559196,3721,0,0.006901445557923531,1.5813673431159319,-0.9961535015964627,126.99720764160156,132.33805814483674,5.340850503235174,0.0,0.0,0.0,5.0,0.0,5.0,5.0,0.01766127347946167,0.010358819837881006,-0.007302453641580664
119,False,119.0,117.8499984741211,3721,3721,1.0,0.0,0,-0.13210462033748627,-0.12060067802667618,-0.1144433468580246,0.01766127347946167,0.0043642264790833,-1.1520347516856133,-1.1479093400644704,-1.1416759318477323,0.010358819837881006,0.0025434027092386697,-1.0375914048275887,-1.0273086610506574,-1.0095803528173095,1.0095803528173095,1.0273086610506574,1.0375914048275887,1.0273318426976183,8.512885900500198,0.22530019353699765,7.642278901662526,8.531150136578546,9.06641961559196,3721,0,0.006901445557923531,1.5813673431159319,-0.9961535015964627,126.99720764160156,132.33805814483674,5.340850503235174,0.0,0.0,0.0,5.0,0.0,5.0,5.0,0.01766127347946167,0.010358819837881006,-0.007302453641580664
120,False,120.0,117.8499984741211,3721,3721,1.0,0.0,0,-0.13210462033748627,-0.12060067802667618,-0.1144433468580246,0.01766127347946167,0.0043642264790833,-1.1520347516856133,-1.1479093400644704,-1.1416759318477323,0.010358819837881006,0.0025434027092386697,-1.0375914048275887,-1.0273086610506574,-1.0095803528173095,1.0095803528173095,1.0273086610506574,1.0375914048275887,1.0273318426976183,8.512885900500198,0.22530019353699765,7.642278901662526,8.531150136578546,9.06641961559196,3721,0,0.006901445557923531,1.5813673431159319,-0.9961535015964627,126.99720764160156,132.33805814483674,5.340850503235174,0.0,0.0,0.0,5.0,0.0,5.0,5.0,0.01766127347946167,0.010358819837881006,-0.007302453641580664
121,False,121.0,117.8499984741211,3721,3721,1.0,0.0,0,-0.13210462033748627,-0.12060067802667618,-0.1144433468580246,0.01766127347946167,0.0043642264790833,-1.1520347516856133,-1.1479093400644704,-1.1416759318477323,0.010358819837881006,0.0025434027092386697,-1.0375914048275887,-1.0273086610506574,-1.0095803528173095,1.0095803528173095,1.0273086610506574,1.0375914048275887,1.0273318426976183,8.512885900500198,0.22530019353699765,7.642278901662526,8.531150136578546,9.06641961559196,3721,0,0.006901445557923531,1.5813673431159319,-0.9961535015964627,126.99720764160156,132.33805814483674,5.340850503235174,0.0,0.0,0.0,5.0,0.0,5.0,5.0,0.01766127347946167,0.010358819837881006,-0.007302453641580664
122,False,122.0,117.8499984741211,3721,3721,1.0,0.0,0,-0.13210462033748627,-0.12060067802667618,-0.1144433468580246,0.01766127347946167,0.0043642264790833,-1.1520347516856133,-1.1479093400644704,-1.1416759318477323,0.010358819837881006,0.0025434027092386697,-1.0375914048275887,-1.0273086610506574,-1.0095803528173095,1.0095803528173095,1.0273086610506574,1.0375914048275887,1.0273318426976183,8.512885900500198,0.22530019353699765,7.642278901662526,8.531150136578546,9.06641961559196,3721,0,0.006901445557923531,1.5813673431159319,-0.9961535015964627,126.99720764160156,132.33805814483674,5.340850503235174,0.0,0.0,0.0,5.0,0.0,5.0,5.0,0.01766127347946167,0.010358819837881006,-0.007302453641580664
123,False,123.0,117.8499984741211,3721,3721,1.0,0.0,0,-0.13210462033748627,-0.12060067802667618,-0.1144433468580246,0.01766127347946167,0.0043642264790833,-1.1520347516856133,-1.1479093400644704,-1.1416759318477323,0.010358819837881006,0.0025434027092386697,-1.0375914048275887,-1.0273086610506574,-1.0095803528173095,1.0095803528173095,1.0273086610506574,1.0375914048275887,1.0273318426976183,8.512885900500198,0.22530019353699765,7.642278901662526,8.531150136578546,9.06641961559196,3721,0,0.006901445557923531,1.5813673431159319,-0.9961535015964627,126.99720764160156,132.33805814483674,5.340850503235174,0.0,0.0,0.0,5.0,0.0,5.0,5.0,0.01766127347946167,0.010358819837881006,-0.007302453641580664
124,False,124.0,117.8499984741211,3721,3721,1.0,0.0,0,-0.13210462033748627,-0.12060067802667618,-0.1144433468580246,0.01766127347946167,0.0043642264790833,-1.1520347516856133,-1.1479093400644704,-1.1416759318477323,0.010358819837881006,0.0025434027092386697,-1.0375914048275887,-1.0273086610506574,-1.0095803528173095,1.0095803528173095,1.0273086610506574,1.0375914048275887,1.0273318426976183,8.512885900500198,0.22530019353699765,7.642278901662526,8.531150136578546,9.06641961559196,3721,0,0.006901445557923531,1.5813673431159319,-0.9961535015964627,126.99720764160156,132.33805814483674,5.340850503235174,0.0,0.0,0.0,5.0,0.0,5.0,5.0,0.01766127347946167,0.010358819837881006,-0.007302453641580664
125,False,125.0,117.8499984741211,3721,3721,1.0,0.0,0,-0.13210462033748627,-0.12060067802667618,-0.1144433468580246,0.01766127347946167,0.0043642264790833,-1.1520347516856133,-1.1479093400644704,-1.1416759318477323,0.010358819837881006,0.0025434027092386697,-1.0375914048275887,-1.0273086610506574,-1.0095803528173095,1.0095803528173095,1.0273086610506574,1.0375914048275887,1.0273318426976183,8.512885900500198,0.22530019353699765,7.642278901662526,8.531150136578546,9.06641961559196,3721,0,0.006901445557923531,1.5813673431159319,-0.9961535015964627,126.99720764160156,132.33805814483674,5.340850503235174,0.0,0.0,0.0,5.0,0.0,5.0,5.0,0.01766127347946167,0.010358819837881006,-0.007302453641580664
126,False,126.0,117.8499984741211,3721,3721,1.0,0.0,0,-0.13210462033748627,-0.12060067802667618,-0.1144433468580246,0.01766127347946167,0.0043642264790833,-1.1520347516856133,-1.1479093400644704,-1.1416759318477323,0.010358819837881006,0.0025434027092386697,-1.0375914048275887,-1.0273086610506574,-1.0095803528173095,1.0095803528173095,1.0273086610506574,1.0375914048275887,1.0273318426976183,8.512885900500198,0.22530019353699765,7.642278901662526,8.531150136578546,9.06641961559196,3721,0,0.006901445557923531,1.5813673431159319,-0.9961535015964627,126.99720764160156,132.33805814483674,5.340850503235174,0.0,0.0,0.0,5.0,0.0,5.0,5.0,0.01766127347946167,0.010358819837881006,-0.007302453641580664
127,False,127.0,117.8499984741211,3721,3721,1.0,0.0,0,-0.13210462033748627,-0.12060067802667618,-0.1144433468580246,0.01766127347946167,0.0043642264790833,-1.1520347516856133,-1.1479093400644704,-1.1416759318477323,0.010358819837881006,0.0025434027092386697,-1.0375914048275887,-1.0273086610506574,-1.0095803528173095,1.0095803528173095,1.0273086610506574,1.0375914048275887,1.0273318426976183,8.512885900500198,0.22530019353699765,7.642278901662526,8.531150136578546,9.06641961559196,3721,0,0.006901445557923531,1.5813673431159319,-0.9961535015964627,126.99720764160156,132.33805814483674,5.340850503235174,0.0,0.0,0.0,5.0,0.0,5.0,5.0,0.01766127347946167,0.010358819837881006,-0.007302453641580664
128,False,128.0,137.8000030517578,3721,3721,1.0,0.0,0,-0.17191049456596375,-0.16476093232631683,-0.16048742830753326,0.011423066258430481,0.002850084798410535,-1.184235911546576,-1.1814181020817671,-1.177443138797215,0.006792772749360854,0.001669006447931727,-1.0237484832390427,-1.016657177560439,-1.0055584977459227,1.0055584977459227,1.016657177560439,1.0237484832390427,1.0166672082268478,6.169637252355712,0.2229613735857376,5.849436896531476,6.172794465817024,6.378994878510294,3721,0,0.004516148648425363,1.5845664330328348,-0.9972054484594518,131.6691131591797,137.46997972391523,5.800866564735543,0.0,0.0,0.0,-5.0,0.0,-5.0,5.0,0.011423066258430481,0.006792772749360854,-0.004630293509069627
129,False,129.0,137.8000030517578,3721,3721,1.0,0.0,0,-0.17191049456596375,-0.16476093232631683,-0.16048742830753326,0.011423066258430481,0.002850084798410535,-1.184235911546576,-1.1814181020817671,-1.177443138797215,0.006792772749360854,0.001669006447931727,-1.0237484832390427,-1.016657177560439,-1.0055584977459227,1.0055584977459227,1.016657177560439,1.0237484832390427,1.0166672082268478,6.169637252355712,0.2229613735857376,5.849436896531476,6.172794465817024,6.378994878510294,3721,0,0.004516148648425363,1.5845664330328348,-0.9972054484594518,131.6691131591797,137.46997972391523,5.800866564735543,0.0,0.0,0.0,-5.0,0.0,-5.0,5.0,0.011423066258430481,0.006792772749360854,-0.004630293509069627
130,False,130.0,137.8000030517578,3721,3721,1.0,0.0,0,-0.17191049456596375,-0.16476093232631683,-0.16048742830753326,0.011423066258430481,0.002850084798410535,-1.184235911546576,-1.1814181020817671,-1.177443138797215,0.006792772749360854,0.001669006447931727,-1.0237484832390427,-1.016657177560439,-1.0055584977459227,1.0055584977459227,1.016657177560439,1.0237484832390427,1.0166672082268478,6.169637252355712,0.2229613735857376,5.849436896531476,6.172794465817024,6.378994878510294,3721,0,0.004516148648425363,1.5845664330328348,-0.9972054484594518,131.6691131591797,137.46997972391523,5.800866564735543,0.0,0.0,0.0,-5.0,0.0,-5.0,5.0,0.011423066258430481,0.006792772749360854,-0.004630293509069627
131,False,131.0,137.8000030517578,3721,3721,1.0,0.0,0,-0.17191049456596375,-0.16476093232631683,-0.16048742830753326,0.011423066258430481,0.002850084798410535,-1.184235911546576,-1.1814181020817671,-1.177443138797215,0.006792772749360854,0.001669006447931727,-1.0237484832390427,-1.016657177560439,-1.0055584977459227,1.0055584977459227,1.016657177560439,1.0237484832390427,1.0166672082268478,6.169637252355712,0.2229613735857376,5.849436896531476,6.172794465817024,6.378994878510294,3721,0,0.004516148648425363,1.5845664330328348,-0.9972054484594518,131.6691131591797,137.46997972391523,5.800866564735543,0.0,0.0,0.0,-5.0,0.0,-5.0,5.0,0.011423066258430481,0.006792772749360854,-0.004630293509069627
132,False,132.0,137.8000030517578,3721,3721,1.0,0.0,0,-0.17191049456596375,-0.16476093232631683,-0.16048742830753326,0.011423066258430481,0.002850084798410535,-1.184235911546576,-1.1814181020817671,-1.177443138797215,0.006792772749360854,0.001669006447931727,-1.0237484832390427,-1.016657177560439,-1.0055584977459227,1.0055584977459227,1.016657177560439,1.0237484832390427,1.0166672082268478,6.169637252355712,0.2229613735857376,5.849436896531476,6.172794465817024,6.378994878510294,3721,0,0.004516148648425363,1.5845664330328348,-0.9972054484594518,131.6691131591797,137.46997972391523,5.800866564735543,0.0,0.0,0.0,-5.0,0.0,-5.0,5.0,0.011423066258430481,0.006792772749360854,-0.004630293509069627
133,False,133.0,137.8000030517578,3721,3721,1.0,0.0,0,-0.17191049456596375,-0.16476093232631683,-0.16048742830753326,0.011423066258430481,0.002850084798410535,-1.184235911546576,-1.1814181020817671,-1.177443138797215,0.006792772749360854,0.001669006447931727,-1.0237484832390427,-1.016657177560439,-1.0055584977459227,1.0055584977459227,1.016657177560439,1.0237484832390427,1.0166672082268478,6.169637252355712,0.2229613735857376,5.849436896531476,6.172794465817024,6.378994878510294,3721,0,0.004516148648425363,1.5845664330328348,-0.9972054484594518,131.6691131591797,137.46997972391523,5.800866564735543,0.0,0.0,0.0,-5.0,0.0,-5.0,5.0,0.011423066258430481,0.006792772749360854,-0.004630293509069627
134,False,134.0,137.8000030517578,3721,3721,1.0,0.0,0,-0.17191049456596375,-0.16476093232631683,-0.16048742830753326,0.011423066258430481,0.002850084798410535,-1.184235911546576,-1.1814181020817671,-1.177443138797215,0.006792772749360854,0.001669006447931727,-1.0237484832390427,-1.016657177560439,-1.0055584977459227,1.0055584977459227,1.016657177560439,1.0237484832390427,1.0166672082268478,6.169637252355712,0.2229613735857376,5.849436896531476,6.172794465817024,6.378994878510294,3721,0,0.004516148648425363,1.5845664330328348,-0.9972054484594518,131.6691131591797,137.46997972391523,5.800866564735543,0.0,0.0,0.0,-5.0,0.0,-5.0,5.0,0.011423066258430481,0.006792772749360854,-0.004630293509069627
135,False,135.0,137.8000030517578,3721,3721,1.0,0.0,0,-0.17191049456596375,-0.16476093232631683,-0.16048742830753326,0.011423066258430481,0.002850084798410535,-1.184235911546576,-1.1814181020817671,-1.177443138797215,0.006792772749360854,0.001669006447931727,-1.0237484832390427,-1.016657177560439,-1.0055584977459227,1.0055584977459227,1.016657177560439,1.0237484832390427,1.0166672082268478,6.169637252355712,0.2229613735857376,5.849436896531476,6.172794465817024,6.378994878510294,3721,0,0.004516148648425363,1.5845664330328348,-0.9972054484594518,131.6691131591797,137.46997972391523,5.800866564735543,0.0,0.0,0.0,-5.0,0.0,-5.0,5.0,0.011423066258430481,0.006792772749360854,-0.004630293509069627
136,False,136.0,137.8000030517578,3721,3721,1.0,0.0,0,-0.17191049456596375,-0.16476093232631683,-0.16048742830753326,0.011423066258430481,0.002850084798410535,-1.184235911546576,-1.1814181020817671,-1.177443138797215,0.006792772749360854,0.001669006447931727,-1.0237484832390427,-1.016657177560439,-1.0055584977459227,1.0055584977459227,1.016657177560439,1.0237484832390427,1.0166672082268478,6.169637252355712,0.2229613735857376,5.849436896531476,6.172794465817024,6.378994878510294,3721,0,0.004516148648425363,1.5845664330328348,-0.9972054484594518,131.6691131591797,137.46997972391523,5.800866564735543,0.0,0.0,0.0,-5.0,0.0,-5.0,5.0,0.011423066258430481,0.006792772749360854,-0.004630293509069627
137,False,137.0,137.8000030517578,3721,3721,1.0,0.0,0,-0.17191049456596375,-0.16476093232631683,-0.16048742830753326,0.011423066258430481,0.002850084798410535,-1.184235911546576,-1.1814181020817671,-1.177443138797215,0.006792772749360854,0.001669006447931727,-1.0237484832390427,-1.016657177560439,-1.0055584977459227,1.0055584977459227,1.016657177560439,1.0237484832390427,1.0166672082268478,6.169637252355712,0.2229613735857376,5.849436896531476,6.172794465817024,6.378994878510294,3721,0,0.004516148648425363,1.5845664330328348,-0.9972054484594518,131.6691131591797,137.46997972391523,5.800866564735543,0.0,0.0,0.0,-5.0,0.0,-5.0,5.0,0.011423066258430481,0.006792772749360854,-0.004630293509069627
138,False,138.0,137.8000030517578,3721,3721,1.0,0.0,0,-0.17191049456596375,-0.16476093232631683,-0.16048742830753326,0.011423066258430481,0.002850084798410535,-1.184235911546576,-1.1814181020817671,-1.177443138797215,0.006792772749360854,0.001669006447931727,-1.0237484832390427,-1.016657177560439,-1.0055584977459227,1.0055584977459227,1.016657177560439,1.0237484832390427,1.0166672082268478,6.169637252355712,0.2229613735857376,5.849436896531476,6.172794465817024,6.378994878510294,3721,0,0.004516148648425363,1.5845664330328348,-0.9972054484594518,131.6691131591797,137.46997972391523,5.800866564735543,0.0,0.0,0.0,-5.0,0.0,-5.0,5.0,0.011423066258430481,0.006792772749360854,-0.004630293509069627
139,False,139.0,137.8000030517578,3721,3721,1.0,0.0,0,-0.17191049456596375,-0.16476093232631683,-0.16048742830753326,0.011423066258430481,0.002850084798410535,-1.184235911546576,-1.1814181020817671,-1.177443138797215,0.006792772749360854,0.001669006447931727,-1.0237484832390427,-1.016657177560439,-1.0055584977459227,1.0055584977459227,1.016657177560439,1.0237484832390427,1.0166672082268478,6.169637252355712,0.2229613735857376,5.849436896531476,6.172794465817024,6.378994878510294,3721,0,0.004516148648425363,1.5845664330328348,-0.9972054484594518,131.6691131591797,137.46997972391523,5.800866564735543,0.0,0.0,0.0,-5.0,0.0,-5.0,5.0,0.011423066258430481,0.006792772749360854,-0.004630293509069627
140,False,140.0,137.8000030517578,3721,3721,1.0,0.0,0,-0.17191049456596375,-0.16476093232631683,-0.16048742830753326,0.011423066258430481,0.002850084798410535,-1.184235911546576,-1.1814181020817671,-1.177443138797215,0.006792772749360854,0.001669006447931727,-1.0237484832390427,-1.016657177560439,-1.0055584977459227,1.0055584977459227,1.016657177560439,1.0237484832390427,1.0166672082268478,6.169637252355712,0.2229613735857376,5.849436896531476,6.172794465817024,6.378994878510294,3721,0,0.004516148648425363,1.5845664330328348,-0.9972054484594518,131.6691131591797,137.46997972391523,5.800866564735543,0.0,0.0,0.0,-5.0,0.0,-5.0,5.0,0.011423066258430481,0.006792772749360854,-0.004630293509069627
141,False,141.0,137.8000030517578,3721,3721,1.0,0.0,0,-0.17191049456596375,-0.16476093232631683,-0.16048742830753326,0.011423066258430481,0.002850084798410535,-1.184235911546576,-1.1814181020817671,-1.177443138797215,0.006792772749360854,0.001669006447931727,-1.0237484832390427,-1.016657177560439,-1.0055584977459227,1.0055584977459227,1.016657177560439,1.0237484832390427,1.0166672082268478,6.169637252355712,0.2229613735857376,5.849436896531476,6.172794465817024,6.378994878510294,3721,0,0.004516148648425363,1.5845664330328348,-0.9972054484594518,131.6691131591797,137.46997972391523,5.800866564735543,0.0,0.0,0.0,-5.0,0.0,-5.0,5.0,0.011423066258430481,0.006792772749360854,-0.004630293509069627
142,False,142.0,137.8000030517578,3721,3721,1.0,0.0,0,-0.17191049456596375,-0.16476093232631683,-0.16048742830753326,0.011423066258430481,0.002850084798410535,-1.184235911546576,-1.1814181020817671,-1.177443138797215,0.006792772749360854,0.001669006447931727,-1.0237484832390427,-1.016657177560439,-1.0055584977459227,1.0055584977459227,1.016657177560439,1.0237484832390427,1.0166672082268478,6.169637252355712,0.2229613735857376,5.849436896531476,6.172794465817024,6.378994878510294,3721,0,0.004516148648425363,1.5845664330328348,-0.9972054484594518,131.6691131591797,137.46997972391523,5.800866564735543,0.0,0.0,0.0,-5.0,0.0,-5.0,5.0,0.011423066258430481,0.006792772749360854,-0.004630293509069627
143,False,143.0,137.8000030517578,3721,3721,1.0,0.0,0,-0.17191049456596375,-0.16476093232631683,-0.16048742830753326,0.011423066258430481,0.002850084798410535,-1.184235911546576,-1.1814181020817671,-1.177443138797215,0.006792772749360854,0.001669006447931727,-1.0237484832390427,-1.016657177560439,-1.0055584977459227,1.0055584977459227,1.016657177560439,1.0237484832390427,1.0166672082268478,6.169637252355712,0.2229613735857376,5.849436896531476,6.172794465817024,6.378994878510294,3721,0,0.004516148648425363,1.5845664330328348,-0.9972054484594518,131.6691131591797,137.46997972391523,5.800866564735543,0.0,0.0,0.0,-5.0,0.0,-5.0,5.0,0.011423066258430481,0.006792772749360854,-0.004630293509069627
144,False,144.0,137.8000030517578,3721,3721,1.0,0.0,0,-0.17191049456596375,-0.16476093232631683,-0.16048742830753326,0.011423066258430481,0.002850084798410535,-1.184235911546576,-1.1814181020817671,-1.177443138797215,0.006792772749360854,0.001669006447931727,-1.0237484832390427,-1.016657177560439,-1.0055584977459227,1.0055584977459227,1.016657177560439,1.0237484832390427,1.0166672082268478,6.169637252355712,0.2229613735857376,5.849436896531476,6.172794465817024,6.378994878510294,3721,0,0.004516148648425363,1.5845664330328348,-0.9972054484594518,131.6691131591797,137.46997972391523,5.800866564735543,0.0,0.0,0.0,-5.0,0.0,-5.0,5.0,0.011423066258430481,0.006792772749360854,-0.004630293509069627
145,False,145.0,137.8000030517578,3721,3721,1.0,0.0,0,-0.17191049456596375,-0.16476093232631683,-0.16048742830753326,0.011423066258430481,0.002850084798410535,-1.184235911546576,-1.1814181020817671,-1.177443138797215,0.006792772749360854,0.001669006447931727,-1.0237484832390427,-1.016657177560439,-1.0055584977459227,1.0055584977459227,1.016657177560439,1.0237484832390427,1.0166672082268478,6.169637252355712,0.2229613735857376,5.849436896531476,6.172794465817024,6.378994878510294,3721,0,0.004516148648425363,1.5845664330328348,-0.9972054484594518,131.6691131591797,137.46997972391523,5.800866564735543,0.0,0.0,0.0,-5.0,0.0,-5.0,5.0,0.011423066258430481,0.006792772749360854,-0.004630293509069627
146,False,146.0,137.8000030517578,3721,3721,1.0,0.0,0,-0.17191049456596375,-0.16476093232631683,-0.16048742830753326,0.011423066258430481,0.002850084798410535,-1.184235911546576,-1.1814181020817671,-1.177443138797215,0.006792772749360854,0.001669006447931727,-1.0237484832390427,-1.016657177560439,-1.0055584977459227,1.0055584977459227,1.016657177560439,1.0237484832390427,1.0166672082268478,6.169637252355712,0.2229613735857376,5.849436896531476,6.172794465817024,6.378994878510294,3721,0,0.004516148648425363,1.5845664330328348,-0.9972054484594518,131.6691131591797,137.46997972391523,5.800866564735543,0.0,0.0,0.0,-5.0,0.0,-5.0,5.0,0.011423066258430481,0.006792772749360854,-0.004630293509069627
147,False,147.0,137.8000030517578,3721,3721,1.0,0.0,0,-0.17191049456596375,-0.16476093232631683,-0.16048742830753326,0.011423066258430481,0.002850084798410535,-1.184235911546576,-1.1814181020817671,-1.177443138797215,0.006792772749360854,0.001669006447931727,-1.0237484832390427,-1.016657177560439,-1.0055584977459227,1.0055584977459227,1.016657177560439,1.0237484832390427,1.0166672082268478,6.169637252355712,0.2229613735857376,5.849436896531476,6.172794465817024,6.378994878510294,3721,0,0.004516148648425363,1.5845664330328348,-0.9972054484594518,131.6691131591797,137.46997972391523,5.800866564735543,0.0,0.0,0.0,-5.0,0.0,-5.0,5.0,0.011423066258430481,0.006792772749360854,-0.004630293509069627
148,False,148.0,157.75,3721,3721,1.0,0.0,0,-0.21341225504875183,-0.20890678465366364,-0.20596858859062195,0.007443666458129883,0.0018663178198039532,-1.2168050473402419,-1.214926444700211,-1.2124037031078345,0.004401344232407345,0.001097185575320049,-1.01083645874962,-1.0060196648640956,-0.9989951630430969,0.9989951630430969,1.0060196648640956,1.01083645874962,1.0060240259055482,4.815467848608532,0.22062725822283616,4.681058090196773,4.816147646547336,4.907721442703738,3721,0,0.002962196134602442,1.5871873191471007,-0.9981084842703218,135.21937561035156,139.3687699383173,4.1493943279657515,0.0,0.0,5.0,-5.0,5.0,-5.0,7.0710678118654755,0.007443666458129883,0.004401344232407345,-0.003042322225722538
149,False,149.0,157.75,3721,3721,1.0,0.0,0,-0.21341225504875183,-0.20890678465366364,-0.20596858859062195,0.007443666458129883,0.0018663178198039532,-1.2168050473402419,-1.214926444700211,-1.2124037031078345,0.004401344232407345,0.001097185575320049,-1.01083645874962,-1.0060196648640956,-0.9989951630430969,0.9989951630430969,1.0060196648640956,1.01083645874962,1.0060240259055482,4.815467848608532,0.22062725822283616,4.681058090196773,4.816147646547336,4.907721442703738,3721,0,0.002962196134602442,1.5871873191471007,-0.9981084842703218,135.21937561035156,139.3687699383173,4.1493943279657515,0.0,0.0,5.0,-5.0,5.0,-5.0,7.0710678118654755,0.007443666458129883,0.004401344232407345,-0.003042322225722538
150,False,150.0,157.75,3721,3721,1.0,0.0,0,-0.21341225504875183,-0.20890678465366364,-0.20596858859062195,0.007443666458129883,0.0018663178198039532,-1.2168050473402419,-1.214926444700211,-1.2124037031078345,0.004401344232407345,0.001097185575320049,-1.01083645874962,-1.0060196648640956,-0.9989951630430969,0.9989951630430969,1.0060196648640956,1.01083645874962,1.0060240259055482,4.815467848608532,0.22062725822283616,4.681058090196773,4.816147646547336,4.907721442703738,3721,0,0.002962196134602442,1.5871873191471007,-0.9981084842703218,135.21937561035156,139.3687699383173,4.1493943279657515,0.0,0.0,5.0,-5.0,5.0,-5.0,7.0710678118654755,0.007443666458129883,0.004401344232407345,-0.003042322225722538
151,False,151.0,157.75,3721,3721,1.0,0.0,0,-0.21341225504875183,-0.20890678465366364,-0.20596858859062195,0.007443666458129883,0.0018663178198039532,-1.2168050473402419,-1.214926444700211,-1.2124037031078345,0.004401344232407345,0.001097185575320049,-1.01083645874962,-1.0060196648640956,-0.9989951630430969,0.9989951630430969,1.0060196648640956,1.01083645874962,1.0060240259055482,4.815467848608532,0.22062725822283616,4.681058090196773,4.816147646547336,4.907721442703738,3721,0,0.002962196134602442,1.5871873191471007,-0.9981084842703218,135.21937561035156,139.3687699383173,4.1493943279657515,0.0,0.0,5.0,-5.0,5.0,-5.0,7.0710678118654755,0.007443666458129883,0.004401344232407345,-0.003042322225722538
152,False,152.0,157.75,3721,3721,1.0,0.0,0,-0.21341225504875183,-0.20890678465366364,-0.20596858859062195,0.007443666458129883,0.0018663178198039532,-1.2168050473402419,-1.214926444700211,-1.2124037031078345,0.004401344232407345,0.001097185575320049,-1.01083645874962,-1.0060196648640956,-0.9989951630430969,0.9989951630430969,1.0060196648640956,1.01083645874962,1.0060240259055482,4.815467848608532,0.22062725822283616,4.681058090196773,4.816147646547336,4.907721442703738,3721,0,0.002962196134602442,1.5871873191471007,-0.9981084842703218,135.21937561035156,139.3687699383173,4.1493943279657515,0.0,0.0,5.0,-5.0,5.0,-5.0,7.0710678118654755,0.007443666458129883,0.004401344232407345,-0.003042322225722538
153,False,153.0,157.75,3721,3721,1.0,0.0,0,-0.21341225504875183,-0.20890678465366364,-0.20596858859062195,0.007443666458129883,0.0018663178198039532,-1.2168050473402419,-1.214926444700211,-1.2124037031078345,0.004401344232407345,0.001097185575320049,-1.01083645874962,-1.0060196648640956,-0.9989951630430969,0.9989951630430969,1.0060196648640956,1.01083645874962,1.0060240259055482,4.815467848608532,0.22062725822283616,4.681058090196773,4.816147646547336,4.907721442703738,3721,0,0.002962196134602442,1.5871873191471007,-0.9981084842703218,135.21937561035156,139.3687699383173,4.1493943279657515,0.0,0.0,5.0,-5.0,5.0,-5.0,7.0710678118654755,0.007443666458129883,0.004401344232407345,-0.003042322225722538
154,False,154.0,157.75,3721,3721,1.0,0.0,0,-0.21341225504875183,-0.20890678465366364,-0.20596858859062195,0.007443666458129883,0.0018663178198039532,-1.2168050473402419,-1.214926444700211,-1.2124037031078345,0.004401344232407345,0.001097185575320049,-1.01083645874962,-1.0060196648640956,-0.9989951630430969,0.9989951630430969,1.0060196648640956,1.01083645874962,1.0060240259055482,4.815467848608532,0.22062725822283616,4.681058090196773,4.816147646547336,4.907721442703738,3721,0,0.002962196134602442,1.5871873191471007,-0.9981084842703218,135.21937561035156,139.3687699383173,4.1493943279657515,0.0,0.0,5.0,-5.0,5.0,-5.0,7.0710678118654755,0.007443666458129883,0.004401344232407345,-0.003042322225722538
155,False,155.0,157.75,3721,3721,1.0,0.0,0,-0.21341225504875183,-0.20890678465366364,-0.20596858859062195,0.007443666458129883,0.0018663178198039532,-1.2168050473402419,-1.214926444700211,-1.2124037031078345,0.004401344232407345,0.001097185575320049,-1.01083645874962,-1.0060196648640956,-0.9989951630430969,0.9989951630430969,1.0060196648640956,1.01083645874962,1.0060240259055482,4.815467848608532,0.22062725822283616,4.681058090196773,4.816147646547336,4.907721442703738,3721,0,0.002962196134602442,1.5871873191471007,-0.9981084842703218,135.21937561035156,139.3687699383173,4.1493943279657515,0.0,0.0,5.0,-5.0,5.0,-5.0,7.0710678118654755,0.007443666458129883,0.004401344232407345,-0.003042322225722538
156,False,156.0,157.75,3721,3721,1.0,0.0,0,-0.21341225504875183,-0.20890678465366364,-0.20596858859062195,0.007443666458129883,0.0018663178198039532,-1.2168050473402419,-1.214926444700211,-1.2124037031078345,0.004401344232407345,0.001097185575320049,-1.01083645874962,-1.0060196648640956,-0.9989951630430969,0.9989951630430969,1.0060196648640956,1.01083645874962,1.0060240259055482,4.815467848608532,0.22062725822283616,4.681058090196773,4.816147646547336,4.907721442703738,3721,0,0.002962196134602442,1.5871873191471007,-0.9981084842703218,135.21937561035156,139.3687699383173,4.1493943279657515,0.0,0.0,5.0,-5.0,5.0,-5.0,7.0710678118654755,0.007443666458129883,0.004401344232407345,-0.003042322225722538
157,False,157.0,157.75,3721,3721,1.0,0.0,0,-0.21341225504875183,-0.20890678465366364,-0.20596858859062195,0.007443666458129883,0.0018663178198039532,-1.2168050473402419,-1.214926444700211,-1.2124037031078345,0.004401344232407345,0.001097185575320049,-1.01083645874962,-1.0060196648640956,-0.9989951630430969,0.9989951630430969,1.0060196648640956,1.01083645874962,1.0060240259055482,4.815467848608532,0.22062725822283616,4.681058090196773,4.816147646547336,4.907721442703738,3721,0,0.002962196134602442,1.5871873191471007,-0.9981084842703218,135.21937561035156,139.3687699383173,4.1493943279657515,0.0,0.0,5.0,-5.0,5.0,-5.0,7.0710678118654755,0.007443666458129883,0.004401344232407345,-0.003042322225722538
158,False,158.0,157.75,3721,3721,1.0,0.0,0,-0.21341225504875183,-0.20890678465366364,-0.20596858859062195,0.007443666458129883,0.0018663178198039532,-1.2168050473402419,-1.214926444700211,-1.2124037031078345,0.004401344232407345,0.001097185575320049,-1.01083645874962,-1.0060196648640956,-0.9989951630430969,0.9989951630430969,1.0060196648640956,1.01083645874962,1.0060240259055482,4.815467848608532,0.22062725822283616,4.681058090196773,4.816147646547336,4.907721442703738,3721,0,0.002962196134602442,1.5871873191471007,-0.9981084842703218,135.21937561035156,139.3687699383173,4.1493943279657515,0.0,0.0,5.0,-5.0,5.0,-5.0,7.0710678118654755,0.007443666458129883,0.004401344232407345,-0.003042322225722538
159,False,159.0,157.75,3721,3721,1.0,0.0,0,-0.21341225504875183,-0.20890678465366364,-0.20596858859062195,0.007443666458129883,0.0018663178198039532,-1.2168050473402419,-1.214926444700211,-1.2124037031078345,0.004401344232407345,0.001097185575320049,-1.01083645874962,-1.0060196648640956,-0.9989951630430969,0.9989951630430969,1.0060196648640956,1.01083645874962,1.0060240259055482,4.815467848608532,0.22062725822283616,4.681058090196773,4.816147646547336,4.907721442703738,3721,0,0.002962196134602442,1.5871873191471007,-0.9981084842703218,135.21937561035156,139.3687699383173,4.1493943279657515,0.0,0.0,5.0,-5.0,5.0,-5.0,7.0710678118654755,0.007443666458129883,0.004401344232407345,-0.003042322225722538
160,False,160.0,157.75,3721,3721,1.0,0.0,0,-0.21341225504875183,-0.20890678465366364,-0.20596858859062195,0.007443666458129883,0.0018663178198039532,-1.2168050473402419,-1.214926444700211,-1.2124037031078345,0.004401344232407345,0.001097185575320049,-1.01083645874962,-1.0060196648640956,-0.9989951630430969,0.9989951630430969,1.0060196648640956,1.01083645874962,1.0060240259055482,4.815467848608532,0.22062725822283616,4.681058090196773,4.816147646547336,4.907721442703738,3721,0,0.002962196134602442,1.5871873191471007,-0.9981084842703218,135.21937561035156,139.3687699383173,4.1493943279657515,0.0,0.0,5.0,-5.0,5.0,-5.0,7.0710678118654755,0.007443666458129883,0.004401344232407345,-0.003042322225722538
161,False,161.0,157.75,3721,3721,1.0,0.0,0,-0.21341225504875183,-0.20890678465366364,-0.20596858859062195,0.007443666458129883,0.0018663178198039532,-1.2168050473402419,-1.214926444700211,-1.2124037031078345,0.004401344232407345,0.001097185575320049,-1.01083645874962,-1.0060196648640956,-0.9989951630430969,0.9989951630430969,1.0060196648640956,1.01083645874962,1.0060240259055482,4.815467848608532,0.22062725822283616,4.681058090196773,4.816147646547336,4.907721442703738,3721,0,0.002962196134602442,1.5871873191471007,-0.9981084842703218,135.21937561035156,139.3687699383173,4.1493943279657515,0.0,0.0,5.0,-5.0,5.0,-5.0,7.0710678118654755,0.007443666458129883,0.004401344232407345,-0.003042322225722538
162,False,162.0,157.75,3721,3721,1.0,0.0,0,-0.21341225504875183,-0.20890678465366364,-0.20596858859062195,0.007443666458129883,0.0018663178198039532,-1.2168050473402419,-1.214926444700211,-1.2124037031078345,0.004401344232407345,0.001097185575320049,-1.01083645874962,-1.0060196648640956,-0.9989951630430969,0.9989951630430969,1.0060196648640956,1.01083645874962,1.0060240259055482,4.815467848608532,0.22062725822283616,4.681058090196773,4.816147646547336,4.907721442703738,3721,0,0.002962196134602442,1.5871873191471007,-0.9981084842703218,135.21937561035156,139.3687699383173,4.1493943279657515,0.0,0.0,5.0,-5.0,5.0,-5.0,7.0710678118654755,0.007443666458129883,0.004401344232407345,-0.003042322225722538
163,False,163.0,157.75,3721,3721,1.0,0.0,0,-0.21341225504875183,-0.20890678465366364,-0.20596858859062195,0.007443666458129883,0.0018663178198039532,-1.2168050473402419,-1.214926444700211,-1.2124037031078345,0.004401344232407345,0.001097185575320049,-1.01083645874962,-1.0060196648640956,-0.9989951630430969,0.9989951630430969,1.0060196648640956,1.01083645874962,1.0060240259055482,4.815467848608532,0.22062725822283616,4.681058090196773,4.816147646547336,4.907721442703738,3721,0,0.002962196134602442,1.5871873191471007,-0.9981084842703218,135.21937561035156,139.3687699383173,4.1493943279657515,0.0,0.0,5.0,-5.0,5.0,-5.0,7.0710678118654755,0.007443666458129883,0.004401344232407345,-0.003042322225722538
164,False,164.0,157.75,3721,3721,1.0,0.0,0,-0.21341225504875183,-0.20890678465366364,-0.20596858859062195,0.007443666458129883,0.0018663178198039532,-1.2168050473402419,-1.214926444700211,-1.2124037031078345,0.004401344232407345,0.001097185575320049,-1.01083645874962,-1.0060196648640956,-0.9989951630430969,0.9989951630430969,1.0060196648640956,1.01083645874962,1.0060240259055482,4.815467848608532,0.22062725822283616,4.681058090196773,4.816147646547336,4.907721442703738,3721,0,0.002962196134602442,1.5871873191471007,-0.9981084842703218,135.21937561035156,139.3687699383173,4.1493943279657515,0.0,0.0,5.0,-5.0,5.0,-5.0,7.0710678118654755,0.007443666458129883,0.004401344232407345,-0.003042322225722538
165,False,165.0,157.75,3721,3721,1.0,0.0,0,-0.21341225504875183,-0.20890678465366364,-0.20596858859062195,0.007443666458129883,0.0018663178198039532,-1.2168050473402419,-1.214926444700211,-1.2124037031078345,0.004401344232407345,0.001097185575320049,-1.01083645874962,-1.0060196648640956,-0.9989951630430969,0.9989951630430969,1.0060196648640956,1.01083645874962,1.0060240259055482,4.815467848608532,0.22062725822283616,4.681058090196773,4.816147646547336,4.907721442703738,3721,0,0.002962196134602442,1.5871873191471007,-0.9981084842703218,135.21937561035156,139.3687699383173,4.1493943279657515,0.0,0.0,5.0,-5.0,5.0,-5.0,7.0710678118654755,0.007443666458129883,0.004401344232407345,-0.003042322225722538
166,False,166.0,157.75,3721,3721,1.0,0.0,0,-0.21341225504875183,-0.20890678465366364,-0.20596858859062195,0.007443666458129883,0.0018663178198039532,-1.2168050473402419,-1.214926444700211,-1.2124037031078345,0.004401344232407345,0.001097185575320049,-1.01083645874962,-1.0060196648640956,-0.9989951630430969,0.9989951630430969,1.0060196648640956,1.01083645874962,1.0060240259055482,4.815467848608532,0.22062725822283616,4.681058090196773,4.816147646547336,4.907721442703738,3721,0,0.002962196134602442,1.5871873191471007,-0.9981084842703218,135.21937561035156,139.3687699383173,4.1493943279657515,0.0,0.0,5.0,-5.0,5.0,-5.0,7.0710678118654755,0.007443666458129883,0.004401344232407345,-0.003042322225722538
167,False,167.0,157.75,3721,3721,1.0,0.0,0,-0.21341225504875183,-0.20890678465366364,-0.20596858859062195,0.007443666458129883,0.0018663178198039532,-1.2168050473402419,-1.214926444700211,-1.2124037031078345,0.004401344232407345,0.001097185575320049,-1.01083645874962,-1.0060196648640956,-0.9989951630430969,0.9989951630430969,1.0060196648640956,1.01083645874962,1.0060240259055482,4.815467848608532,0.22062725822283616,4.681058090196773,4.816147646547336,4.907721442703738,3721,0,0.002962196134602442,1.5871873191471007,-0.9981084842703218,135.21937561035156,139.3687699383173,4.1493943279657515,0.0,0.0,5.0,-5.0,5.0,-5.0,7.0710678118654755,0.007443666458129883,0.004401344232407345,-0.003042322225722538
168,False,168.0,177.6999969482422,3721,3721,1.0,0.0,0,-0.25590980052948,-0.2530427873134613,-0.2510383129119873,0.004871487617492676,0.0012243345845490694,-1.2497222372462715,-1.2484418890994404,-1.246829884928284,0.0028923523179875676,0.0007216966967183311,-0.9986839243342842,-0.9953990944735577,-0.9909220538106487,0.9909220538106487,0.9953990944735577,0.9986839243342842,0.995400995546739,3.9336798915512223,0.2182975623092894,3.872153593806962,3.933847381722137,3.978213176904266,3721,0,0.0019454194047777097,1.5889605561048024,-0.9986526753426113,137.99801635742188,143.22153357778353,5.223517220361657,0.0,0.0,5.0,0.0,5.0,0.0,5.0,0.004871487617492676,0.0028923523179875676,-0.001979135299505108
169,False,169.0,177.6999969482422,3721,3721,1.0,0.0,0,-0.25590980052948,-0.2530427873134613,-0.2510383129119873,0.004871487617492676,0.0012243345845490694,-1.2497222372462715,-1.2484418890994404,-1.246829884928284,0.0028923523179875676,0.0007216966967183311,-0.9986839243342842,-0.9953990944735577,-0.9909220538106487,0.9909220538106487,0.9953990944735577,0.9986839243342842,0.995400995546739,3.9336798915512223,0.2182975623092894,3.872153593806962,3.933847381722137,3.978213176904266,3721,0,0.0019454194047777097,1.5889605561048024,-0.9986526753426113,137.99801635742188,143.22153357778353,5.223517220361657,0.0,0.0,5.0,0.0,5.0,0.0,5.0,0.004871487617492676,0.0028923523179875676,-0.001979135299505108
170,False,170.0,177.6999969482422,3721,3721,1.0,0.0,0,-0.25590980052948,-0.2530427873134613,-0.2510383129119873,0.004871487617492676,0.0012243345845490694,-1.2497222372462715,-1.2484418890994404,-1.246829884928284,0.0028923523179875676,0.0007216966967183311,-0.9986839243342842,-0.9953990944735577,-0.9909220538106487,0.9909220538106487,0.9953990944735577,0.9986839243342842,0.995400995546739,3.9336798915512223,0.2182975623092894,3.872153593806962,3.933847381722137,3.978213176904266,3721,0,0.0019454194047777097,1.5889605561048024,-0.9986526753426113,137.99801635742188,143.22153357778353,5.223517220361657,0.0,0.0,5.0,0.0,5.0,0.0,5.0,0.004871487617492676,0.0028923523179875676,-0.001979135299505108
171,False,171.0,177.6999969482422,3721,3721,1.0,0.0,0,-0.25590980052948,-0.2530427873134613,-0.2510383129119873,0.004871487617492676,0.0012243345845490694,-1.2497222372462715,-1.2484418890994404,-1.246829884928284,0.0028923523179875676,0.0007216966967183311,-0.9986839243342842,-0.9953990944735577,-0.9909220538106487,0.9909220538106487,0.9953990944735577,0.9986839243342842,0.995400995546739,3.9336798915512223,0.2182975623092894,3.872153593806962,3.933847381722137,3.978213176904266,3721,0,0.0019454194047777097,1.5889605561048024,-0.9986526753426113,137.99801635742188,143.22153357778353,5.223517220361657,0.0,0.0,5.0,0.0,5.0,0.0,5.0,0.004871487617492676,0.0028923523179875676,-0.001979135299505108
172,False,172.0,177.6999969482422,3721,3721,1.0,0.0,0,-0.25590980052948,-0.2530427873134613,-0.2510383129119873,0.004871487617492676,0.0012243345845490694,-1.2497222372462715,-1.2484418890994404,-1.246829884928284,0.0028923523179875676,0.0007216966967183311,-0.9986839243342842,-0.9953990944735577,-0.9909220538106487,0.9909220538106487,0.9953990944735577,0.9986839243342842,0.995400995546739,3.9336798915512223,0.2182975623092894,3.872153593806962,3.933847381722137,3.978213176904266,3721,0,0.0019454194047777097,1.5889605561048024,-0.9986526753426113,137.99801635742188,143.22153357778353,5.223517220361657,0.0,0.0,5.0,0.0,5.0,0.0,5.0,0.004871487617492676,0.0028923523179875676,-0.001979135299505108
173,False,173.0,177.6999969482422,3721,3721,1.0,0.0,0,-0.25590980052948,-0.2530427873134613,-0.2510383129119873,0.004871487617492676,0.0012243345845490694,-1.2497222372462715,-1.2484418890994404,-1.246829884928284,0.0028923523179875676,0.0007216966967183311,-0.9986839243342842,-0.9953990944735577,-0.9909220538106487,0.9909220538106487,0.9953990944735577,0.9986839243342842,0.995400995546739,3.9336798915512223,0.2182975623092894,3.872153593806962,3.933847381722137,3.978213176904266,3721,0,0.0019454194047777097,1.5889605561048024,-0.9986526753426113,137.99801635742188,143.22153357778353,5.223517220361657,0.0,0.0,5.0,0.0,5.0,0.0,5.0,0.004871487617492676,0.0028923523179875676,-0.001979135299505108
174,False,174.0,177.6999969482422,3721,3721,1.0,0.0,0,-0.25590980052948,-0.2530427873134613,-0.2510383129119873,0.004871487617492676,0.0012243345845490694,-1.2497222372462715,-1.2484418890994404,-1.246829884928284,0.0028923523179875676,0.0007216966967183311,-0.9986839243342842,-0.9953990944735577,-0.9909220538106487,0.9909220538106487,0.9953990944735577,0.9986839243342842,0.995400995546739,3.9336798915512223,0.2182975623092894,3.872153593806962,3.933847381722137,3.978213176904266,3721,0,0.0019454194047777097,1.5889605561048024,-0.9986526753426113,137.99801635742188,143.22153357778353,5.223517220361657,0.0,0.0,5.0,0.0,5.0,0.0,5.0,0.004871487617492676,0.0028923523179875676,-0.001979135299505108
175,False,175.0,177.6999969482422,3721,3721,1.0,0.0,0,-0.25590980052948,-0.2530427873134613,-0.2510383129119873,0.004871487617492676,0.0012243345845490694,-1.2497222372462715,-1.2484418890994404,-1.246829884928284,0.0028923523179875676,0.0007216966967183311,-0.9986839243342842,-0.9953990944735577,-0.9909220538106487,0.9909220538106487,0.9953990944735577,0.9986839243342842,0.995400995546739,3.9336798915512223,0.2182975623092894,3.872153593806962,3.933847381722137,3.978213176904266,3721,0,0.0019454194047777097,1.5889605561048024,-0.9986526753426113,137.99801635742188,143.22153357778353,5.223517220361657,0.0,0.0,5.0,0.0,5.0,0.0,5.0,0.004871487617492676,0.0028923523179875676,-0.001979135299505108
176,False,176.0,177.6999969482422,3721,3721,1.0,0.0,0,-0.25590980052948,-0.2530427873134613,-0.2510383129119873,0.004871487617492676,0.0012243345845490694,-1.2497222372462715,-1.2484418890994404,-1.246829884928284,0.0028923523179875676,0.0007216966967183311,-0.9986839243342842,-0.9953990944735577,-0.9909220538106487,0.9909220538106487,0.9953990944735577,0.9986839243342842,0.995400995546739,3.9336798915512223,0.2182975623092894,3.872153593806962,3.933847381722137,3.978213176904266,3721,0,0.0019454194047777097,1.5889605561048024,-0.9986526753426113,137.99801635742188,143.22153357778353,5.223517220361657,0.0,0.0,5.0,0.0,5.0,0.0,5.0,0.004871487617492676,0.0028923523179875676,-0.001979135299505108
177,False,177.0,177.6999969482422,3721,3721,1.0,0.0,0,-0.25590980052948,-0.2530427873134613,-0.2510383129119873,0.004871487617492676,0.0012243345845490694,-1.2497222372462715,-1.2484418890994404,-1.246829884928284,0.0028923523179875676,0.0007216966967183311,-0.9986839243342842,-0.9953990944735577,-0.9909220538106487,0.9909220538106487,0.9953990944735577,0.9986839243342842,0.995400995546739,3.9336798915512223,0.2182975623092894,3.872153593806962,3.933847381722137,3.978213176904266,3721,0,0.0019454194047777097,1.5889605561048024,-0.9986526753426113,137.99801635742188,143.22153357778353,5.223517220361657,0.0,0.0,5.0,0.0,5.0,0.0,5.0,0.004871487617492676,0.0028923523179875676,-0.001979135299505108
178,False,178.0,177.6999969482422,3721,3721,1.0,0.0,0,-0.25590980052948,-0.2530427873134613,-0.2510383129119873,0.004871487617492676,0.0012243345845490694,-1.2497222372462715,-1.2484418890994404,-1.246829884928284,0.0028923523179875676,0.0007216966967183311,-0.9986839243342842,-0.9953990944735577,-0.9909220538106487,0.9909220538106487,0.9953990944735577,0.9986839243342842,0.995400995546739,3.9336798915512223,0.2182975623092894,3.872153593806962,3.933847381722137,3.978213176904266,3721,0,0.0019454194047777097,1.5889605561048024,-0.9986526753426113,137.99801635742188,143.22153357778353,5.223517220361657,0.0,0.0,5.0,0.0,5.0,0.0,5.0,0.004871487617492676,0.0028923523179875676,-0.001979135299505108
179,False,179.0,177.6999969482422,3721,3721,1.0,0.0,0,-0.25590980052948,-0.2530427873134613,-0.2510383129119873,0.004871487617492676,0.0012243345845490694,-1.2497222372462715,-1.2484418890994404,-1.246829884928284,0.0028923523179875676,0.0007216966967183311,-0.9986839243342842,-0.9953990944735577,-0.9909220538106487,0.9909220538106487,0.9953990944735577,0.9986839243342842,0.995400995546739,3.9336798915512223,0.2182975623092894,3.872153593806962,3.933847381722137,3.978213176904266,3721,0,0.0019454194047777097,1.5889605561048024,-0.9986526753426113,137.99801635742188,143.22153357778353,5.223517220361657,0.0,0.0,5.0,0.0,5.0,0.0,5.0,0.004871487617492676,0.0028923523179875676,-0.001979135299505108
180,False,180.0,177.6999969482422,3721,3721,1.0,0.0,0,-0.25590980052948,-0.2530427873134613,-0.2510383129119873,0.004871487617492676,0.0012243345845490694,-1.2497222372462715,-1.2484418890994404,-1.246829884928284,0.0028923523179875676,0.0007216966967183311,-0.9986839243342842,-0.9953990944735577,-0.9909220538106487,0.9909220538106487,0.9953990944735577,0.9986839243342842,0.995400995546739,3.9336798915512223,0.2182975623092894,3.872153593806962,3.933847381722137,3.978213176904266,3721,0,0.0019454194047777097,1.5889605561048024,-0.9986526753426113,137.99801635742188,143.22153357778353,5.223517220361657,0.0,0.0,5.0,0.0,5.0,0.0,5.0,0.004871487617492676,0.0028923523179875676,-0.001979135299505108
181,False,181.0,177.6999969482422,3721,3721,1.0,0.0,0,-0.25590980052948,-0.2530427873134613,-0.2510383129119873,0.004871487617492676,0.0012243345845490694,-1.2497222372462715,-1.2484418890994404,-1.246829884928284,0.0028923523179875676,0.0007216966967183311,-0.9986839243342842,-0.9953990944735577,-0.9909220538106487,0.9909220538106487,0.9953990944735577,0.9986839243342842,0.995400995546739,3.9336798915512223,0.2182975623092894,3.872153593806962,3.933847381722137,3.978213176904266,3721,0,0.0019454194047777097,1.5889605561048024,-0.9986526753426113,137.99801635742188,143.22153357778353,5.223517220361657,0.0,0.0,5.0,0.0,5.0,0.0,5.0,0.004871487617492676,0.0028923523179875676,-0.001979135299505108
182,False,182.0,177.6999969482422,3721,3721,1.0,0.0,0,-0.25590980052948,-0.2530427873134613,-0.2510383129119873,0.004871487617492676,0.0012243345845490694,-1.2497222372462715,-1.2484418890994404,-1.246829884928284,0.0028923523179875676,0.0007216966967183311,-0.9986839243342842,-0.9953990944735577,-0.9909220538106487,0.9909220538106487,0.9953990944735577,0.9986839243342842,0.995400995546739,3.9336798915512223,0.2182975623092894,3.872153593806962,3.933847381722137,3.978213176904266,3721,0,0.0019454194047777097,1.5889605561048024,-0.9986526753426113,137.99801635742188,143.22153357778353,5.223517220361657,0.0,0.0,5.0,0.0,5.0,0.0,5.0,0.004871487617492676,0.0028923523179875676,-0.001979135299505108
183,False,183.0,177.6999969482422,3721,3721,1.0,0.0,0,-0.25590980052948,-0.2530427873134613,-0.2510383129119873,0.004871487617492676,0.0012243345845490694,-1.2497222372462715,-1.2484418890994404,-1.246829884928284,0.0028923523179875676,0.0007216966967183311,-0.9986839243342842,-0.9953990944735577,-0.9909220538106487,0.9909220538106487,0.9953990944735577,0.9986839243342842,0.995400995546739,3.9336798915512223,0.2182975623092894,3.872153593806962,3.933847381722137,3.978213176904266,3721,0,0.0019454194047777097,1.5889605561048024,-0.9986526753426113,137.99801635742188,143.22153357778353,5.223517220361657,0.0,0.0,5.0,0.0,5.0,0.0,5.0,0.004871487617492676,0.0028923523179875676,-0.001979135299505108
184,False,184.0,177.6999969482422,3721,3721,1.0,0.0,0,-0.25590980052948,-0.2530427873134613,-0.2510383129119873,0.004871487617492676,0.0012243345845490694,-1.2497222372462715,-1.2484418890994404,-1.246829884928284,0.0028923523179875676,0.0007216966967183311,-0.9986839243342842,-0.9953990944735577,-0.9909220538106487,0.9909220538106487,0.9953990944735577,0.9986839243342842,0.995400995546739,3.9336798915512223,0.2182975623092894,3.872153593806962,3.933847381722137,3.978213176904266,3721,0,0.0019454194047777097,1.5889605561048024,-0.9986526753426113,137.99801635742188,143.22153357778353,5.223517220361657,0.0,0.0,5.0,0.0,5.0,0.0,5.0,0.004871487617492676,0.0028923523179875676,-0.001979135299505108
185,False,185.0,177.6999969482422,3721,3721,1.0,0.0,0,-0.25590980052948,-0.2530427873134613,-0.2510383129119873,0.004871487617492676,0.0012243345845490694,-1.2497222372462715,-1.2484418890994404,-1.246829884928284,0.0028923523179875676,0.0007216966967183311,-0.9986839243342842,-0.9953990944735577,-0.9909220538106487,0.9909220538106487,0.9953990944735577,0.9986839243342842,0.995400995546739,3.9336798915512223,0.2182975623092894,3.872153593806962,3.933847381722137,3.978213176904266,3721,0,0.0019454194047777097,1.5889605561048024,-0.9986526753426113,137.99801635742188,143.22153357778353,5.223517220361657,0.0,0.0,5.0,0.0,5.0,0.0,5.0,0.004871487617492676,0.0028923523179875676,-0.001979135299505108
186,False,186.0,177.6999969482422,3721,3721,1.0,0.0,0,-0.25590980052948,-0.2530427873134613,-0.2510383129119873,0.004871487617492676,0.0012243345845490694,-1.2497222372462715,-1.2484418890994404,-1.246829884928284,0.0028923523179875676,0.0007216966967183311,-0.9986839243342842,-0.9953990944735577,-0.9909220538106487,0.9909220538106487,0.9953990944735577,0.9986839243342842,0.995400995546739,3.9336798915512223,0.2182975623092894,3.872153593806962,3.933847381722137,3.978213176904266,3721,0,0.0019454194047777097,1.5889605561048024,-0.9986526753426113,137.99801635742188,143.22153357778353,5.223517220361657,0.0,0.0,5.0,0.0,5.0,0.0,5.0,0.004871487617492676,0.0028923523179875676,-0.001979135299505108
187,False,187.0,177.6999969482422,3721,3721,1.0,0.0,0,-0.25590980052948,-0.2530427873134613,-0.2510383129119873,0.004871487617492676,0.0012243345845490694,-1.2497222372462715,-1.2484418890994404,-1.246829884928284,0.0028923523179875676,0.0007216966967183311,-0.9986839243342842,-0.9953990944735577,-0.9909220538106487,0.9909220538106487,0.9953990944735577,0.9986839243342842,0.995400995546739,3.9336798915512223,0.2182975623092894,3.872153593806962,3.933847381722137,3.978213176904266,3721,0,0.0019454194047777097,1.5889605561048024,-0.9986526753426113,137.99801635742188,143.22153357778353,5.223517220361657,0.0,0.0,5.0,0.0,5.0,0.0,5.0,0.004871487617492676,0.0028923523179875676,-0.001979135299505108
188,False,188.0,197.64999389648438,3721,3721,1.0,0.0,0,-0.2990095019340515,-0.2971721589565277,-0.29581332206726074,0.0031961798667907715,0.0008041724795475602,-1.282821639637096,-1.2819617184606338,-1.2809122142513942,0.001909425385701713,0.0004754567576818323,-0.9870083175698352,-0.9847895567889791,-0.9819027123173427,0.9819027123173427,0.9847895567889791,0.9870083175698352,0.9847903877792237,3.3138592933433246,0.21597059074644062,3.2838512019390866,3.3139046837257107,3.336591843370102,3721,0,0.001279336437368994,1.5908732837901114,-0.9990202738458364,140.22061157226562,142.9163814074709,2.695769835205283,0.0,0.0,0.0,0.0,0.0,0.0,0.0,0.0031961798667907715,0.001909425385701713,-0.0012867544810890585
189,False,189.0,197.64999389648438,3721,3721,1.0,0.0,0,-0.2990095019340515,-0.2971721589565277,-0.29581332206726074,0.0031961798667907715,0.0008041724795475602,-1.282821639637096,-1.2819617184606338,-1.2809122142513942,0.001909425385701713,0.0004754567576818323,-0.9870083175698352,-0.9847895567889791,-0.9819027123173427,0.9819027123173427,0.9847895567889791,0.9870083175698352,0.9847903877792237,3.3138592933433246,0.21597059074644062,3.2838512019390866,3.3139046837257107,3.336591843370102,3721,0,0.001279336437368994,1.5908732837901114,-0.9990202738458364,140.22061157226562,142.9163814074709,2.695769835205283,0.0,0.0,0.0,0.0,0.0,0.0,0.0,0.0031961798667907715,0.001909425385701713,-0.0012867544810890585
190,False,190.0,197.64999389648438,3721,3721,1.0,0.0,0,-0.2990095019340515,-0.2971721589565277,-0.29581332206726074,0.0031961798667907715,0.0008041724795475602,-1.282821639637096,-1.2819617184606338,-1.2809122142513942,0.001909425385701713,0.0004754567576818323,-0.9870083175698352,-0.9847895567889791,-0.9819027123173427,0.9819027123173427,0.9847895567889791,0.9870083175698352,0.9847903877792237,3.3138592933433246,0.21597059074644062,3.2838512019390866,3.3139046837257107,3.336591843370102,3721,0,0.001279336437368994,1.5908732837901114,-0.9990202738458364,140.22061157226562,142.9163814074709,2.695769835205283,0.0,0.0,0.0,0.0,0.0,0.0,0.0,0.0031961798667907715,0.001909425385701713,-0.0012867544810890585
191,False,191.0,197.64999389648438,3721,3721,1.0,0.0,0,-0.2990095019340515,-0.2971721589565277,-0.29581332206726074,0.0031961798667907715,0.0008041724795475602,-1.282821639637096,-1.2819617184606338,-1.2809122142513942,0.001909425385701713,0.0004754567576818323,-0.9870083175698352,-0.9847895567889791,-0.9819027123173427,0.9819027123173427,0.9847895567889791,0.9870083175698352,0.9847903877792237,3.3138592933433246,0.21597059074644062,3.2838512019390866,3.3139046837257107,3.336591843370102,3721,0,0.001279336437368994,1.5908732837901114,-0.9990202738458364,140.22061157226562,142.9163814074709,2.695769835205283,0.0,0.0,0.0,0.0,0.0,0.0,0.0,0.0031961798667907715,0.001909425385701713,-0.0012867544810890585
192,False,192.0,197.64999389648438,3721,3721,1.0,0.0,0,-0.2990095019340515,-0.2971721589565277,-0.29581332206726074,0.0031961798667907715,0.0008041724795475602,-1.282821639637096,-1.2819617184606338,-1.2809122142513942,0.001909425385701713,0.0004754567576818323,-0.9870083175698352,-0.9847895567889791,-0.9819027123173427,0.9819027123173427,0.9847895567889791,0.9870083175698352,0.9847903877792237,3.3138592933433246,0.21597059074644062,3.2838512019390866,3.3139046837257107,3.336591843370102,3721,0,0.001279336437368994,1.5908732837901114,-0.9990202738458364,140.22061157226562,142.9163814074709,2.695769835205283,0.0,0.0,0.0,0.0,0.0,0.0,0.0,0.0031961798667907715,0.001909425385701713,-0.0012867544810890585
193,False,193.0,197.64999389648438,3721,3721,1.0,0.0,0,-0.2990095019340515,-0.2971721589565277,-0.29581332206726074,0.0031961798667907715,0.0008041724795475602,-1.282821639637096,-1.2819617184606338,-1.2809122142513942,0.001909425385701713,0.0004754567576818323,-0.9870083175698352,-0.9847895567889791,-0.9819027123173427,0.9819027123173427,0.9847895567889791,0.9870083175698352,0.9847903877792237,3.3138592933433246,0.21597059074644062,3.2838512019390866,3.3139046837257107,3.336591843370102,3721,0,0.001279336437368994,1.5908732837901114,-0.9990202738458364,140.22061157226562,142.9163814074709,2.695769835205283,0.0,0.0,0.0,0.0,0.0,0.0,0.0,0.0031961798667907715,0.001909425385701713,-0.0012867544810890585
194,False,194.0,197.64999389648438,3721,3721,1.0,0.0,0,-0.2990095019340515,-0.2971721589565277,-0.29581332206726074,0.0031961798667907715,0.0008041724795475602,-1.282821639637096,-1.2819617184606338,-1.2809122142513942,0.001909425385701713,0.0004754567576818323,-0.9870083175698352,-0.9847895567889791,-0.9819027123173427,0.9819027123173427,0.9847895567889791,0.9870083175698352,0.9847903877792237,3.3138592933433246,0.21597059074644062,3.2838512019390866,3.3139046837257107,3.336591843370102,3721,0,0.001279336437368994,1.5908732837901114,-0.9990202738458364,140.22061157226562,142.9163814074709,2.695769835205283,0.0,0.0,0.0,0.0,0.0,0.0,0.0,0.0031961798667907715,0.001909425385701713,-0.0012867544810890585
195,False,195.0,197.64999389648438,3721,3721,1.0,0.0,0,-0.2990095019340515,-0.2971721589565277,-0.29581332206726074,0.0031961798667907715,0.0008041724795475602,-1.282821639637096,-1.2819617184606338,-1.2809122142513942,0.001909425385701713,0.0004754567576818323,-0.9870083175698352,-0.9847895567889791,-0.9819027123173427,0.9819027123173427,0.9847895567889791,0.9870083175698352,0.9847903877792237,3.3138592933433246,0.21597059074644062,3.2838512019390866,3.3139046837257107,3.336591843370102,3721,0,0.001279336437368994,1.5908732837901114,-0.9990202738458364,140.22061157226562,142.9163814074709,2.695769835205283,0.0,0.0,0.0,0.0,0.0,0.0,0.0,0.0031961798667907715,0.001909425385701713,-0.0012867544810890585
196,False,196.0,197.64999389648438,3721,3721,1.0,0.0,0,-0.2990095019340515,-0.2971721589565277,-0.29581332206726074,0.0031961798667907715,0.0008041724795475602,-1.282821639637096,-1.2819617184606338,-1.2809122142513942,0.001909425385701713,0.0004754567576818323,-0.9870083175698352,-0.9847895567889791,-0.9819027123173427,0.9819027123173427,0.9847895567889791,0.9870083175698352,0.9847903877792237,3.3138592933433246,0.21597059074644062,3.2838512019390866,3.3139046837257107,3.336591843370102,3721,0,0.001279336437368994,1.5908732837901114,-0.9990202738458364,140.22061157226562,142.9163814074709,2.695769835205283,0.0,0.0,0.0,0.0,0.0,0.0,0.0,0.0031961798667907715,0.001909425385701713,-0.0012867544810890585
197,False,197.0,197.64999389648438,3721,3721,1.0,0.0,0,-0.2990095019340515,-0.2971721589565277,-0.29581332206726074,0.0031961798667907715,0.0008041724795475602,-1.282821639637096,-1.2819617184606338,-1.2809122142513942,0.001909425385701713,0.0004754567576818323,-0.9870083175698352,-0.9847895567889791,-0.9819027123173427,0.9819027123173427,0.9847895567889791,0.9870083175698352,0.9847903877792237,3.3138592933433246,0.21597059074644062,3.2838512019390866,3.3139046837257107,3.336591843370102,3721,0,0.001279336437368994,1.5908732837901114,-0.9990202738458364,140.22061157226562,142.9163814074709,2.695769835205283,0.0,0.0,0.0,0.0,0.0,0.0,0.0,0.0031961798667907715,0.001909425385701713,-0.0012867544810890585
198,False,198.0,197.64999389648438,3721,3721,1.0,0.0,0,-0.2990095019340515,-0.2971721589565277,-0.29581332206726074,0.0031961798667907715,0.0008041724795475602,-1.282821639637096,-1.2819617184606338,-1.2809122142513942,0.001909425385701713,0.0004754567576818323,-0.9870083175698352,-0.9847895567889791,-0.9819027123173427,0.9819027123173427,0.9847895567889791,0.9870083175698352,0.9847903877792237,3.3138592933433246,0.21597059074644062,3.2838512019390866,3.3139046837257107,3.336591843370102,3721,0,0.001279336437368994,1.5908732837901114,-0.9990202738458364,140.22061157226562,142.9163814074709,2.695769835205283,0.0,0.0,0.0,0.0,0.0,0.0,0.0,0.0031961798667907715,0.001909425385701713,-0.0012867544810890585
199,False,199.0,197.64999389648438,3721,3721,1.0,0.0,0,-0.2990095019340515,-0.2971721589565277,-0.29581332206726074,0.0031961798667907715,0.0008041724795475602,-1.282821639637096,-1.2819617184606338,-1.2809122142513942,0.001909425385701713,0.0004754567576818323,-0.9870083175698352,-0.9847895567889791,-0.9819027123173427,0.9819027123173427,0.9847895567889791,0.9870083175698352,0.9847903877792237,3.3138592933433246,0.21597059074644062,3.2838512019390866,3.3139046837257107,3.336591843370102,3721,0,0.001279336437368994,1.5908732837901114,-0.9990202738458364,140.22061157226562,142.9163814074709,2.695769835205283,0.0,0.0,0.0,0.0,0.0,0.0,0.0,0.0031961798667907715,0.001909425385701713,-0.0012867544810890585
200,False,200.0,197.64999389648438,3721,3721,1.0,0.0,0,-0.2990095019340515,-0.2971721589565277,-0.29581332206726074,0.0031961798667907715,0.0008041724795475602,-1.282821639637096,-1.2819617184606338,-1.2809122142513942,0.001909425385701713,0.0004754567576818323,-0.9870083175698352,-0.9847895567889791,-0.9819027123173427,0.9819027123173427,0.9847895567889791,0.9870083175698352,0.9847903877792237,3.3138592933433246,0.21597059074644062,3.2838512019390866,3.3139046837257107,3.336591843370102,3721,0,0.001279336437368994,1.5908732837901114,-0.9990202738458364,140.22061157226562,142.9163814074709,2.695769835205283,0.0,0.0,0.0,0.0,0.0,0.0,0.0,0.0031961798667907715,0.001909425385701713,-0.0012867544810890585
201,False,201.0,197.64999389648438,3721,3721,1.0,0.0,0,-0.2990095019340515,-0.2971721589565277,-0.29581332206726074,0.0031961798667907715,0.0008041724795475602,-1.282821639637096,-1.2819617184606338,-1.2809122142513942,0.001909425385701713,0.0004754567576818323,-0.9870083175698352,-0.9847895567889791,-0.9819027123173427,0.9819027123173427,0.9847895567889791,0.9870083175698352,0.9847903877792237,3.3138592933433246,0.21597059074644062,3.2838512019390866,3.3139046837257107,3.336591843370102,3721,0,0.001279336437368994,1.5908732837901114,-0.9990202738458364,140.22061157226562,142.9163814074709,2.695769835205283,0.0,0.0,0.0,0.0,0.0,0.0,0.0,0.0031961798667907715,0.001909425385701713,-0.0012867544810890585
202,False,202.0,197.64999389648438,3721,3721,1.0,0.0,0,-0.2990095019340515,-0.2971721589565277,-0.29581332206726074,0.0031961798667907715,0.0008041724795475602,-1.282821639637096,-1.2819617184606338,-1.2809122142513942,0.001909425385701713,0.0004754567576818323,-0.9870083175698352,-0.9847895567889791,-0.9819027123173427,0.9819027123173427,0.9847895567889791,0.9870083175698352,0.9847903877792237,3.3138592933433246,0.21597059074644062,3.2838512019390866,3.3139046837257107,3.336591843370102,3721,0,0.001279336437368994,1.5908732837901114,-0.9990202738458364,140.22061157226562,142.9163814074709,2.695769835205283,0.0,0.0,0.0,0.0,0.0,0.0,0.0,0.0031961798667907715,0.001909425385701713,-0.0012867544810890585
203,False,203.0,197.64999389648438,3721,3721,1.0,0.0,0,-0.2990095019340515,-0.2971721589565277,-0.29581332206726074,0.0031961798667907715,0.0008041724795475602,-1.282821639637096,-1.2819617184606338,-1.2809122142513942,0.001909425385701713,0.0004754567576818323,-0.9870083175698352,-0.9847895567889791,-0.9819027123173427,0.9819027123173427,0.9847895567889791,0.9870083175698352,0.9847903877792237,3.3138592933433246,0.21597059074644062,3.2838512019390866,3.3139046837257107,3.336591843370102,3721,0,0.001279336437368994,1.5908732837901114,-0.9990202738458364,140.22061157226562,142.9163814074709,2.695769835205283,0.0,0.0,0.0,0.0,0.0,0.0,0.0,0.0031961798667907715,0.001909425385701713,-0.0012867544810890585
204,False,204.0,197.64999389648438,3721,3721,1.0,0.0,0,-0.2990095019340515,-0.2971721589565277,-0.29581332206726074,0.0031961798667907715,0.0008041724795475602,-1.282821639637096,-1.2819617184606338,-1.2809122142513942,0.001909425385701713,0.0004754567576818323,-0.9870083175698352,-0.9847895567889791,-0.9819027123173427,0.9819027123173427,0.9847895567889791,0.9870083175698352,0.9847903877792237,3.3138592933433246,0.21597059074644062,3.2838512019390866,3.3139046837257107,3.336591843370102,3721,0,0.001279336437368994,1.5908732837901114,-0.9990202738458364,140.22061157226562,142.9163814074709,2.695769835205283,0.0,0.0,0.0,0.0,0.0,0.0,0.0,0.0031961798667907715,0.001909425385701713,-0.0012867544810890585
205,False,205.0,197.64999389648438,3721,3721,1.0,0.0,0,-0.2990095019340515,-0.2971721589565277,-0.29581332206726074,0.0031961798667907715,0.0008041724795475602,-1.282821639637096,-1.2819617184606338,-1.2809122142513942,0.001909425385701713,0.0004754567576818323,-0.9870083175698352,-0.9847895567889791,-0.9819027123173427,0.9819027123173427,0.9847895567889791,0.9870083175698352,0.9847903877792237,3.3138592933433246,0.21597059074644062,3.2838512019390866,3.3139046837257107,3.336591843370102,3721,0,0.001279336437368994,1.5908732837901114,-0.9990202738458364,140.22061157226562,142.9163814074709,2.695769835205283,0.0,0.0,0.0,0.0,0.0,0.0,0.0,0.0031961798667907715,0.001909425385701713,-0.0012867544810890585
206,False,206.0,197.64999389648438,3721,3721,1.0,0.0,0,-0.2990095019340515,-0.2971721589565277,-0.29581332206726074,0.0031961798667907715,0.0008041724795475602,-1.282821639637096,-1.2819617184606338,-1.2809122142513942,0.001909425385701713,0.0004754567576818323,-0.9870083175698352,-0.9847895567889791,-0.9819027123173427,0.9819027123173427,0.9847895567889791,0.9870083175698352,0.9847903877792237,3.3138592933433246,0.21597059074644062,3.2838512019390866,3.3139046837257107,3.336591843370102,3721,0,0.001279336437368994,1.5908732837901114,-0.9990202738458364,140.22061157226562,142.9163814074709,2.695769835205283,0.0,0.0,0.0,0.0,0.0,0.0,0.0,0.0031961798667907715,0.001909425385701713,-0.0012867544810890585
207,False,207.0,197.64999389648438,3721,3721,1.0,0.0,0,-0.2990095019340515,-0.2971721589565277,-0.29581332206726074,0.0031961798667907715,0.0008041724795475602,-1.282821639637096,-1.2819617184606338,-1.2809122142513942,0.001909425385701713,0.0004754567576818323,-0.9870083175698352,-0.9847895567889791,-0.9819027123173427,0.9819027123173427,0.9847895567889791,0.9870083175698352,0.9847903877792237,3.3138592933433246,0.21597059074644062,3.2838512019390866,3.3139046837257107,3.336591843370102,3721,0,0.001279336437368994,1.5908732837901114,-0.9990202738458364,140.22061157226562,142.9163814074709,2.695769835205283,0.0,0.0,0.0,0.0,0.0,0.0,0.0,0.0031961798667907715,0.001909425385701713,-0.0012867544810890585
208,False,208.0,217.60000610351562,3721,3721,1.0,0.0,0,-0.34248077869415283,-0.34129709005355835,-0.3403806984424591,0.0021000802516937256,0.000528644013684243,-1.3160546598649494,-1.3154839276561354,-1.314791337049186,0.001263322815763468,0.0003127420306273289,-0.9756739614224903,-0.9741868513303872,-0.9723105583550331,0.9723105583550331,0.9741868513303872,0.9756739614224903,0.9741872145465259,2.8543638110341343,0.2136452496228167,2.8390222717384677,2.8543768966778247,2.8664197643610705,3721,0,0.0008412377221287168,1.5913124135960672,-0.9992452755316004,142.02236938476562,142.54449219408377,0.522122809318148,0.0,0.0,0.0,0.0,0.0,0.0,0.0,0.0021000802516937256,0.001263322815763468,-0.0008367574359302576
209,False,209.0,217.60000610351562,3721,3721,1.0,0.0,0,-0.34248077869415283,-0.34129709005355835,-0.3403806984424591,0.0021000802516937256,0.000528644013684243,-1.3160546598649494,-1.3154839276561354,-1.314791337049186,0.001263322815763468,0.0003127420306273289,-0.9756739614224903,-0.9741868513303872,-0.9723105583550331,0.9723105583550331,0.9741868513303872,0.9756739614224903,0.9741872145465259,2.8543638110341343,0.2136452496228167,2.8390222717384677,2.8543768966778247,2.8664197643610705,3721,0,0.0008412377221287168,1.5913124135960672,-0.9992452755316004,142.02236938476562,142.54449219408377,0.522122809318148,0.0,0.0,0.0,0.0,0.0,0.0,0.0,0.0021000802516937256,0.001263322815763468,-0.0008367574359302576
210,False,210.0,217.60000610351562,3721,3721,1.0,0.0,0,-0.34248077869415283,-0.34129709005355835,-0.3403806984424591,0.0021000802516937256,0.000528644013684243,-1.3160546598649494,-1.3154839276561354,-1.314791337049186,0.001263322815763468,0.0003127420306273289,-0.9756739614224903,-0.9741868513303872,-0.9723105583550331,0.9723105583550331,0.9741868513303872,0.9756739614224903,0.9741872145465259,2.8543638110341343,0.2136452496228167,2.8390222717384677,2.8543768966778247,2.8664197643610705,3721,0,0.0008412377221287168,1.5913124135960672,-0.9992452755316004,142.02236938476562,142.54449219408377,0.522122809318148,0.0,0.0,0.0,0.0,0.0,0.0,0.0,0.0021000802516937256,0.001263322815763468,-0.0008367574359302576
211,False,211.0,217.60000610351562,3721,3721,1.0,0.0,0,-0.34248077869415283,-0.34129709005355835,-0.3403806984424591,0.0021000802516937256,0.000528644013684243,-1.3160546598649494,-1.3154839276561354,-1.314791337049186,0.001263322815763468,0.0003127420306273289,-0.9756739614224903,-0.9741868513303872,-0.9723105583550331,0.9723105583550331,0.9741868513303872,0.9756739614224903,0.9741872145465259,2.8543638110341343,0.2136452496228167,2.8390222717384677,2.8543768966778247,2.8664197643610705,3721,0,0.0008412377221287168,1.5913124135960672,-0.9992452755316004,142.02236938476562,142.54449219408377,0.522122809318148,0.0,0.0,0.0,0.0,0.0,0.0,0.0,0.0021000802516937256,0.001263322815763468,-0.0008367574359302576
212,False,212.0,217.60000610351562,3721,3721,1.0,0.0,0,-0.34248077869415283,-0.34129709005355835,-0.3403806984424591,0.0021000802516937256,0.000528644013684243,-1.3160546598649494,-1.3154839276561354,-1.314791337049186,0.001263322815763468,0.0003127420306273289,-0.9756739614224903,-0.9741868513303872,-0.9723105583550331,0.9723105583550331,0.9741868513303872,0.9756739614224903,0.9741872145465259,2.8543638110341343,0.2136452496228167,2.8390222717384677,2.8543768966778247,2.8664197643610705,3721,0,0.0008412377221287168,1.5913124135960672,-0.9992452755316004,142.02236938476562,142.54449219408377,0.522122809318148,0.0,0.0,0.0,0.0,0.0,0.0,0.0,0.0021000802516937256,0.001263322815763468,-0.0008367574359302576
213,False,213.0,217.60000610351562,3721,3721,1.0,0.0,0,-0.34248077869415283,-0.34129709005355835,-0.3403806984424591,0.0021000802516937256,0.000528644013684243,-1.3160546598649494,-1.3154839276561354,-1.314791337049186,0.001263322815763468,0.0003127420306273289,-0.9756739614224903,-0.9741868513303872,-0.9723105583550331,0.9723105583550331,0.9741868513303872,0.9756739614224903,0.9741872145465259,2.8543638110341343,0.2136452496228167,2.8390222717384677,2.8543768966778247,2.8664197643610705,3721,0,0.0008412377221287168,1.5913124135960672,-0.9992452755316004,142.02236938476562,142.54449219408377,0.522122809318148,0.0,0.0,0.0,0.0,0.0,0.0,0.0,0.0021000802516937256,0.001263322815763468,-0.0008367574359302576
214,False,214.0,217.60000610351562,3721,3721,1.0,0.0,0,-0.34248077869415283,-0.34129709005355835,-0.3403806984424591,0.0021000802516937256,0.000528644013684243,-1.3160546598649494,-1.3154839276561354,-1.314791337049186,0.001263322815763468,0.0003127420306273289,-0.9756739614224903,-0.9741868513303872,-0.9723105583550331,0.9723105583550331,0.9741868513303872,0.9756739614224903,0.9741872145465259,2.8543638110341343,0.2136452496228167,2.8390222717384677,2.8543768966778247,2.8664197643610705,3721,0,0.0008412377221287168,1.5913124135960672,-0.9992452755316004,142.02236938476562,142.54449219408377,0.522122809318148,0.0,0.0,0.0,0.0,0.0,0.0,0.0,0.0021000802516937256,0.001263322815763468,-0.0008367574359302576
215,False,215.0,217.60000610351562,3721,3721,1.0,0.0,0,-0.34248077869415283,-0.34129709005355835,-0.3403806984424591,0.0021000802516937256,0.000528644013684243,-1.3160546598649494,-1.3154839276561354,-1.314791337049186,0.001263322815763468,0.0003127420306273289,-0.9756739614224903,-0.9741868513303872,-0.9723105583550331,0.9723105583550331,0.9741868513303872,0.9756739614224903,0.9741872145465259,2.8543638110341343,0.2136452496228167,2.8390222717384677,2.8543768966778247,2.8664197643610705,3721,0,0.0008412377221287168,1.5913124135960672,-0.9992452755316004,142.02236938476562,142.54449219408377,0.522122809318148,0.0,0.0,0.0,0.0,0.0,0.0,0.0,0.0021000802516937256,0.001263322815763468,-0.0008367574359302576
216,False,216.0,217.60000610351562,3721,3721,1.0,0.0,0,-0.34248077869415283,-0.34129709005355835,-0.3403806984424591,0.0021000802516937256,0.000528644013684243,-1.3160546598649494,-1.3154839276561354,-1.314791337049186,0.001263322815763468,0.0003127420306273289,-0.9756739614224903,-0.9741868513303872,-0.9723105583550331,0.9723105583550331,0.9741868513303872,0.9756739614224903,0.9741872145465259,2.8543638110341343,0.2136452496228167,2.8390222717384677,2.8543768966778247,2.8664197643610705,3721,0,0.0008412377221287168,1.5913124135960672,-0.9992452755316004,142.02236938476562,142.54449219408377,0.522122809318148,0.0,0.0,0.0,0.0,0.0,0.0,0.0,0.0021000802516937256,0.001263322815763468,-0.0008367574359302576
217,False,217.0,217.60000610351562,3721,3721,1.0,0.0,0,-0.34248077869415283,-0.34129709005355835,-0.3403806984424591,0.0021000802516937256,0.000528644013684243,-1.3160546598649494,-1.3154839276561354,-1.314791337049186,0.001263322815763468,0.0003127420306273289,-0.9756739614224903,-0.9741868513303872,-0.9723105583550331,0.9723105583550331,0.9741868513303872,0.9756739614224903,0.9741872145465259,2.8543638110341343,0.2136452496228167,2.8390222717384677,2.8543768966778247,2.8664197643610705,3721,0,0.0008412377221287168,1.5913124135960672,-0.9992452755316004,142.02236938476562,142.54449219408377,0.522122809318148,0.0,0.0,0.0,0.0,0.0,0.0,0.0,0.0021000802516937256,0.001263322815763468,-0.0008367574359302576
218,False,218.0,217.60000610351562,3721,3721,1.0,0.0,0,-0.34248077869415283,-0.34129709005355835,-0.3403806984424591,0.0021000802516937256,0.000528644013684243,-1.3160546598649494,-1.3154839276561354,-1.314791337049186,0.001263322815763468,0.0003127420306273289,-0.9756739614224903,-0.9741868513303872,-0.9723105583550331,0.9723105583550331,0.9741868513303872,0.9756739614224903,0.9741872145465259,2.8543638110341343,0.2136452496228167,2.8390222717384677,2.8543768966778247,2.8664197643610705,3721,0,0.0008412377221287168,1.5913124135960672,-0.9992452755316004,142.02236938476562,142.54449219408377,0.522122809318148,0.0,0.0,0.0,0.0,0.0,0.0,0.0,0.0021000802516937256,0.001263322815763468,-0.0008367574359302576
219,False,219.0,217.60000610351562,3721,3721,1.0,0.0,0,-0.34248077869415283,-0.34129709005355835,-0.3403806984424591,0.0021000802516937256,0.000528644013684243,-1.3160546598649494,-1.3154839276561354,-1.314791337049186,0.001263322815763468,0.0003127420306273289,-0.9756739614224903,-0.9741868513303872,-0.9723105583550331,0.9723105583550331,0.9741868513303872,0.9756739614224903,0.9741872145465259,2.8543638110341343,0.2136452496228167,2.8390222717384677,2.8543768966778247,2.8664197643610705,3721,0,0.0008412377221287168,1.5913124135960672,-0.9992452755316004,142.02236938476562,142.54449219408377,0.522122809318148,0.0,0.0,0.0,0.0,0.0,0.0,0.0,0.0021000802516937256,0.001263322815763468,-0.0008367574359302576
220,False,220.0,217.60000610351562,3721,3721,1.0,0.0,0,-0.34248077869415283,-0.34129709005355835,-0.3403806984424591,0.0021000802516937256,0.000528644013684243,-1.3160546598649494,-1.3154839276561354,-1.314791337049186,0.001263322815763468,0.0003127420306273289,-0.9756739614224903,-0.9741868513303872,-0.9723105583550331,0.9723105583550331,0.9741868513303872,0.9756739614224903,0.9741872145465259,2.8543638110341343,0.2136452496228167,2.8390222717384677,2.8543768966778247,2.8664197643610705,3721,0,0.0008412377221287168,1.5913124135960672,-0.9992452755316004,142.02236938476562,142.54449219408377,0.522122809318148,0.0,0.0,0.0,0.0,0.0,0.0,0.0,0.0021000802516937256,0.001263322815763468,-0.0008367574359302576
221,False,221.0,217.60000610351562,3721,3721,1.0,0.0,0,-0.34248077869415283,-0.34129709005355835,-0.3403806984424591,0.0021000802516937256,0.000528644013684243,-1.3160546598649494,-1.3154839276561354,-1.314791337049186,0.001263322815763468,0.0003127420306273289,-0.9756739614224903,-0.9741868513303872,-0.9723105583550331,0.9723105583550331,0.9741868513303872,0.9756739614224903,0.9741872145465259,2.8543638110341343,0.2136452496228167,2.8390222717384677,2.8543768966778247,2.8664197643610705,3721,0,0.0008412377221287168,1.5913124135960672,-0.9992452755316004,142.02236938476562,142.54449219408377,0.522122809318148,0.0,0.0,0.0,0.0,0.0,0.0,0.0,0.0021000802516937256,0.001263322815763468,-0.0008367574359302576
222,False,222.0,217.60000610351562,3721,3721,1.0,0.0,0,-0.34248077869415283,-0.34129709005355835,-0.3403806984424591,0.0021000802516937256,0.000528644013684243,-1.3160546598649494,-1.3154839276561354,-1.314791337049186,0.001263322815763468,0.0003127420306273289,-0.9756739614224903,-0.9741868513303872,-0.9723105583550331,0.9723105583550331,0.9741868513303872,0.9756739614224903,0.9741872145465259,2.8543638110341343,0.2136452496228167,2.8390222717384677,2.8543768966778247,2.8664197643610705,3721,0,0.0008412377221287168,1.5913124135960672,-0.9992452755316004,142.02236938476562,142.54449219408377,0.522122809318148,0.0,0.0,0.0,0.0,0.0,0.0,0.0,0.0021000802516937256,0.001263322815763468,-0.0008367574359302576
223,False,223.0,217.60000610351562,3721,3721,1.0,0.0,0,-0.34248077869415283,-0.34129709005355835,-0.3403806984424591,0.0021000802516937256,0.000528644013684243,-1.3160546598649494,-1.3154839276561354,-1.314791337049186,0.001263322815763468,0.0003127420306273289,-0.9756739614224903,-0.9741868513303872,-0.9723105583550331,0.9723105583550331,0.9741868513303872,0.9756739614224903,0.9741872145465259,2.8543638110341343,0.2136452496228167,2.8390222717384677,2.8543768966778247,2.8664197643610705,3721,0,0.0008412377221287168,1.5913124135960672,-0.9992452755316004,142.02236938476562,142.54449219408377,0.522122809318148,0.0,0.0,0.0,0.0,0.0,0.0,0.0,0.0021000802516937256,0.001263322815763468,-0.0008367574359302576
224,False,224.0,217.60000610351562,3721,3721,1.0,0.0,0,-0.34248077869415283,-0.34129709005355835,-0.3403806984424591,0.0021000802516937256,0.000528644013684243,-1.3160546598649494,-1.3154839276561354,-1.314791337049186,0.001263322815763468,0.0003127420306273289,-0.9756739614224903,-0.9741868513303872,-0.9723105583550331,0.9723105583550331,0.9741868513303872,0.9756739614224903,0.9741872145465259,2.8543638110341343,0.2136452496228167,2.8390222717384677,2.8543768966778247,2.8664197643610705,3721,0,0.0008412377221287168,1.5913124135960672,-0.9992452755316004,142.02236938476562,142.54449219408377,0.522122809318148,0.0,0.0,0.0,0.0,0.0,0.0,0.0,0.0021000802516937256,0.001263322815763468,-0.0008367574359302576
225,False,225.0,217.60000610351562,3721,3721,1.0,0.0,0,-0.34248077869415283,-0.34129709005355835,-0.3403806984424591,0.0021000802516937256,0.000528644013684243,-1.3160546598649494,-1.3154839276561354,-1.314791337049186,0.001263322815763468,0.0003127420306273289,-0.9756739614224903,-0.9741868513303872,-0.9723105583550331,0.9723105583550331,0.9741868513303872,0.9756739614224903,0.9741872145465259,2.8543638110341343,0.2136452496228167,2.8390222717384677,2.8543768966778247,2.8664197643610705,3721,0,0.0008412377221287168,1.5913124135960672,-0.9992452755316004,142.02236938476562,142.54449219408377,0.522122809318148,0.0,0.0,0.0,0.0,0.0,0.0,0.0,0.0021000802516937256,0.001263322815763468,-0.0008367574359302576
226,False,226.0,217.60000610351562,3721,3721,1.0,0.0,0,-0.34248077869415283,-0.34129709005355835,-0.3403806984424591,0.0021000802516937256,0.000528644013684243,-1.3160546598649494,-1.3154839276561354,-1.314791337049186,0.001263322815763468,0.0003127420306273289,-0.9756739614224903,-0.9741868513303872,-0.9723105583550331,0.9723105583550331,0.9741868513303872,0.9756739614224903,0.9741872145465259,2.8543638110341343,0.2136452496228167,2.8390222717384677,2.8543768966778247,2.8664197643610705,3721,0,0.0008412377221287168,1.5913124135960672,-0.9992452755316004,142.02236938476562,142.54449219408377,0.522122809318148,0.0,0.0,0.0,0.0,0.0,0.0,0.0,0.0021000802516937256,0.001263322815763468,-0.0008367574359302576
227,False,227.0,217.60000610351562,3721,3721,1.0,0.0,0,-0.34248077869415283,-0.34129709005355835,-0.3403806984424591,0.0021000802516937256,0.000528644013684243,-1.3160546598649494,-1.3154839276561354,-1.314791337049186,0.001263322815763468,0.0003127420306273289,-0.9756739614224903,-0.9741868513303872,-0.9723105583550331,0.9723105583550331,0.9741868513303872,0.9756739614224903,0.9741872145465259,2.8543638110341343,0.2136452496228167,2.8390222717384677,2.8543768966778247,2.8664197643610705,3721,0,0.0008412377221287168,1.5913124135960672,-0.9992452755316004,142.02236938476562,142.54449219408377,0.522122809318148,0.0,0.0,0.0,0.0,0.0,0.0,0.0,0.0021000802516937256,0.001263322815763468,-0.0008367574359302576
228,False,228.0,237.5500030517578,3721,3721,1.0,0.0,0,-0.3861847221851349,-0.3854190409183502,-0.3848036229610443,0.0013810992240905762,0.0003477185673546046,-1.349393760585178,-1.3490081519401842,-1.3485644651893083,0.0008292953958697336,0.0002060737835726186,-0.9645901376241337,-0.963589126399544,-0.9623797430041734,0.9623797430041734,0.963589126399544,0.9645901376241337,0.9635892854950687,2.50010719007813,0.2113210585804025,2.4920192014815483,2.5001111674116094,2.5067075257807128,3721,0,0.0005537196591523319,1.592436418536917,-0.9994384036411974,143.50840759277344,147.11718974410957,3.608782151336129,0.0,0.0,0.0,0.0,0.0,0.0,0.0,0.0013810992240905762,0.0008292953958697336,-0.0005518038282208426
229,False,229.0,237.5500030517578,3721,3721,1.0,0.0,0,-0.3861847221851349,-0.3854190409183502,-0.3848036229610443,0.0013810992240905762,0.0003477185673546046,-1.349393760585178,-1.3490081519401842,-1.3485644651893083,0.0008292953958697336,0.0002060737835726186,-0.9645901376241337,-0.963589126399544,-0.9623797430041734,0.9623797430041734,0.963589126399544,0.9645901376241337,0.9635892854950687,2.50010719007813,0.2113210585804025,2.4920192014815483,2.5001111674116094,2.5067075257807128,3721,0,0.0005537196591523319,1.592436418536917,-0.9994384036411974,143.50840759277344,147.11718974410957,3.608782151336129,0.0,0.0,0.0,0.0,0.0,0.0,0.0,0.0013810992240905762,0.0008292953958697336,-0.0005518038282208426
230,False,230.0,237.5500030517578,3721,3721,1.0,0.0,0,-0.3861847221851349,-0.3854190409183502,-0.3848036229610443,0.0013810992240905762,0.0003477185673546046,-1.349393760585178,-1.3490081519401842,-1.3485644651893083,0.0008292953958697336,0.0002060737835726186,-0.9645901376241337,-0.963589126399544,-0.9623797430041734,0.9623797430041734,0.963589126399544,0.9645901376241337,0.9635892854950687,2.50010719007813,0.2113210585804025,2.4920192014815483,2.5001111674116094,2.5067075257807128,3721,0,0.0005537196591523319,1.592436418536917,-0.9994384036411974,143.50840759277344,147.11718974410957,3.608782151336129,0.0,0.0,0.0,0.0,0.0,0.0,0.0,0.0013810992240905762,0.0008292953958697336,-0.0005518038282208426
231,False,231.0,237.5500030517578,3721,3721,1.0,0.0,0,-0.3861847221851349,-0.3854190409183502,-0.3848036229610443,0.0013810992240905762,0.0003477185673546046,-1.349393760585178,-1.3490081519401842,-1.3485644651893083,0.0008292953958697336,0.0002060737835726186,-0.9645901376241337,-0.963589126399544,-0.9623797430041734,0.9623797430041734,0.963589126399544,0.9645901376241337,0.9635892854950687,2.50010719007813,0.2113210585804025,2.4920192014815483,2.5001111674116094,2.5067075257807128,3721,0,0.0005537196591523319,1.592436418536917,-0.9994384036411974,143.50840759277344,147.11718974410957,3.608782151336129,0.0,0.0,0.0,0.0,0.0,0.0,0.0,0.0013810992240905762,0.0008292953958697336,-0.0005518038282208426
232,False,232.0,237.5500030517578,3721,3721,1.0,0.0,0,-0.3861847221851349,-0.3854190409183502,-0.3848036229610443,0.0013810992240905762,0.0003477185673546046,-1.349393760585178,-1.3490081519401842,-1.3485644651893083,0.0008292953958697336,0.0002060737835726186,-0.9645901376241337,-0.963589126399544,-0.9623797430041734,0.9623797430041734,0.963589126399544,0.9645901376241337,0.9635892854950687,2.50010719007813,0.2113210585804025,2.4920192014815483,2.5001111674116094,2.5067075257807128,3721,0,0.0005537196591523319,1.592436418536917,-0.9994384036411974,143.50840759277344,147.11718974410957,3.608782151336129,0.0,0.0,0.0,0.0,0.0,0.0,0.0,0.0013810992240905762,0.0008292953958697336,-0.0005518038282208426
233,False,233.0,237.5500030517578,3721,3721,1.0,0.0,0,-0.3861847221851349,-0.3854190409183502,-0.3848036229610443,0.0013810992240905762,0.0003477185673546046,-1.349393760585178,-1.3490081519401842,-1.3485644651893083,0.0008292953958697336,0.0002060737835726186,-0.9645901376241337,-0.963589126399544,-0.9623797430041734,0.9623797430041734,0.963589126399544,0.9645901376241337,0.9635892854950687,2.50010719007813,0.2113210585804025,2.4920192014815483,2.5001111674116094,2.5067075257807128,3721,0,0.0005537196591523319,1.592436418536917,-0.9994384036411974,143.50840759277344,147.11718974410957,3.608782151336129,0.0,0.0,0.0,0.0,0.0,0.0,0.0,0.0013810992240905762,0.0008292953958697336,-0.0005518038282208426
234,False,234.0,237.5500030517578,3721,3721,1.0,0.0,0,-0.3861847221851349,-0.3854190409183502,-0.3848036229610443,0.0013810992240905762,0.0003477185673546046,-1.349393760585178,-1.3490081519401842,-1.3485644651893083,0.0008292953958697336,0.0002060737835726186,-0.9645901376241337,-0.963589126399544,-0.9623797430041734,0.9623797430041734,0.963589126399544,0.9645901376241337,0.9635892854950687,2.50010719007813,0.2113210585804025,2.4920192014815483,2.5001111674116094,2.5067075257807128,3721,0,0.0005537196591523319,1.592436418536917,-0.9994384036411974,143.50840759277344,147.11718974410957,3.608782151336129,0.0,0.0,0.0,0.0,0.0,0.0,0.0,0.0013810992240905762,0.0008292953958697336,-0.0005518038282208426
235,False,235.0,237.5500030517578,3721,3721,1.0,0.0,0,-0.3861847221851349,-0.3854190409183502,-0.3848036229610443,0.0013810992240905762,0.0003477185673546046,-1.349393760585178,-1.3490081519401842,-1.3485644651893083,0.0008292953958697336,0.0002060737835726186,-0.9645901376241337,-0.963589126399544,-0.9623797430041734,0.9623797430041734,0.963589126399544,0.9645901376241337,0.9635892854950687,2.50010719007813,0.2113210585804025,2.4920192014815483,2.5001111674116094,2.5067075257807128,3721,0,0.0005537196591523319,1.592436418536917,-0.9994384036411974,143.50840759277344,147.11718974410957,3.608782151336129,0.0,0.0,0.0,0.0,0.0,0.0,0.0,0.0013810992240905762,0.0008292953958697336,-0.0005518038282208426
236,False,236.0,237.5500030517578,3721,3721,1.0,0.0,0,-0.3861847221851349,-0.3854190409183502,-0.3848036229610443,0.0013810992240905762,0.0003477185673546046,-1.349393760585178,-1.3490081519401842,-1.3485644651893083,0.0008292953958697336,0.0002060737835726186,-0.9645901376241337,-0.963589126399544,-0.9623797430041734,0.9623797430041734,0.963589126399544,0.9645901376241337,0.9635892854950687,2.50010719007813,0.2113210585804025,2.4920192014815483,2.5001111674116094,2.5067075257807128,3721,0,0.0005537196591523319,1.592436418536917,-0.9994384036411974,143.50840759277344,147.11718974410957,3.608782151336129,0.0,0.0,0.0,0.0,0.0,0.0,0.0,0.0013810992240905762,0.0008292953958697336,-0.0005518038282208426
237,False,237.0,237.5500030517578,3721,3721,1.0,0.0,0,-0.3861847221851349,-0.3854190409183502,-0.3848036229610443,0.0013810992240905762,0.0003477185673546046,-1.349393760585178,-1.3490081519401842,-1.3485644651893083,0.0008292953958697336,0.0002060737835726186,-0.9645901376241337,-0.963589126399544,-0.9623797430041734,0.9623797430041734,0.963589126399544,0.9645901376241337,0.9635892854950687,2.50010719007813,0.2113210585804025,2.4920192014815483,2.5001111674116094,2.5067075257807128,3721,0,0.0005537196591523319,1.592436418536917,-0.9994384036411974,143.50840759277344,147.11718974410957,3.608782151336129,0.0,0.0,0.0,0.0,0.0,0.0,0.0,0.0013810992240905762,0.0008292953958697336,-0.0005518038282208426
238,False,238.0,237.5500030517578,3721,3721,1.0,0.0,0,-0.3861847221851349,-0.3854190409183502,-0.3848036229610443,0.0013810992240905762,0.0003477185673546046,-1.349393760585178,-1.3490081519401842,-1.3485644651893083,0.0008292953958697336,0.0002060737835726186,-0.9645901376241337,-0.963589126399544,-0.9623797430041734,0.9623797430041734,0.963589126399544,0.9645901376241337,0.9635892854950687,2.50010719007813,0.2113210585804025,2.4920192014815483,2.5001111674116094,2.5067075257807128,3721,0,0.0005537196591523319,1.592436418536917,-0.9994384036411974,143.50840759277344,147.11718974410957,3.608782151336129,0.0,0.0,0.0,0.0,0.0,0.0,0.0,0.0013810992240905762,0.0008292953958697336,-0.0005518038282208426
239,False,239.0,237.5500030517578,3721,3721,1.0,0.0,0,-0.3861847221851349,-0.3854190409183502,-0.3848036229610443,0.0013810992240905762,0.0003477185673546046,-1.349393760585178,-1.3490081519401842,-1.3485644651893083,0.0008292953958697336,0.0002060737835726186,-0.9645901376241337,-0.963589126399544,-0.9623797430041734,0.9623797430041734,0.963589126399544,0.9645901376241337,0.9635892854950687,2.50010719007813,0.2113210585804025,2.4920192014815483,2.5001111674116094,2.5067075257807128,3721,0,0.0005537196591523319,1.592436418536917,-0.9994384036411974,143.50840759277344,147.11718974410957,3.608782151336129,0.0,0.0,0.0,0.0,0.0,0.0,0.0,0.0013810992240905762,0.0008292953958697336,-0.0005518038282208426
240,False,240.0,237.5500030517578,3721,3721,1.0,0.0,0,-0.3861847221851349,-0.3854190409183502,-0.3848036229610443,0.0013810992240905762,0.0003477185673546046,-1.349393760585178,-1.3490081519401842,-1.3485644651893083,0.0008292953958697336,0.0002060737835726186,-0.9645901376241337,-0.963589126399544,-0.9623797430041734,0.9623797430041734,0.963589126399544,0.9645901376241337,0.9635892854950687,2.50010719007813,0.2113210585804025,2.4920192014815483,2.5001111674116094,2.5067075257807128,3721,0,0.0005537196591523319,1.592436418536917,-0.9994384036411974,143.50840759277344,147.11718974410957,3.608782151336129,0.0,0.0,0.0,0.0,0.0,0.0,0.0,0.0013810992240905762,0.0008292953958697336,-0.0005518038282208426
241,False,241.0,237.5500030517578,3721,3721,1.0,0.0,0,-0.3861847221851349,-0.3854190409183502,-0.3848036229610443,0.0013810992240905762,0.0003477185673546046,-1.349393760585178,-1.3490081519401842,-1.3485644651893083,0.0008292953958697336,0.0002060737835726186,-0.9645901376241337,-0.963589126399544,-0.9623797430041734,0.9623797430041734,0.963589126399544,0.9645901376241337,0.9635892854950687,2.50010719007813,0.2113210585804025,2.4920192014815483,2.5001111674116094,2.5067075257807128,3721,0,0.0005537196591523319,1.592436418536917,-0.9994384036411974,143.50840759277344,147.11718974410957,3.608782151336129,0.0,0.0,0.0,0.0,0.0,0.0,0.0,0.0013810992240905762,0.0008292953958697336,-0.0005518038282208426
242,False,242.0,237.5500030517578,3721,3721,1.0,0.0,0,-0.3861847221851349,-0.3854190409183502,-0.3848036229610443,0.0013810992240905762,0.0003477185673546046,-1.349393760585178,-1.3490081519401842,-1.3485644651893083,0.0008292953958697336,0.0002060737835726186,-0.9645901376241337,-0.963589126399544,-0.9623797430041734,0.9623797430041734,0.963589126399544,0.9645901376241337,0.9635892854950687,2.50010719007813,0.2113210585804025,2.4920192014815483,2.5001111674116094,2.5067075257807128,3721,0,0.0005537196591523319,1.592436418536917,-0.9994384036411974,143.50840759277344,147.11718974410957,3.608782151336129,0.0,0.0,0.0,0.0,0.0,0.0,0.0,0.0013810992240905762,0.0008292953958697336,-0.0005518038282208426
243,False,243.0,237.5500030517578,3721,3721,1.0,0.0,0,-0.3861847221851349,-0.3854190409183502,-0.3848036229610443,0.0013810992240905762,0.0003477185673546046,-1.349393760585178,-1.3490081519401842,-1.3485644651893083,0.0008292953958697336,0.0002060737835726186,-0.9645901376241337,-0.963589126399544,-0.9623797430041734,0.9623797430041734,0.963589126399544,0.9645901376241337,0.9635892854950687,2.50010719007813,0.2113210585804025,2.4920192014815483,2.5001111674116094,2.5067075257807128,3721,0,0.0005537196591523319,1.592436418536917,-0.9994384036411974,143.50840759277344,147.11718974410957,3.608782151336129,0.0,0.0,0.0,0.0,0.0,0.0,0.0,0.0013810992240905762,0.0008292953958697336,-0.0005518038282208426
244,False,244.0,237.5500030517578,3721,3721,1.0,0.0,0,-0.3861847221851349,-0.3854190409183502,-0.3848036229610443,0.0013810992240905762,0.0003477185673546046,-1.349393760585178,-1.3490081519401842,-1.3485644651893083,0.0008292953958697336,0.0002060737835726186,-0.9645901376241337,-0.963589126399544,-0.9623797430041734,0.9623797430041734,0.963589126399544,0.9645901376241337,0.9635892854950687,2.50010719007813,0.2113210585804025,2.4920192014815483,2.5001111674116094,2.5067075257807128,3721,0,0.0005537196591523319,1.592436418536917,-0.9994384036411974,143.50840759277344,147.11718974410957,3.608782151336129,0.0,0.0,0.0,0.0,0.0,0.0,0.0,0.0013810992240905762,0.0008292953958697336,-0.0005518038282208426
245,False,245.0,237.5500030517578,3721,3721,1.0,0.0,0,-0.3861847221851349,-0.3854190409183502,-0.3848036229610443,0.0013810992240905762,0.0003477185673546046,-1.349393760585178,-1.3490081519401842,-1.3485644651893083,0.0008292953958697336,0.0002060737835726186,-0.9645901376241337,-0.963589126399544,-0.9623797430041734,0.9623797430041734,0.963589126399544,0.9645901376241337,0.9635892854950687,2.50010719007813,0.2113210585804025,2.4920192014815483,2.5001111674116094,2.5067075257807128,3721,0,0.0005537196591523319,1.592436418536917,-0.9994384036411974,143.50840759277344,147.11718974410957,3.608782151336129,0.0,0.0,0.0,0.0,0.0,0.0,0.0,0.0013810992240905762,0.0008292953958697336,-0.0005518038282208426
246,False,246.0,237.5500030517578,3721,3721,1.0,0.0,0,-0.3861847221851349,-0.3854190409183502,-0.3848036229610443,0.0013810992240905762,0.0003477185673546046,-1.349393760585178,-1.3490081519401842,-1.3485644651893083,0.0008292953958697336,0.0002060737835726186,-0.9645901376241337,-0.963589126399544,-0.9623797430041734,0.9623797430041734,0.963589126399544,0.9645901376241337,0.9635892854950687,2.50010719007813,0.2113210585804025,2.4920192014815483,2.5001111674116094,2.5067075257807128,3721,0,0.0005537196591523319,1.592436418536917,-0.9994384036411974,143.50840759277344,147.11718974410957,3.608782151336129,0.0,0.0,0.0,0.0,0.0,0.0,0.0,0.0013810992240905762,0.0008292953958697336,-0.0005518038282208426
247,False,247.0,237.5500030517578,3721,3721,1.0,0.0,0,-0.3861847221851349,-0.3854190409183502,-0.3848036229610443,0.0013810992240905762,0.0003477185673546046,-1.349393760585178,-1.3490081519401842,-1.3485644651893083,0.0008292953958697336,0.0002060737835726186,-0.9645901376241337,-0.963589126399544,-0.9623797430041734,0.9623797430041734,0.963589126399544,0.9645901376241337,0.9635892854950687,2.50010719007813,0.2113210585804025,2.4920192014815483,2.5001111674116094,2.5067075257807128,3721,0,0.0005537196591523319,1.592436418536917,-0.9994384036411974,143.50840759277344,147.11718974410957,3.608782151336129,0.0,0.0,0.0,0.0,0.0,0.0,0.0,0.0013810992240905762,0.0008292953958697336,-0.0005518038282208426
248,False,248.0,257.5,3721,3721,1.0,0.0,0,-0.43003588914871216,-0.4295390248298645,-0.42912715673446655,0.0009087324142456055,0.00022880353208165616,-1.3827901815227532,-1.3825332514849948,-1.3822445085508646,0.0005456729718886777,0.00013538536335294524,-0.9536630247882867,-0.9529942437628327,-0.9522091671270998,0.9522091671270998,0.9529942437628327,0.9536630247882867,0.9529943133375708,2.2186440727336834,0.2089975160030252,2.214255114874408,2.21864531727537,2.2223320286820956,3721,0,0.0003641547129192183,1.591560739037904,-0.9995981465574917,144.7437286376953,147.52850250839413,2.784773870698814,0.0,0.0,10.0,5.0,10.0,5.0,11.180339887498949,0.0009087324142456055,0.0005456729718886777,-0.0003630594423569278
249,False,249.0,257.5,3721,3721,1.0,0.0,0,-0.43003588914871216,-0.4295390248298645,-0.42912715673446655,0.0009087324142456055,0.00022880353208165616,-1.3827901815227532,-1.3825332514849948,-1.3822445085508646,0.0005456729718886777,0.00013538536335294524,-0.9536630247882867,-0.9529942437628327,-0.9522091671270998,0.9522091671270998,0.9529942437628327,0.9536630247882867,0.9529943133375708,2.2186440727336834,0.2089975160030252,2.214255114874408,2.21864531727537,2.2223320286820956,3721,0,0.0003641547129192183,1.591560739037904,-0.9995981465574917,144.7437286376953,147.52850250839413,2.784773870698814,0.0,0.0,10.0,5.0,10.0,5.0,11.180339887498949,0.0009087324142456055,0.0005456729718886777,-0.0003630594423569278
250,False,250.0,257.5,3721,3721,1.0,0.0,0,-0.43003588914871216,-0.4295390248298645,-0.42912715673446655,0.0009087324142456055,0.00022880353208165616,-1.3827901815227532,-1.3825332514849948,-1.3822445085508646,0.0005456729718886777,0.00013538536335294524,-0.9536630247882867,-0.9529942437628327,-0.9522091671270998,0.9522091671270998,0.9529942437628327,0.9536630247882867,0.9529943133375708,2.2186440727336834,0.2089975160030252,2.214255114874408,2.21864531727537,2.2223320286820956,3721,0,0.0003641547129192183,1.591560739037904,-0.9995981465574917,144.7437286376953,147.52850250839413,2.784773870698814,0.0,0.0,10.0,5.0,10.0,5.0,11.180339887498949,0.0009087324142456055,0.0005456729718886777,-0.0003630594423569278
251,False,251.0,257.5,3721,3721,1.0,0.0,0,-0.43003588914871216,-0.4295390248298645,-0.42912715673446655,0.0009087324142456055,0.00022880353208165616,-1.3827901815227532,-1.3825332514849948,-1.3822445085508646,0.0005456729718886777,0.00013538536335294524,-0.9536630247882867,-0.9529942437628327,-0.9522091671270998,0.9522091671270998,0.9529942437628327,0.9536630247882867,0.9529943133375708,2.2186440727336834,0.2089975160030252,2.214255114874408,2.21864531727537,2.2223320286820956,3721,0,0.0003641547129192183,1.591560739037904,-0.9995981465574917,144.7437286376953,147.52850250839413,2.784773870698814,0.0,0.0,10.0,5.0,10.0,5.0,11.180339887498949,0.0009087324142456055,0.0005456729718886777,-0.0003630594423569278
252,False,252.0,257.5,3721,3721,1.0,0.0,0,-0.43003588914871216,-0.4295390248298645,-0.42912715673446655,0.0009087324142456055,0.00022880353208165616,-1.3827901815227532,-1.3825332514849948,-1.3822445085508646,0.0005456729718886777,0.00013538536335294524,-0.9536630247882867,-0.9529942437628327,-0.9522091671270998,0.9522091671270998,0.9529942437628327,0.9536630247882867,0.9529943133375708,2.2186440727336834,0.2089975160030252,2.214255114874408,2.21864531727537,2.2223320286820956,3721,0,0.0003641547129192183,1.591560739037904,-0.9995981465574917,144.7437286376953,147.52850250839413,2.784773870698814,0.0,0.0,10.0,5.0,10.0,5.0,11.180339887498949,0.0009087324142456055,0.0005456729718886777,-0.0003630594423569278
253,False,253.0,257.5,3721,3721,1.0,0.0,0,-0.43003588914871216,-0.4295390248298645,-0.42912715673446655,0.0009087324142456055,0.00022880353208165616,-1.3827901815227532,-1.3825332514849948,-1.3822445085508646,0.0005456729718886777,0.00013538536335294524,-0.9536630247882867,-0.9529942437628327,-0.9522091671270998,0.9522091671270998,0.9529942437628327,0.9536630247882867,0.9529943133375708,2.2186440727336834,0.2089975160030252,2.214255114874408,2.21864531727537,2.2223320286820956,3721,0,0.0003641547129192183,1.591560739037904,-0.9995981465574917,144.7437286376953,147.52850250839413,2.784773870698814,0.0,0.0,10.0,5.0,10.0,5.0,11.180339887498949,0.0009087324142456055,0.0005456729718886777,-0.0003630594423569278
254,False,254.0,257.5,3721,3721,1.0,0.0,0,-0.43003588914871216,-0.4295390248298645,-0.42912715673446655,0.0009087324142456055,0.00022880353208165616,-1.3827901815227532,-1.3825332514849948,-1.3822445085508646,0.0005456729718886777,0.00013538536335294524,-0.9536630247882867,-0.9529942437628327,-0.9522091671270998,0.9522091671270998,0.9529942437628327,0.9536630247882867,0.9529943133375708,2.2186440727336834,0.2089975160030252,2.214255114874408,2.21864531727537,2.2223320286820956,3721,0,0.0003641547129192183,1.591560739037904,-0.9995981465574917,144.7437286376953,147.52850250839413,2.784773870698814,0.0,0.0,10.0,5.0,10.0,5.0,11.180339887498949,0.0009087324142456055,0.0005456729718886777,-0.0003630594423569278
255,False,255.0,257.5,3721,3721,1.0,0.0,0,-0.43003588914871216,-0.4295390248298645,-0.42912715673446655,0.0009087324142456055,0.00022880353208165616,-1.3827901815227532,-1.3825332514849948,-1.3822445085508646,0.0005456729718886777,0.00013538536335294524,-0.9536630247882867,-0.9529942437628327,-0.9522091671270998,0.9522091671270998,0.9529942437628327,0.9536630247882867,0.9529943133375708,2.2186440727336834,0.2089975160030252,2.214255114874408,2.21864531727537,2.2223320286820956,3721,0,0.0003641547129192183,1.591560739037904,-0.9995981465574917,144.7437286376953,147.52850250839413,2.784773870698814,0.0,0.0,10.0,5.0,10.0,5.0,11.180339887498949,0.0009087324142456055,0.0005456729718886777,-0.0003630594423569278
256,False,256.0,257.5,3721,3721,1.0,0.0,0,-0.43003588914871216,-0.4295390248298645,-0.42912715673446655,0.0009087324142456055,0.00022880353208165616,-1.3827901815227532,-1.3825332514849948,-1.3822445085508646,0.0005456729718886777,0.00013538536335294524,-0.9536630247882867,-0.9529942437628327,-0.9522091671270998,0.9522091671270998,0.9529942437628327,0.9536630247882867,0.9529943133375708,2.2186440727336834,0.2089975160030252,2.214255114874408,2.21864531727537,2.2223320286820956,3721,0,0.0003641547129192183,1.591560739037904,-0.9995981465574917,144.7437286376953,147.52850250839413,2.784773870698814,0.0,0.0,10.0,5.0,10.0,5.0,11.180339887498949,0.0009087324142456055,0.0005456729718886777,-0.0003630594423569278
257,False,257.0,257.5,3721,3721,1.0,0.0,0,-0.43003588914871216,-0.4295390248298645,-0.42912715673446655,0.0009087324142456055,0.00022880353208165616,-1.3827901815227532,-1.3825332514849948,-1.3822445085508646,0.0005456729718886777,0.00013538536335294524,-0.9536630247882867,-0.9529942437628327,-0.9522091671270998,0.9522091671270998,0.9529942437628327,0.9536630247882867,0.9529943133375708,2.2186440727336834,0.2089975160030252,2.214255114874408,2.21864531727537,2.2223320286820956,3721,0,0.0003641547129192183,1.591560739037904,-0.9995981465574917,144.7437286376953,147.52850250839413,2.784773870698814,0.0,0.0,10.0,5.0,10.0,5.0,11.180339887498949,0.0009087324142456055,0.0005456729718886777,-0.0003630594423569278
258,False,258.0,257.5,3721,3721,1.0,0.0,0,-0.43003588914871216,-0.4295390248298645,-0.42912715673446655,0.0009087324142456055,0.00022880353208165616,-1.3827901815227532,-1.3825332514849948,-1.3822445085508646,0.0005456729718886777,0.00013538536335294524,-0.9536630247882867,-0.9529942437628327,-0.9522091671270998,0.9522091671270998,0.9529942437628327,0.9536630247882867,0.9529943133375708,2.2186440727336834,0.2089975160030252,2.214255114874408,2.21864531727537,2.2223320286820956,3721,0,0.0003641547129192183,1.591560739037904,-0.9995981465574917,144.7437286376953,147.52850250839413,2.784773870698814,0.0,0.0,10.0,5.0,10.0,5.0,11.180339887498949,0.0009087324142456055,0.0005456729718886777,-0.0003630594423569278
259,False,259.0,257.5,3721,3721,1.0,0.0,0,-0.43003588914871216,-0.4295390248298645,-0.42912715673446655,0.0009087324142456055,0.00022880353208165616,-1.3827901815227532,-1.3825332514849948,-1.3822445085508646,0.0005456729718886777,0.00013538536335294524,-0.9536630247882867,-0.9529942437628327,-0.9522091671270998,0.9522091671270998,0.9529942437628327,0.9536630247882867,0.9529943133375708,2.2186440727336834,0.2089975160030252,2.214255114874408,2.21864531727537,2.2223320286820956,3721,0,0.0003641547129192183,1.591560739037904,-0.9995981465574917,144.7437286376953,147.52850250839413,2.784773870698814,0.0,0.0,10.0,5.0,10.0,5.0,11.180339887498949,0.0009087324142456055,0.0005456729718886777,-0.0003630594423569278
260,False,260.0,257.5,3721,3721,1.0,0.0,0,-0.43003588914871216,-0.4295390248298645,-0.42912715673446655,0.0009087324142456055,0.00022880353208165616,-1.3827901815227532,-1.3825332514849948,-1.3822445085508646,0.0005456729718886777,0.00013538536335294524,-0.9536630247882867,-0.9529942437628327,-0.9522091671270998,0.9522091671270998,0.9529942437628327,0.9536630247882867,0.9529943133375708,2.2186440727336834,0.2089975160030252,2.214255114874408,2.21864531727537,2.2223320286820956,3721,0,0.0003641547129192183,1.591560739037904,-0.9995981465574917,144.7437286376953,147.52850250839413,2.784773870698814,0.0,0.0,10.0,5.0,10.0,5.0,11.180339887498949,0.0009087324142456055,0.0005456729718886777,-0.0003630594423569278
261,False,261.0,257.5,3721,3721,1.0,0.0,0,-0.43003588914871216,-0.4295390248298645,-0.42912715673446655,0.0009087324142456055,0.00022880353208165616,-1.3827901815227532,-1.3825332514849948,-1.3822445085508646,0.0005456729718886777,0.00013538536335294524,-0.9536630247882867,-0.9529942437628327,-0.9522091671270998,0.9522091671270998,0.9529942437628327,0.9536630247882867,0.9529943133375708,2.2186440727336834,0.2089975160030252,2.214255114874408,2.21864531727537,2.2223320286820956,3721,0,0.0003641547129192183,1.591560739037904,-0.9995981465574917,144.7437286376953,147.52850250839413,2.784773870698814,0.0,0.0,10.0,5.0,10.0,5.0,11.180339887498949,0.0009087324142456055,0.0005456729718886777,-0.0003630594423569278
262,False,262.0,257.5,3721,3721,1.0,0.0,0,-0.43003588914871216,-0.4295390248298645,-0.42912715673446655,0.0009087324142456055,0.00022880353208165616,-1.3827901815227532,-1.3825332514849948,-1.3822445085508646,0.0005456729718886777,0.00013538536335294524,-0.9536630247882867,-0.9529942437628327,-0.9522091671270998,0.9522091671270998,0.9529942437628327,0.9536630247882867,0.9529943133375708,2.2186440727336834,0.2089975160030252,2.214255114874408,2.21864531727537,2.2223320286820956,3721,0,0.0003641547129192183,1.591560739037904,-0.9995981465574917,144.7437286376953,147.52850250839413,2.784773870698814,0.0,0.0,10.0,5.0,10.0,5.0,11.180339887498949,0.0009087324142456055,0.0005456729718886777,-0.0003630594423569278
263,False,263.0,257.5,3721,3721,1.0,0.0,0,-0.43003588914871216,-0.4295390248298645,-0.42912715673446655,0.0009087324142456055,0.00022880353208165616,-1.3827901815227532,-1.3825332514849948,-1.3822445085508646,0.0005456729718886777,0.00013538536335294524,-0.9536630247882867,-0.9529942437628327,-0.9522091671270998,0.9522091671270998,0.9529942437628327,0.9536630247882867,0.9529943133375708,2.2186440727336834,0.2089975160030252,2.214255114874408,2.21864531727537,2.2223320286820956,3721,0,0.0003641547129192183,1.591560739037904,-0.9995981465574917,144.7437286376953,147.52850250839413,2.784773870698814,0.0,0.0,10.0,5.0,10.0,5.0,11.180339887498949,0.0009087324142456055,0.0005456729718886777,-0.0003630594423569278
264,False,264.0,257.5,3721,3721,1.0,0.0,0,-0.43003588914871216,-0.4295390248298645,-0.42912715673446655,0.0009087324142456055,0.00022880353208165616,-1.3827901815227532,-1.3825332514849948,-1.3822445085508646,0.0005456729718886777,0.00013538536335294524,-0.9536630247882867,-0.9529942437628327,-0.9522091671270998,0.9522091671270998,0.9529942437628327,0.9536630247882867,0.9529943133375708,2.2186440727336834,0.2089975160030252,2.214255114874408,2.21864531727537,2.2223320286820956,3721,0,0.0003641547129192183,1.591560739037904,-0.9995981465574917,144.7437286376953,147.52850250839413,2.784773870698814,0.0,0.0,10.0,5.0,10.0,5.0,11.180339887498949,0.0009087324142456055,0.0005456729718886777,-0.0003630594423569278
265,False,265.0,257.5,3721,3721,1.0,0.0,0,-0.43003588914871216,-0.4295390248298645,-0.42912715673446655,0.0009087324142456055,0.00022880353208165616,-1.3827901815227532,-1.3825332514849948,-1.3822445085508646,0.0005456729718886777,0.00013538536335294524,-0.9536630247882867,-0.9529942437628327,-0.9522091671270998,0.9522091671270998,0.9529942437628327,0.9536630247882867,0.9529943133375708,2.2186440727336834,0.2089975160030252,2.214255114874408,2.21864531727537,2.2223320286820956,3721,0,0.0003641547129192183,1.591560739037904,-0.9995981465574917,144.7437286376953,147.52850250839413,2.784773870698814,0.0,0.0,10.0,5.0,10.0,5.0,11.180339887498949,0.0009087324142456055,0.0005456729718886777,-0.0003630594423569278
266,False,266.0,257.5,3721,3721,1.0,0.0,0,-0.43003588914871216,-0.4295390248298645,-0.42912715673446655,0.0009087324142456055,0.00022880353208165616,-1.3827901815227532,-1.3825332514849948,-1.3822445085508646,0.0005456729718886777,0.00013538536335294524,-0.9536630247882867,-0.9529942437628327,-0.9522091671270998,0.9522091671270998,0.9529942437628327,0.9536630247882867,0.9529943133375708,2.2186440727336834,0.2089975160030252,2.214255114874408,2.21864531727537,2.2223320286820956,3721,0,0.0003641547129192183,1.591560739037904,-0.9995981465574917,144.7437286376953,147.52850250839413,2.784773870698814,0.0,0.0,10.0,5.0,10.0,5.0,11.180339887498949,0.0009087324142456055,0.0005456729718886777,-0.0003630594423569278
267,False,267.0,257.5,3721,3721,1.0,0.0,0,-0.43003588914871216,-0.4295390248298645,-0.42912715673446655,0.0009087324142456055,0.00022880353208165616,-1.3827901815227532,-1.3825332514849948,-1.3822445085508646,0.0005456729718886777,0.00013538536335294524,-0.9536630247882867,-0.9529942437628327,-0.9522091671270998,0.9522091671270998,0.9529942437628327,0.9536630247882867,0.9529943133375708,2.2186440727336834,0.2089975160030252,2.214255114874408,2.21864531727537,2.2223320286820956,3721,0,0.0003641547129192183,1.591560739037904,-0.9995981465574917,144.7437286376953,147.52850250839413,2.784773870698814,0.0,0.0,10.0,5.0,10.0,5.0,11.180339887498949,0.0009087324142456055,0.0005456729718886777,-0.0003630594423569278
268,False,268.0,277.45001220703125,3721,3721,1.0,0.0,0,-0.47398093342781067,-0.47365766763687134,-0.473382830619812,0.0005981028079986572,0.00015059633005876094,-1.416228166536336,-1.416059371706195,-1.4158667232631397,0.0003614432731964268,8.925964078258492e-05,-0.9428453359165241,-0.9424016864250031,-0.941885789835329,0.941885789835329,0.9424016864250031,0.9428453359165241,0.9424017169437434,1.9896259494538622,0.20667449444523725,1.9871807564571207,1.9896264479925259,1.991718488568825,3721,0,0.00023983708183051875,1.592582556265341,-0.9996629309220125,145.79525756835938,146.5885794917985,0.7933219234391231,0.0,0.0,0.0,0.0,0.0,0.0,0.0,0.0005981028079986572,0.0003614432731964268,-0.00023665953480223045
269,False,269.0,277.45001220703125,3721,3721,1.0,0.0,0,-0.47398093342781067,-0.47365766763687134,-0.473382830619812,0.0005981028079986572,0.00015059633005876094,-1.416228166536336,-1.416059371706195,-1.4158667232631397,0.0003614432731964268,8.925964078258492e-05,-0.9428453359165241,-0.9424016864250031,-0.941885789835329,0.941885789835329,0.9424016864250031,0.9428453359165241,0.9424017169437434,1.9896259494538622,0.20667449444523725,1.9871807564571207,1.9896264479925259,1.991718488568825,3721,0,0.00023983708183051875,1.592582556265341,-0.9996629309220125,145.79525756835938,146.5885794917985,0.7933219234391231,0.0,0.0,0.0,0.0,0.0,0.0,0.0,0.0005981028079986572,0.0003614432731964268,-0.00023665953480223045
270,False,270.0,277.45001220703125,3721,3721,1.0,0.0,0,-0.47398093342781067,-0.47365766763687134,-0.473382830619812,0.0005981028079986572,0.00015059633005876094,-1.416228166536336,-1.416059371706195,-1.4158667232631397,0.0003614432731964268,8.925964078258492e-05,-0.9428453359165241,-0.9424016864250031,-0.941885789835329,0.941885789835329,0.9424016864250031,0.9428453359165241,0.9424017169437434,1.9896259494538622,0.20667449444523725,1.9871807564571207,1.9896264479925259,1.991718488568825,3721,0,0.00023983708183051875,1.592582556265341,-0.9996629309220125,145.79525756835938,146.5885794917985,0.7933219234391231,0.0,0.0,0.0,0.0,0.0,0.0,0.0,0.0005981028079986572,0.0003614432731964268,-0.00023665953480223045
271,False,271.0,277.45001220703125,3721,3721,1.0,0.0,0,-0.47398093342781067,-0.47365766763687134,-0.473382830619812,0.0005981028079986572,0.00015059633005876094,-1.416228166536336,-1.416059371706195,-1.4158667232631397,0.0003614432731964268,8.925964078258492e-05,-0.9428453359165241,-0.9424016864250031,-0.941885789835329,0.941885789835329,0.9424016864250031,0.9428453359165241,0.9424017169437434,1.9896259494538622,0.20667449444523725,1.9871807564571207,1.9896264479925259,1.991718488568825,3721,0,0.00023983708183051875,1.592582556265341,-0.9996629309220125,145.79525756835938,146.5885794917985,0.7933219234391231,0.0,0.0,0.0,0.0,0.0,0.0,0.0,0.0005981028079986572,0.0003614432731964268,-0.00023665953480223045
272,False,272.0,277.45001220703125,3721,3721,1.0,0.0,0,-0.47398093342781067,-0.47365766763687134,-0.473382830619812,0.0005981028079986572,0.00015059633005876094,-1.416228166536336,-1.416059371706195,-1.4158667232631397,0.0003614432731964268,8.925964078258492e-05,-0.9428453359165241,-0.9424016864250031,-0.941885789835329,0.941885789835329,0.9424016864250031,0.9428453359165241,0.9424017169437434,1.9896259494538622,0.20667449444523725,1.9871807564571207,1.9896264479925259,1.991718488568825,3721,0,0.00023983708183051875,1.592582556265341,-0.9996629309220125,145.79525756835938,146.5885794917985,0.7933219234391231,0.0,0.0,0.0,0.0,0.0,0.0,0.0,0.0005981028079986572,0.0003614432731964268,-0.00023665953480223045
273,False,273.0,277.45001220703125,3721,3721,1.0,0.0,0,-0.47398093342781067,-0.47365766763687134,-0.473382830619812,0.0005981028079986572,0.00015059633005876094,-1.416228166536336,-1.416059371706195,-1.4158667232631397,0.0003614432731964268,8.925964078258492e-05,-0.9428453359165241,-0.9424016864250031,-0.941885789835329,0.941885789835329,0.9424016864250031,0.9428453359165241,0.9424017169437434,1.9896259494538622,0.20667449444523725,1.9871807564571207,1.9896264479925259,1.991718488568825,3721,0,0.00023983708183051875,1.592582556265341,-0.9996629309220125,145.79525756835938,146.5885794917985,0.7933219234391231,0.0,0.0,0.0,0.0,0.0,0.0,0.0,0.0005981028079986572,0.0003614432731964268,-0.00023665953480223045
274,False,274.0,277.45001220703125,3721,3721,1.0,0.0,0,-0.47398093342781067,-0.47365766763687134,-0.473382830619812,0.0005981028079986572,0.00015059633005876094,-1.416228166536336,-1.416059371706195,-1.4158667232631397,0.0003614432731964268,8.925964078258492e-05,-0.9428453359165241,-0.9424016864250031,-0.941885789835329,0.941885789835329,0.9424016864250031,0.9428453359165241,0.9424017169437434,1.9896259494538622,0.20667449444523725,1.9871807564571207,1.9896264479925259,1.991718488568825,3721,0,0.00023983708183051875,1.592582556265341,-0.9996629309220125,145.79525756835938,146.5885794917985,0.7933219234391231,0.0,0.0,0.0,0.0,0.0,0.0,0.0,0.0005981028079986572,0.0003614432731964268,-0.00023665953480223045
275,False,275.0,277.45001220703125,3721,3721,1.0,0.0,0,-0.47398093342781067,-0.47365766763687134,-0.473382830619812,0.0005981028079986572,0.00015059633005876094,-1.416228166536336,-1.416059371706195,-1.4158667232631397,0.0003614432731964268,8.925964078258492e-05,-0.9428453359165241,-0.9424016864250031,-0.941885789835329,0.941885789835329,0.9424016864250031,0.9428453359165241,0.9424017169437434,1.9896259494538622,0.20667449444523725,1.9871807564571207,1.9896264479925259,1.991718488568825,3721,0,0.00023983708183051875,1.592582556265341,-0.9996629309220125,145.79525756835938,146.5885794917985,0.7933219234391231,0.0,0.0,0.0,0.0,0.0,0.0,0.0,0.0005981028079986572,0.0003614432731964268,-0.00023665953480223045
276,False,276.0,277.45001220703125,3721,3721,1.0,0.0,0,-0.47398093342781067,-0.47365766763687134,-0.473382830619812,0.0005981028079986572,0.00015059633005876094,-1.416228166536336,-1.416059371706195,-1.4158667232631397,0.0003614432731964268,8.925964078258492e-05,-0.9428453359165241,-0.9424016864250031,-0.941885789835329,0.941885789835329,0.9424016864250031,0.9428453359165241,0.9424017169437434,1.9896259494538622,0.20667449444523725,1.9871807564571207,1.9896264479925259,1.991718488568825,3721,0,0.00023983708183051875,1.592582556265341,-0.9996629309220125,145.79525756835938,146.5885794917985,0.7933219234391231,0.0,0.0,0.0,0.0,0.0,0.0,0.0,0.0005981028079986572,0.0003614432731964268,-0.00023665953480223045
277,False,277.0,277.45001220703125,3721,3721,1.0,0.0,0,-0.47398093342781067,-0.47365766763687134,-0.473382830619812,0.0005981028079986572,0.00015059633005876094,-1.416228166536336,-1.416059371706195,-1.4158667232631397,0.0003614432731964268,8.925964078258492e-05,-0.9428453359165241,-0.9424016864250031,-0.941885789835329,0.941885789835329,0.9424016864250031,0.9428453359165241,0.9424017169437434,1.9896259494538622,0.20667449444523725,1.9871807564571207,1.9896264479925259,1.991718488568825,3721,0,0.00023983708183051875,1.592582556265341,-0.9996629309220125,145.79525756835938,146.5885794917985,0.7933219234391231,0.0,0.0,0.0,0.0,0.0,0.0,0.0,0.0005981028079986572,0.0003614432731964268,-0.00023665953480223045
278,False,278.0,277.45001220703125,3721,3721,1.0,0.0,0,-0.47398093342781067,-0.47365766763687134,-0.473382830619812,0.0005981028079986572,0.00015059633005876094,-1.416228166536336,-1.416059371706195,-1.4158667232631397,0.0003614432731964268,8.925964078258492e-05,-0.9428453359165241,-0.9424016864250031,-0.941885789835329,0.941885789835329,0.9424016864250031,0.9428453359165241,0.9424017169437434,1.9896259494538622,0.20667449444523725,1.9871807564571207,1.9896264479925259,1.991718488568825,3721,0,0.00023983708183051875,1.592582556265341,-0.9996629309220125,145.79525756835938,146.5885794917985,0.7933219234391231,0.0,0.0,0.0,0.0,0.0,0.0,0.0,0.0005981028079986572,0.0003614432731964268,-0.00023665953480223045
279,False,279.0,277.45001220703125,3721,3721,1.0,0.0,0,-0.47398093342781067,-0.47365766763687134,-0.473382830619812,0.0005981028079986572,0.00015059633005876094,-1.416228166536336,-1.416059371706195,-1.4158667232631397,0.0003614432731964268,8.925964078258492e-05,-0.9428453359165241,-0.9424016864250031,-0.941885789835329,0.941885789835329,0.9424016864250031,0.9428453359165241,0.9424017169437434,1.9896259494538622,0.20667449444523725,1.9871807564571207,1.9896264479925259,1.991718488568825,3721,0,0.00023983708183051875,1.592582556265341,-0.9996629309220125,145.79525756835938,146.5885794917985,0.7933219234391231,0.0,0.0,0.0,0.0,0.0,0.0,0.0,0.0005981028079986572,0.0003614432731964268,-0.00023665953480223045
280,False,280.0,277.45001220703125,3721,3721,1.0,0.0,0,-0.47398093342781067,-0.47365766763687134,-0.473382830619812,0.0005981028079986572,0.00015059633005876094,-1.416228166536336,-1.416059371706195,-1.4158667232631397,0.0003614432731964268,8.925964078258492e-05,-0.9428453359165241,-0.9424016864250031,-0.941885789835329,0.941885789835329,0.9424016864250031,0.9428453359165241,0.9424017169437434,1.9896259494538622,0.20667449444523725,1.9871807564571207,1.9896264479925259,1.991718488568825,3721,0,0.00023983708183051875,1.592582556265341,-0.9996629309220125,145.79525756835938,146.5885794917985,0.7933219234391231,0.0,0.0,0.0,0.0,0.0,0.0,0.0,0.0005981028079986572,0.0003614432731964268,-0.00023665953480223045
281,False,281.0,277.45001220703125,3721,3721,1.0,0.0,0,-0.47398093342781067,-0.47365766763687134,-0.473382830619812,0.0005981028079986572,0.00015059633005876094,-1.416228166536336,-1.416059371706195,-1.4158667232631397,0.0003614432731964268,8.925964078258492e-05,-0.9428453359165241,-0.9424016864250031,-0.941885789835329,0.941885789835329,0.9424016864250031,0.9428453359165241,0.9424017169437434,1.9896259494538622,0.20667449444523725,1.9871807564571207,1.9896264479925259,1.991718488568825,3721,0,0.00023983708183051875,1.592582556265341,-0.9996629309220125,145.79525756835938,146.5885794917985,0.7933219234391231,0.0,0.0,0.0,0.0,0.0,0.0,0.0,0.0005981028079986572,0.0003614432731964268,-0.00023665953480223045
282,False,282.0,277.45001220703125,3721,3721,1.0,0.0,0,-0.47398093342781067,-0.47365766763687134,-0.473382830619812,0.0005981028079986572,0.00015059633005876094,-1.416228166536336,-1.416059371706195,-1.4158667232631397,0.0003614432731964268,8.925964078258492e-05,-0.9428453359165241,-0.9424016864250031,-0.941885789835329,0.941885789835329,0.9424016864250031,0.9428453359165241,0.9424017169437434,1.9896259494538622,0.20667449444523725,1.9871807564571207,1.9896264479925259,1.991718488568825,3721,0,0.00023983708183051875,1.592582556265341,-0.9996629309220125,145.79525756835938,146.5885794917985,0.7933219234391231,0.0,0.0,0.0,0.0,0.0,0.0,0.0,0.0005981028079986572,0.0003614432731964268,-0.00023665953480223045
283,False,283.0,277.45001220703125,3721,3721,1.0,0.0,0,-0.47398093342781067,-0.47365766763687134,-0.473382830619812,0.0005981028079986572,0.00015059633005876094,-1.416228166536336,-1.416059371706195,-1.4158667232631397,0.0003614432731964268,8.925964078258492e-05,-0.9428453359165241,-0.9424016864250031,-0.941885789835329,0.941885789835329,0.9424016864250031,0.9428453359165241,0.9424017169437434,1.9896259494538622,0.20667449444523725,1.9871807564571207,1.9896264479925259,1.991718488568825,3721,0,0.00023983708183051875,1.592582556265341,-0.9996629309220125,145.79525756835938,146.5885794917985,0.7933219234391231,0.0,0.0,0.0,0.0,0.0,0.0,0.0,0.0005981028079986572,0.0003614432731964268,-0.00023665953480223045
284,False,284.0,277.45001220703125,3721,3721,1.0,0.0,0,-0.47398093342781067,-0.47365766763687134,-0.473382830619812,0.0005981028079986572,0.00015059633005876094,-1.416228166536336,-1.416059371706195,-1.4158667232631397,0.0003614432731964268,8.925964078258492e-05,-0.9428453359165241,-0.9424016864250031,-0.941885789835329,0.941885789835329,0.9424016864250031,0.9428453359165241,0.9424017169437434,1.9896259494538622,0.20667449444523725,1.9871807564571207,1.9896264479925259,1.991718488568825,3721,0,0.00023983708183051875,1.592582556265341,-0.9996629309220125,145.79525756835938,146.5885794917985,0.7933219234391231,0.0,0.0,0.0,0.0,0.0,0.0,0.0,0.0005981028079986572,0.0003614432731964268,-0.00023665953480223045
285,False,285.0,277.45001220703125,3721,3721,1.0,0.0,0,-0.47398093342781067,-0.47365766763687134,-0.473382830619812,0.0005981028079986572,0.00015059633005876094,-1.416228166536336,-1.416059371706195,-1.4158667232631397,0.0003614432731964268,8.925964078258492e-05,-0.9428453359165241,-0.9424016864250031,-0.941885789835329,0.941885789835329,0.9424016864250031,0.9428453359165241,0.9424017169437434,1.9896259494538622,0.20667449444523725,1.9871807564571207,1.9896264479925259,1.991718488568825,3721,0,0.00023983708183051875,1.592582556265341,-0.9996629309220125,145.79525756835938,146.5885794917985,0.7933219234391231,0.0,0.0,0.0,0.0,0.0,0.0,0.0,0.0005981028079986572,0.0003614432731964268,-0.00023665953480223045
286,False,286.0,277.45001220703125,3721,3721,1.0,0.0,0,-0.47398093342781067,-0.47365766763687134,-0.473382830619812,0.0005981028079986572,0.00015059633005876094,-1.416228166536336,-1.416059371706195,-1.4158667232631397,0.0003614432731964268,8.925964078258492e-05,-0.9428453359165241,-0.9424016864250031,-0.941885789835329,0.941885789835329,0.9424016864250031,0.9428453359165241,0.9424017169437434,1.9896259494538622,0.20667449444523725,1.9871807564571207,1.9896264479925259,1.991718488568825,3721,0,0.00023983708183051875,1.592582556265341,-0.9996629309220125,145.79525756835938,146.5885794917985,0.7933219234391231,0.0,0.0,0.0,0.0,0.0,0.0,0.0,0.0005981028079986572,0.0003614432731964268,-0.00023665953480223045
287,False,287.0,277.45001220703125,3721,3721,1.0,0.0,0,-0.47398093342781067,-0.47365766763687134,-0.473382830619812,0.0005981028079986572,0.00015059633005876094,-1.416228166536336,-1.416059371706195,-1.4158667232631397,0.0003614432731964268,8.925964078258492e-05,-0.9428453359165241,-0.9424016864250031,-0.941885789835329,0.941885789835329,0.9424016864250031,0.9428453359165241,0.9424017169437434,1.9896259494538622,0.20667449444523725,1.9871807564571207,1.9896264479925259,1.991718488568825,3721,0,0.00023983708183051875,1.592582556265341,-0.9996629309220125,145.79525756835938,146.5885794917985,0.7933219234391231,0.0,0.0,0.0,0.0,0.0,0.0,0.0,0.0005981028079986572,0.0003614432731964268,-0.00023665953480223045
288,False,288.0,297.3999938964844,3721,3721,1.0,0.0,0,-0.5179862380027771,-0.5177754759788513,-0.5175924897193909,0.00039374828338623047,9.913830581353977e-05,-1.449698896277771,-1.4495858425755501,-1.4494593025029858,0.00023959377478521837,5.871745818973138e-05,-0.9321064065583802,-0.9318103377634926,-0.9314730645002087,0.9314730645002087,0.9318103377634926,0.9321064065583802,0.9318103511326887,1.799641681582014,0.20435174276182222,1.7982583245681032,1.7996417240357703,1.8008499448353956,3721,0,0.00015784521336990168,1.59217182564034,-0.9997139971996871,146.70156860351562,145.89837611097187,-0.8031924925437579,0.0,0.0,0.0,0.0,0.0,0.0,0.0,0.00039374828338623047,0.00023959377478521837,-0.0001541545086010121
289,False,289.0,297.3999938964844,3721,3721,1.0,0.0,0,-0.5179862380027771,-0.5177754759788513,-0.5175924897193909,0.00039374828338623047,9.913830581353977e-05,-1.449698896277771,-1.4495858425755501,-1.4494593025029858,0.00023959377478521837,5.871745818973138e-05,-0.9321064065583802,-0.9318103377634926,-0.9314730645002087,0.9314730645002087,0.9318103377634926,0.9321064065583802,0.9318103511326887,1.799641681582014,0.20435174276182222,1.7982583245681032,1.7996417240357703,1.8008499448353956,3721,0,0.00015784521336990168,1.59217182564034,-0.9997139971996871,146.70156860351562,145.89837611097187,-0.8031924925437579,0.0,0.0,0.0,0.0,0.0,0.0,0.0,0.00039374828338623047,0.00023959377478521837,-0.0001541545086010121
290,False,290.0,297.3999938964844,3721,3721,1.0,0.0,0,-0.5179862380027771,-0.5177754759788513,-0.5175924897193909,0.00039374828338623047,9.913830581353977e-05,-1.449698896277771,-1.4495858425755501,-1.4494593025029858,0.00023959377478521837,5.871745818973138e-05,-0.9321064065583802,-0.9318103377634926,-0.9314730645002087,0.9314730645002087,0.9318103377634926,0.9321064065583802,0.9318103511326887,1.799641681582014,0.20435174276182222,1.7982583245681032,1.7996417240357703,1.8008499448353956,3721,0,0.00015784521336990168,1.59217182564034,-0.9997139971996871,146.70156860351562,145.89837611097187,-0.8031924925437579,0.0,0.0,0.0,0.0,0.0,0.0,0.0,0.00039374828338623047,0.00023959377478521837,-0.0001541545086010121
291,False,291.0,297.3999938964844,3721,3721,1.0,0.0,0,-0.5179862380027771,-0.5177754759788513,-0.5175924897193909,0.00039374828338623047,9.913830581353977e-05,-1.449698896277771,-1.4495858425755501,-1.4494593025029858,0.00023959377478521837,5.871745818973138e-05,-0.9321064065583802,-0.9318103377634926,-0.9314730645002087,0.9314730645002087,0.9318103377634926,0.9321064065583802,0.9318103511326887,1.799641681582014,0.20435174276182222,1.7982583245681032,1.7996417240357703,1.8008499448353956,3721,0,0.00015784521336990168,1.59217182564034,-0.9997139971996871,146.70156860351562,145.89837611097187,-0.8031924925437579,0.0,0.0,0.0,0.0,0.0,0.0,0.0,0.00039374828338623047,0.00023959377478521837,-0.0001541545086010121
292,False,292.0,297.3999938964844,3721,3721,1.0,0.0,0,-0.5179862380027771,-0.5177754759788513,-0.5175924897193909,0.00039374828338623047,9.913830581353977e-05,-1.449698896277771,-1.4495858425755501,-1.4494593025029858,0.00023959377478521837,5.871745818973138e-05,-0.9321064065583802,-0.9318103377634926,-0.9314730645002087,0.9314730645002087,0.9318103377634926,0.9321064065583802,0.9318103511326887,1.799641681582014,0.20435174276182222,1.7982583245681032,1.7996417240357703,1.8008499448353956,3721,0,0.00015784521336990168,1.59217182564034,-0.9997139971996871,146.70156860351562,145.89837611097187,-0.8031924925437579,0.0,0.0,0.0,0.0,0.0,0.0,0.0,0.00039374828338623047,0.00023959377478521837,-0.0001541545086010121
293,False,293.0,297.3999938964844,3721,3721,1.0,0.0,0,-0.5179862380027771,-0.5177754759788513,-0.5175924897193909,0.00039374828338623047,9.913830581353977e-05,-1.449698896277771,-1.4495858425755501,-1.4494593025029858,0.00023959377478521837,5.871745818973138e-05,-0.9321064065583802,-0.9318103377634926,-0.9314730645002087,0.9314730645002087,0.9318103377634926,0.9321064065583802,0.9318103511326887,1.799641681582014,0.20435174276182222,1.7982583245681032,1.7996417240357703,1.8008499448353956,3721,0,0.00015784521336990168,1.59217182564034,-0.9997139971996871,146.70156860351562,145.89837611097187,-0.8031924925437579,0.0,0.0,0.0,0.0,0.0,0.0,0.0,0.00039374828338623047,0.00023959377478521837,-0.0001541545086010121
294,False,294.0,297.3999938964844,3721,3721,1.0,0.0,0,-0.5179862380027771,-0.5177754759788513,-0.5175924897193909,0.00039374828338623047,9.913830581353977e-05,-1.449698896277771,-1.4495858425755501,-1.4494593025029858,0.00023959377478521837,5.871745818973138e-05,-0.9321064065583802,-0.9318103377634926,-0.9314730645002087,0.9314730645002087,0.9318103377634926,0.9321064065583802,0.9318103511326887,1.799641681582014,0.20435174276182222,1.7982583245681032,1.7996417240357703,1.8008499448353956,3721,0,0.00015784521336990168,1.59217182564034,-0.9997139971996871,146.70156860351562,145.89837611097187,-0.8031924925437579,0.0,0.0,0.0,0.0,0.0,0.0,0.0,0.00039374828338623047,0.00023959377478521837,-0.0001541545086010121
295,False,295.0,297.3999938964844,3721,3721,1.0,0.0,0,-0.5179862380027771,-0.5177754759788513,-0.5175924897193909,0.00039374828338623047,9.913830581353977e-05,-1.449698896277771,-1.4495858425755501,-1.4494593025029858,0.00023959377478521837,5.871745818973138e-05,-0.9321064065583802,-0.9318103377634926,-0.9314730645002087,0.9314730645002087,0.9318103377634926,0.9321064065583802,0.9318103511326887,1.799641681582014,0.20435174276182222,1.7982583245681032,1.7996417240357703,1.8008499448353956,3721,0,0.00015784521336990168,1.59217182564034,-0.9997139971996871,146.70156860351562,145.89837611097187,-0.8031924925437579,0.0,0.0,0.0,0.0,0.0,0.0,0.0,0.00039374828338623047,0.00023959377478521837,-0.0001541545086010121
296,False,296.0,297.3999938964844,3721,3721,1.0,0.0,0,-0.5179862380027771,-0.5177754759788513,-0.5175924897193909,0.00039374828338623047,9.913830581353977e-05,-1.449698896277771,-1.4495858425755501,-1.4494593025029858,0.00023959377478521837,5.871745818973138e-05,-0.9321064065583802,-0.9318103377634926,-0.9314730645002087,0.9314730645002087,0.9318103377634926,0.9321064065583802,0.9318103511326887,1.799641681582014,0.20435174276182222,1.7982583245681032,1.7996417240357703,1.8008499448353956,3721,0,0.00015784521336990168,1.59217182564034,-0.9997139971996871,146.70156860351562,145.89837611097187,-0.8031924925437579,0.0,0.0,0.0,0.0,0.0,0.0,0.0,0.00039374828338623047,0.00023959377478521837,-0.0001541545086010121
297,False,297.0,297.3999938964844,3721,3721,1.0,0.0,0,-0.5179862380027771,-0.5177754759788513,-0.5175924897193909,0.00039374828338623047,9.913830581353977e-05,-1.449698896277771,-1.4495858425755501,-1.4494593025029858,0.00023959377478521837,5.871745818973138e-05,-0.9321064065583802,-0.9318103377634926,-0.9314730645002087,0.9314730645002087,0.9318103377634926,0.9321064065583802,0.9318103511326887,1.799641681582014,0.20435174276182222,1.7982583245681032,1.7996417240357703,1.8008499448353956,3721,0,0.00015784521336990168,1.59217182564034,-0.9997139971996871,146.70156860351562,145.89837611097187,-0.8031924925437579,0.0,0.0,0.0,0.0,0.0,0.0,0.0,0.00039374828338623047,0.00023959377478521837,-0.0001541545086010121
298,False,298.0,297.3999938964844,3721,3721,1.0,0.0,0,-0.5179862380027771,-0.5177754759788513,-0.5175924897193909,0.00039374828338623047,9.913830581353977e-05,-1.449698896277771,-1.4495858425755501,-1.4494593025029858,0.00023959377478521837,5.871745818973138e-05,-0.9321064065583802,-0.9318103377634926,-0.9314730645002087,0.9314730645002087,0.9318103377634926,0.9321064065583802,0.9318103511326887,1.799641681582014,0.20435174276182222,1.7982583245681032,1.7996417240357703,1.8008499448353956,3721,0,0.00015784521336990168,1.59217182564034,-0.9997139971996871,146.70156860351562,145.89837611097187,-0.8031924925437579,0.0,0.0,0.0,0.0,0.0,0.0,0.0,0.00039374828338623047,0.00023959377478521837,-0.0001541545086010121
299,False,299.0,297.3999938964844,3721,3721,1.0,0.0,0,-0.5179862380027771,-0.5177754759788513,-0.5175924897193909,0.00039374828338623047,9.913830581353977e-05,-1.449698896277771,-1.4495858425755501,-1.4494593025029858,0.00023959377478521837,5.871745818973138e-05,-0.9321064065583802,-0.9318103377634926,-0.9314730645002087,0.9314730645002087,0.9318103377634926,0.9321064065583802,0.9318103511326887,1.799641681582014,0.20435174276182222,1.7982583245681032,1.7996417240357703,1.8008499448353956,3721,0,0.00015784521336990168,1.59217182564034,-0.9997139971996871,146.70156860351562,145.89837611097187,-0.8031924925437579,0.0,0.0,0.0,0.0,0.0,0.0,0.0,0.00039374828338623047,0.00023959377478521837,-0.0001541545086010121
300,False,300.0,297.3999938964844,3721,3721,1.0,0.0,0,-0.5179862380027771,-0.5177754759788513,-0.5175924897193909,0.00039374828338623047,9.913830581353977e-05,-1.449698896277771,-1.4495858425755501,-1.4494593025029858,0.00023959377478521837,5.871745818973138e-05,-0.9321064065583802,-0.9318103377634926,-0.9314730645002087,0.9314730645002087,0.9318103377634926,0.9321064065583802,0.9318103511326887,1.799641681582014,0.20435174276182222,1.7982583245681032,1.7996417240357703,1.8008499448353956,3721,0,0.00015784521336990168,1.59217182564034,-0.9997139971996871,146.70156860351562,145.89837611097187,-0.8031924925437579,0.0,0.0,0.0,0.0,0.0,0.0,0.0,0.00039374828338623047,0.00023959377478521837,-0.0001541545086010121
301,False,305.0,297.3999938964844,3721,3721,1.0,0.0,0,-0.5179862380027771,-0.5177754759788513,-0.5175924897193909,0.00039374828338623047,9.913830581353977e-05,-1.449698896277771,-1.4495858425755501,-1.4494593025029858,0.00023959377478521837,5.871745818973138e-05,-0.9321064065583802,-0.9318103377634926,-0.9314730645002087,0.9314730645002087,0.9318103377634926,0.9321064065583802,0.9318103511326887,1.799641681582014,0.20435174276182222,1.7982583245681032,1.7996417240357703,1.8008499448353956,3721,0,0.00015784521336990168,1.59217182564034,-0.9997139971996871,146.70156860351562,145.89837611097187,-0.8031924925437579,0.0,0.0,0.0,0.0,0.0,0.0,0.0,0.00039374828338623047,0.00023959377478521837,-0.0001541545086010121
302,False,310.0,317.3500061035156,3721,3721,1.0,0.0,0,-0.5620303750038147,-0.5618926882743835,-0.5617711544036865,0.00025922060012817383,6.527159712277353e-05,-1.4831880003514097,-1.4831127066467678,-1.4830310194942609,0.00015698085714888066,3.875718493878399e-05,-0.9214168459477232,-0.9212199535617439,-0.9210006444904462,0.9210006444904462,0.9212199535617439,0.9214168459477232,0.9212199594347512,1.6394942238644563,0.2020292047074068,1.6387026136873741,1.6394943216789921,1.6401996413037554,3721,0,0.00010402243696705343,1.5936860869364702,-0.9997394158793017,147.4193572998047,146.17619579359047,-1.2431615062142214,0.0,0.0,0.0,0.0,0.0,0.0,0.0,0.00025922060012817383,0.00015698085714888066,-0.00010223974297929317
303,False,315.0,317.3500061035156,3721,3721,1.0,0.0,0,-0.5620303750038147,-0.5618926882743835,-0.5617711544036865,0.00025922060012817383,6.527159712277353e-05,-1.4831880003514097,-1.4831127066467678,-1.4830310194942609,0.00015698085714888066,3.875718493878399e-05,-0.9214168459477232,-0.9212199535617439,-0.9210006444904462,0.9210006444904462,0.9212199535617439,0.9214168459477232,0.9212199594347512,1.6394942238644563,0.2020292047074068,1.6387026136873741,1.6394943216789921,1.6401996413037554,3721,0,0.00010402243696705343,1.5936860869364702,-0.9997394158793017,147.4193572998047,146.17619579359047,-1.2431615062142214,0.0,0.0,0.0,0.0,0.0,0.0,0.0,0.00025922060012817383,0.00015698085714888066,-0.00010223974297929317
304,False,320.0,317.3500061035156,3721,3721,1.0,0.0,0,-0.5620303750038147,-0.5618926882743835,-0.5617711544036865,0.00025922060012817383,6.527159712277353e-05,-1.4831880003514097,-1.4831127066467678,-1.4830310194942609,0.00015698085714888066,3.875718493878399e-05,-0.9214168459477232,-0.9212199535617439,-0.9210006444904462,0.9210006444904462,0.9212199535617439,0.9214168459477232,0.9212199594347512,1.6394942238644563,0.2020292047074068,1.6387026136873741,1.6394943216789921,1.6401996413037554,3721,0,0.00010402243696705343,1.5936860869364702,-0.9997394158793017,147.4193572998047,146.17619579359047,-1.2431615062142214,0.0,0.0,0.0,0.0,0.0,0.0,0.0,0.00025922060012817383,0.00015698085714888066,-0.00010223974297929317
305,False,325.0,317.3500061035156,3721,3721,1.0,0.0,0,-0.5620303750038147,-0.5618926882743835,-0.5617711544036865,0.00025922060012817383,6.527159712277353e-05,-1.4831880003514097,-1.4831127066467678,-1.4830310194942609,0.00015698085714888066,3.875718493878399e-05,-0.9214168459477232,-0.9212199535617439,-0.9210006444904462,0.9210006444904462,0.9212199535617439,0.9214168459477232,0.9212199594347512,1.6394942238644563,0.2020292047074068,1.6387026136873741,1.6394943216789921,1.6401996413037554,3721,0,0.00010402243696705343,1.5936860869364702,-0.9997394158793017,147.4193572998047,146.17619579359047,-1.2431615062142214,0.0,0.0,0.0,0.0,0.0,0.0,0.0,0.00025922060012817383,0.00015698085714888066,-0.00010223974297929317
306,False,330.0,337.29998779296875,3721,3721,1.0,0.0,0,-0.6060996055603027,-0.6060096621513367,-0.6059289574623108,0.00017064809799194336,4.2976844270015135e-05,-1.5166887569694132,-1.5166396590646454,-1.5165860388129317,0.00010271815648144056,2.551980803849966e-05,-0.9107597995071024,-0.9106300302797357,-0.9104869036238172,0.9104869036238172,0.9106300302797357,0.9107597995071024,0.9106300328555919,1.5026659589655336,0.19970676865640097,1.5022067252166031,1.5026659585304039,1.503080168542287,3721,0,6.849310179070752e-05,1.593720999943245,-0.9997785622425451,148.0625,148.90680603627143,0.8443060362714334,0.0,0.0,-10.0,-5.0,-10.0,-5.0,11.180339887498949,0.00017064809799194336,0.00010271815648144056,-6.79299415105028e-05
307,False,335.0,337.29998779296875,3721,3721,1.0,0.0,0,-0.6060996055603027,-0.6060096621513367,-0.6059289574623108,0.00017064809799194336,4.2976844270015135e-05,-1.5166887569694132,-1.5166396590646454,-1.5165860388129317,0.00010271815648144056,2.551980803849966e-05,-0.9107597995071024,-0.9106300302797357,-0.9104869036238172,0.9104869036238172,0.9106300302797357,0.9107597995071024,0.9106300328555919,1.5026659589655336,0.19970676865640097,1.5022067252166031,1.5026659585304039,1.503080168542287,3721,0,6.849310179070752e-05,1.593720999943245,-0.9997785622425451,148.0625,148.90680603627143,0.8443060362714334,0.0,0.0,-10.0,-5.0,-10.0,-5.0,11.180339887498949,0.00017064809799194336,0.00010271815648144056,-6.79299415105028e-05
308,False,340.0,337.29998779296875,3721,3721,1.0,0.0,0,-0.6060996055603027,-0.6060096621513367,-0.6059289574623108,0.00017064809799194336,4.2976844270015135e-05,-1.5166887569694132,-1.5166396590646454,-1.5165860388129317,0.00010271815648144056,2.551980803849966e-05,-0.9107597995071024,-0.9106300302797357,-0.9104869036238172,0.9104869036238172,0.9106300302797357,0.9107597995071024,0.9106300328555919,1.5026659589655336,0.19970676865640097,1.5022067252166031,1.5026659585304039,1.503080168542287,3721,0,6.849310179070752e-05,1.593720999943245,-0.9997785622425451,148.0625,148.90680603627143,0.8443060362714334,0.0,0.0,-10.0,-5.0,-10.0,-5.0,11.180339887498949,0.00017064809799194336,0.00010271815648144056,-6.79299415105028e-05
309,False,345.0,337.29998779296875,3721,3721,1.0,0.0,0,-0.6060996055603027,-0.6060096621513367,-0.6059289574623108,0.00017064809799194336,4.2976844270015135e-05,-1.5166887569694132,-1.5166396590646454,-1.5165860388129317,0.00010271815648144056,2.551980803849966e-05,-0.9107597995071024,-0.9106300302797357,-0.9104869036238172,0.9104869036238172,0.9106300302797357,0.9107597995071024,0.9106300328555919,1.5026659589655336,0.19970676865640097,1.5022067252166031,1.5026659585304039,1.503080168542287,3721,0,6.849310179070752e-05,1.593720999943245,-0.9997785622425451,148.0625,148.90680603627143,0.8443060362714334,0.0,0.0,-10.0,-5.0,-10.0,-5.0,11.180339887498949,0.00017064809799194336,0.00010271815648144056,-6.79299415105028e-05
310,False,350.0,357.25,3721,3721,1.0,0.0,0,-0.6501851677894592,-0.6501262784004211,-0.6500727534294128,0.00011241436004638672,2.8299375117057934e-05,-1.5501997248686175,-1.5501668743384998,-1.5501318157426967,6.790912592080645e-05,1.6819109471604134e-05,-0.9001269714392046,-0.9000406179153893,-0.8999466479532374,0.8999466479532374,0.9000406179153893,0.9001269714392046,0.9000406190461437,1.3844090387591463,0.1973844450589475,1.3841389999912381,1.384408970861159,1.3846557430543711,3721,0,4.511596617492656e-05,1.594238916670115,-0.9997615957922511,148.49057006835938,148.83121675792628,0.3406466895669098,0.0,0.0,0.0,0.0,0.0,0.0,0.0,0.00011241436004638672,6.790912592080645e-05,-4.450523412558027e-05
311,False,355.0,357.25,3721,3721,1.0,0.0,0,-0.6501851677894592,-0.6501262784004211,-0.6500727534294128,0.00011241436004638672,2.8299375117057934e-05,-1.5501997248686175,-1.5501668743384998,-1.5501318157426967,6.790912592080645e-05,1.6819109471604134e-05,-0.9001269714392046,-0.9000406179153893,-0.8999466479532374,0.8999466479532374,0.9000406179153893,0.9001269714392046,0.9000406190461437,1.3844090387591463,0.1973844450589475,1.3841389999912381,1.384408970861159,1.3846557430543711,3721,0,4.511596617492656e-05,1.594238916670115,-0.9997615957922511,148.49057006835938,148.83121675792628,0.3406466895669098,0.0,0.0,0.0,0.0,0.0,0.0,0.0,0.00011241436004638672,6.790912592080645e-05,-4.450523412558027e-05
312,False,360.0,357.25,3721,3721,1.0,0.0,0,-0.6501851677894592,-0.6501262784004211,-0.6500727534294128,0.00011241436004638672,2.8299375117057934e-05,-1.5501997248686175,-1.5501668743384998,-1.5501318157426967,6.790912592080645e-05,1.6819109471604134e-05,-0.9001269714392046,-0.9000406179153893,-0.8999466479532374,0.8999466479532374,0.9000406179153893,0.9001269714392046,0.9000406190461437,1.3844090387591463,0.1973844450589475,1.3841389999912381,1.384408970861159,1.3846557430543711,3721,0,4.511596617492656e-05,1.594238916670115,-0.9997615957922511,148.49057006835938,148.83121675792628,0.3406466895669098,0.0,0.0,0.0,0.0,0.0,0.0,0.0,0.00011241436004638672,6.790912592080645e-05,-4.450523412558027e-05
313,False,365.0,357.25,3721,3721,1.0,0.0,0,-0.6501851677894592,-0.6501262784004211,-0.6500727534294128,0.00011241436004638672,2.8299375117057934e-05,-1.5501997248686175,-1.5501668743384998,-1.5501318157426967,6.790912592080645e-05,1.6819109471604134e-05,-0.9001269714392046,-0.9000406179153893,-0.8999466479532374,0.8999466479532374,0.9000406179153893,0.9001269714392046,0.9000406190461437,1.3844090387591463,0.1973844450589475,1.3841389999912381,1.384408970861159,1.3846557430543711,3721,0,4.511596617492656e-05,1.594238916670115,-0.9997615957922511,148.49057006835938,148.83121675792628,0.3406466895669098,0.0,0.0,0.0,0.0,0.0,0.0,0.0,0.00011241436004638672,6.790912592080645e-05,-4.450523412558027e-05
314,False,370.0,377.20001220703125,3721,3721,1.0,0.0,0,-0.6942813396453857,-0.6942427754402161,-0.6942073106765747,7.402896881103516e-05,1.863522265921347e-05,-1.5837159539255197,-1.5836941817443075,-1.5836706628977737,4.529102774597504e-05,1.1077295853957936e-05,-0.889508643248945,-0.8894514600139473,-0.889389323252388,0.889389323252388,0.8894514600139473,0.889508643248945,0.8894514605101729,1.2811823088084795,0.19506217744453813,1.2810215001697387,1.2811822632225613,1.2813299853930227,3721,0,2.9710938140082076e-05,1.5943430668003113,-0.999776769711985,148.9705810546875,147.35970029422973,-1.6108807604577748,0.0,0.0,0.0,0.0,0.0,0.0,0.0,7.402896881103516e-05,4.529102774597504e-05,-2.8737941065060113e-05
315,False,375.0,377.20001220703125,3721,3721,1.0,0.0,0,-0.6942813396453857,-0.6942427754402161,-0.6942073106765747,7.402896881103516e-05,1.863522265921347e-05,-1.5837159539255197,-1.5836941817443075,-1.5836706628977737,4.529102774597504e-05,1.1077295853957936e-05,-0.889508643248945,-0.8894514600139473,-0.889389323252388,0.889389323252388,0.8894514600139473,0.889508643248945,0.8894514605101729,1.2811823088084795,0.19506217744453813,1.2810215001697387,1.2811822632225613,1.2813299853930227,3721,0,2.9710938140082076e-05,1.5943430668003113,-0.999776769711985,148.9705810546875,147.35970029422973,-1.6108807604577748,0.0,0.0,0.0,0.0,0.0,0.0,0.0,7.402896881103516e-05,4.529102774597504e-05,-2.8737941065060113e-05
316,False,380.0,377.20001220703125,3721,3721,1.0,0.0,0,-0.6942813396453857,-0.6942427754402161,-0.6942073106765747,7.402896881103516e-05,1.863522265921347e-05,-1.5837159539255197,-1.5836941817443075,-1.5836706628977737,4.529102774597504e-05,1.1077295853957936e-05,-0.889508643248945,-0.8894514600139473,-0.889389323252388,0.889389323252388,0.8894514600139473,0.889508643248945,0.8894514605101729,1.2811823088084795,0.19506217744453813,1.2810215001697387,1.2811822632225613,1.2813299853930227,3721,0,2.9710938140082076e-05,1.5943430668003113,-0.999776769711985,148.9705810546875,147.35970029422973,-1.6108807604577748,0.0,0.0,0.0,0.0,0.0,0.0,0.0,7.402896881103516e-05,4.529102774597504e-05,-2.8737941065060113e-05
317,False,385.0,377.20001220703125,3721,3721,1.0,0.0,0,-0.6942813396453857,-0.6942427754402161,-0.6942073106765747,7.402896881103516e-05,1.863522265921347e-05,-1.5837159539255197,-1.5836941817443075,-1.5836706628977737,4.529102774597504e-05,1.1077295853957936e-05,-0.889508643248945,-0.8894514600139473,-0.889389323252388,0.889389323252388,0.8894514600139473,0.889508643248945,0.8894514605101729,1.2811823088084795,0.19506217744453813,1.2810215001697387,1.2811822632225613,1.2813299853930227,3721,0,2.9710938140082076e-05,1.5943430668003113,-0.999776769711985,148.9705810546875,147.35970029422973,-1.6108807604577748,0.0,0.0,0.0,0.0,0.0,0.0,0.0,7.402896881103516e-05,4.529102774597504e-05,-2.8737941065060113e-05
318,False,390.0,397.1499938964844,3721,3721,1.0,0.0,0,-0.7383843660354614,-0.7383590936660767,-0.7383356690406799,4.869699478149414e-05,1.2269449143786915e-05,-1.6172357865914246,-1.6172214878650137,-1.6172060655074614,2.972108396326334e-05,7.293722015286166e-06,-0.8789001175507447,-0.8788624093203519,-0.878821699472,0.878821699472,0.8788624093203519,0.8789001175507447,0.8788624095380584,1.1902912834613666,0.19273993341954423,1.190195431940922,1.1902913303651106,1.1903801406380654,3721,0,1.9561913367488455e-05,1.594359596449641,-0.9997257902655641,149.5454559326172,147.00882314400596,-2.5366327886112288,0.0,0.0,0.0,0.0,0.0,0.0,0.0,4.869699478149414e-05,2.972108396326334e-05,-1.89759108182308e-05
319,False,395.0,397.1499938964844,3721,3721,1.0,0.0,0,-0.7383843660354614,-0.7383590936660767,-0.7383356690406799,4.869699478149414e-05,1.2269449143786915e-05,-1.6172357865914246,-1.6172214878650137,-1.6172060655074614,2.972108396326334e-05,7.293722015286166e-06,-0.8789001175507447,-0.8788624093203519,-0.878821699472,0.878821699472,0.8788624093203519,0.8789001175507447,0.8788624095380584,1.1902912834613666,0.19273993341954423,1.190195431940922,1.1902913303651106,1.1903801406380654,3721,0,1.9561913367488455e-05,1.594359596449641,-0.9997257902655641,149.5454559326172,147.00882314400596,-2.5366327886112288,0.0,0.0,0.0,0.0,0.0,0.0,0.0,4.869699478149414e-05,2.972108396326334e-05,-1.89759108182308e-05
320,False,400.0,397.1499938964844,3721,3721,1.0,0.0,0,-0.7383843660354614,-0.7383590936660767,-0.7383356690406799,4.869699478149414e-05,1.2269449143786915e-05,-1.6172357865914246,-1.6172214878650137,-1.6172060655074614,2.972108396326334e-05,7.293722015286166e-06,-0.8789001175507447,-0.8788624093203519,-0.878821699472,0.878821699472,0.8788624093203519,0.8789001175507447,0.8788624095380584,1.1902912834613666,0.19273993341954423,1.190195431940922,1.1902913303651106,1.1903801406380654,3721,0,1.9561913367488455e-05,1.594359596449641,-0.9997257902655641,149.5454559326172,147.00882314400596,-2.5366327886112288,0.0,0.0,0.0,0.0,0.0,0.0,0.0,4.869699478149414e-05,2.972108396326334e-05,-1.89759108182308e-05
321,False,405.0,397.1499938964844,3721,3721,1.0,0.0,0,-0.7383843660354614,-0.7383590936660767,-0.7383356690406799,4.869699478149414e-05,1.2269449143786915e-05,-1.6172357865914246,-1.6172214878650137,-1.6172060655074614,2.972108396326334e-05,7.293722015286166e-06,-0.8789001175507447,-0.8788624093203519,-0.878821699472,0.878821699472,0.8788624093203519,0.8789001175507447,0.8788624095380584,1.1902912834613666,0.19273993341954423,1.190195431940922,1.1902913303651106,1.1903801406380654,3721,0,1.9561913367488455e-05,1.594359596449641,-0.9997257902655641,149.5454559326172,147.00882314400596,-2.5366327886112288,0.0,0.0,0.0,0.0,0.0,0.0,0.0,4.869699478149414e-05,2.972108396326334e-05,-1.89759108182308e-05
322,False,410.0,417.1000061035156,3721,3721,1.0,0.0,0,-0.7824919819831848,-0.7824753522872925,-0.7824599146842957,3.2067298889160156e-05,8.079876351985149e-06,-1.6507584149485042,-1.6507488780431976,-1.6507390797224293,1.9335226074890244e-05,4.798946894528351e-06,-0.8682985002642085,-0.8682735114834679,-0.8682470977392445,0.8682470977392445,0.8682735114834679,0.8682985002642085,0.8682735115789675,1.1096496942616072,0.19041772295124776,1.109592325200212,1.1096496437025427,1.1097034927527842,3721,0,1.2877875063709963e-05,1.5938208736749195,-0.9996867517248484,149.6666717529297,149.2670993437984,-0.3995724091312809,0.0,0.0,0.0,0.0,0.0,0.0,0.0,3.2067298889160156e-05,1.9335226074890244e-05,-1.2732072814269912e-05
323,False,415.0,417.1000061035156,3721,3721,1.0,0.0,0,-0.7824919819831848,-0.7824753522872925,-0.7824599146842957,3.2067298889160156e-05,8.079876351985149e-06,-1.6507584149485042,-1.6507488780431976,-1.6507390797224293,1.9335226074890244e-05,4.798946894528351e-06,-0.8682985002642085,-0.8682735114834679,-0.8682470977392445,0.8682470977392445,0.8682735114834679,0.8682985002642085,0.8682735115789675,1.1096496942616072,0.19041772295124776,1.109592325200212,1.1096496437025427,1.1097034927527842,3721,0,1.2877875063709963e-05,1.5938208736749195,-0.9996867517248484,149.6666717529297,149.2670993437984,-0.3995724091312809,0.0,0.0,0.0,0.0,0.0,0.0,0.0,3.2067298889160156e-05,1.9335226074890244e-05,-1.2732072814269912e-05
324,False,420.0,417.1000061035156,3721,3721,1.0,0.0,0,-0.7824919819831848,-0.7824753522872925,-0.7824599146842957,3.2067298889160156e-05,8.079876351985149e-06,-1.6507584149485042,-1.6507488780431976,-1.6507390797224293,1.9335226074890244e-05,4.798946894528351e-06,-0.8682985002642085,-0.8682735114834679,-0.8682470977392445,0.8682470977392445,0.8682735114834679,0.8682985002642085,0.8682735115789675,1.1096496942616072,0.19041772295124776,1.109592325200212,1.1096496437025427,1.1097034927527842,3721,0,1.2877875063709963e-05,1.5938208736749195,-0.9996867517248484,149.6666717529297,149.2670993437984,-0.3995724091312809,0.0,0.0,0.0,0.0,0.0,0.0,0.0,3.2067298889160156e-05,1.9335226074890244e-05,-1.2732072814269912e-05
325,False,425.0,417.1000061035156,3721,3721,1.0,0.0,0,-0.7824919819831848,-0.7824753522872925,-0.7824599146842957,3.2067298889160156e-05,8.079876351985149e-06,-1.6507584149485042,-1.6507488780431976,-1.6507390797224293,1.9335226074890244e-05,4.798946894528351e-06,-0.8682985002642085,-0.8682735114834679,-0.8682470977392445,0.8682470977392445,0.8682735114834679,0.8682985002642085,0.8682735115789675,1.1096496942616072,0.19041772295124776,1.109592325200212,1.1096496437025427,1.1097034927527842,3721,0,1.2877875063709963e-05,1.5938208736749195,-0.9996867517248484,149.6666717529297,149.2670993437984,-0.3995724091312809,0.0,0.0,0.0,0.0,0.0,0.0,0.0,3.2067298889160156e-05,1.9335226074890244e-05,-1.2732072814269912e-05
326,False,430.0,437.04998779296875,3721,3721,1.0,0.0,0,-0.8266025185585022,-0.8265916705131531,-0.8265813589096069,2.1159648895263672e-05,5.3216963351587765e-06,-1.6842825563815993,-1.684276253065394,-1.6842697507037627,1.2805677836569274e-05,3.155733952979827e-06,-0.8577011974719924,-0.8576846454406675,-0.8576672321452605,0.8576672321452605,0.8576846454406675,0.8577011974719924,0.8576846454825519,1.0376160282403073,0.18809551947063202,1.037581198809957,1.0376159612791125,1.0376488511710904,3721,0,8.476508751486785e-06,1.5928209284889188,-0.9996047321206909,149.0,149.23689853630282,0.23689853630281732,0.0,0.0,0.0,0.0,0.0,0.0,0.0,2.1159648895263672e-05,1.2805677836569274e-05,-8.353971058694398e-06
327,False,435.0,437.04998779296875,3721,3721,1.0,0.0,0,-0.8266025185585022,-0.8265916705131531,-0.8265813589096069,2.1159648895263672e-05,5.3216963351587765e-06,-1.6842825563815993,-1.684276253065394,-1.6842697507037627,1.2805677836569274e-05,3.155733952979827e-06,-0.8577011974719924,-0.8576846454406675,-0.8576672321452605,0.8576672321452605,0.8576846454406675,0.8577011974719924,0.8576846454825519,1.0376160282403073,0.18809551947063202,1.037581198809957,1.0376159612791125,1.0376488511710904,3721,0,8.476508751486785e-06,1.5928209284889188,-0.9996047321206909,149.0,149.23689853630282,0.23689853630281732,0.0,0.0,0.0,0.0,0.0,0.0,0.0,2.1159648895263672e-05,1.2805677836569274e-05,-8.353971058694398e-06
328,False,440.0,437.04998779296875,3721,3721,1.0,0.0,0,-0.8266025185585022,-0.8265916705131531,-0.8265813589096069,2.1159648895263672e-05,5.3216963351587765e-06,-1.6842825563815993,-1.684276253065394,-1.6842697507037627,1.2805677836569274e-05,3.155733952979827e-06,-0.8577011974719924,-0.8576846454406675,-0.8576672321452605,0.8576672321452605,0.8576846454406675,0.8577011974719924,0.8576846454825519,1.0376160282403073,0.18809551947063202,1.037581198809957,1.0376159612791125,1.0376488511710904,3721,0,8.476508751486785e-06,1.5928209284889188,-0.9996047321206909,149.0,149.23689853630282,0.23689853630281732,0.0,0.0,0.0,0.0,0.0,0.0,0.0,2.1159648895263672e-05,1.2805677836569274e-05,-8.353971058694398e-06
329,False,445.0,437.04998779296875,3721,3721,1.0,0.0,0,-0.8266025185585022,-0.8265916705131531,-0.8265813589096069,2.1159648895263672e-05,5.3216963351587765e-06,-1.6842825563815993,-1.684276253065394,-1.6842697507037627,1.2805677836569274e-05,3.155733952979827e-06,-0.8577011974719924,-0.8576846454406675,-0.8576672321452605,0.8576672321452605,0.8576846454406675,0.8577011974719924,0.8576846454825519,1.0376160282403073,0.18809551947063202,1.037581198809957,1.0376159612791125,1.0376488511710904,3721,0,8.476508751486785e-06,1.5928209284889188,-0.9996047321206909,149.0,149.23689853630282,0.23689853630281732,0.0,0.0,0.0,0.0,0.0,0.0,0.0,2.1159648895263672e-05,1.2805677836569274e-05,-8.353971058694398e-06
330,False,450.0,457.0,3721,3721,1.0,0.0,0,-0.8707149624824524,-0.8707078099250793,-0.8707010746002197,1.3887882232666016e-05,3.5043080970353913e-06,-1.7178078454491577,-1.717803697428822,-1.717799338892493,8.506556664622522e-06,2.082740547718547e-06,-0.8471067708489379,-0.8470958802634042,-0.8470843764100406,0.8470843764100406,0.8470958802634042,0.8471067708489379,0.8470958802818244,0.9728818797264034,0.18577333811706143,0.9728607097723005,0.9728819055022621,0.9729019471325275,3721,0,5.586351557049434e-06,1.5941381730131905,-0.9994684782760902,150.0,150.9235419205776,0.9235419205776054,-5.0,-5.0,0.0,0.0,5.0,5.0,7.0710678118654755,1.3887882232666016e-05,8.506556664622522e-06,-5.3813255680434935e-06
331,False,455.0,457.0,3721,3721,1.0,0.0,0,-0.8707149624824524,-0.8707078099250793,-0.8707010746002197,1.3887882232666016e-05,3.5043080970353913e-06,-1.7178078454491577,-1.717803697428822,-1.717799338892493,8.506556664622522e-06,2.082740547718547e-06,-0.8471067708489379,-0.8470958802634042,-0.8470843764100406,0.8470843764100406,0.8470958802634042,0.8471067708489379,0.8470958802818244,0.9728818797264034,0.18577333811706143,0.9728607097723005,0.9728819055022621,0.9729019471325275,3721,0,5.586351557049434e-06,1.5941381730131905,-0.9994684782760902,150.0,150.9235419205776,0.9235419205776054,-5.0,-5.0,0.0,0.0,5.0,5.0,7.0710678118654755,1.3887882232666016e-05,8.506556664622522e-06,-5.3813255680434935e-06
332,False,460.0,457.0,3721,3721,1.0,0.0,0,-0.8707149624824524,-0.8707078099250793,-0.8707010746002197,1.3887882232666016e-05,3.5043080970353913e-06,-1.7178078454491577,-1.717803697428822,-1.717799338892493,8.506556664622522e-06,2.082740547718547e-06,-0.8471067708489379,-0.8470958802634042,-0.8470843764100406,0.8470843764100406,0.8470958802634042,0.8471067708489379,0.8470958802818244,0.9728818797264034,0.18577333811706143,0.9728607097723005,0.9728819055022621,0.9729019471325275,3721,0,5.586351557049434e-06,1.5941381730131905,-0.9994684782760902,150.0,150.9235419205776,0.9235419205776054,-5.0,-5.0,0.0,0.0,5.0,5.0,7.0710678118654755,1.3887882232666016e-05,8.506556664622522e-06,-5.3813255680434935e-06
333,False,465.0,457.0,3721,3721,1.0,0.0,0,-0.8707149624824524,-0.8707078099250793,-0.8707010746002197,1.3887882232666016e-05,3.5043080970353913e-06,-1.7178078454491577,-1.717803697428822,-1.717799338892493,8.506556664622522e-06,2.082740547718547e-06,-0.8471067708489379,-0.8470958802634042,-0.8470843764100406,0.8470843764100406,0.8470958802634042,0.8471067708489379,0.8470958802818244,0.9728818797264034,0.18577333811706143,0.9728607097723005,0.9728819055022621,0.9729019471325275,3721,0,5.586351557049434e-06,1.5941381730131905,-0.9994684782760902,150.0,150.9235419205776,0.9235419205776054,-5.0,-5.0,0.0,0.0,5.0,5.0,7.0710678118654755,1.3887882232666016e-05,8.506556664622522e-06,-5.3813255680434935e-06
334,False,470.0,476.95001220703125,3721,3721,1.0,0.0,0,-0.9148287177085876,-0.9148240089416504,-0.9148195385932922,9.179115295410156e-06,2.307712748006452e-06,-1.7513339288514962,-1.751331149067644,-1.7513283568295408,5.572021955391193e-06,1.3688266368069717e-06,-0.836514390258204,-0.8365071424486684,-0.8364996391209532,0.8364996391209532,0.8365071424486684,0.836514390258204,0.8365071424567446,0.9143913380370176,0.1834511627671388,0.9143784218057465,0.9143913325524134,0.9144037211366329,3721,0,3.675845078684942e-06,1.592852020086642,-0.999192319866153,151.25,150.98354292217027,-0.2664570778297275,0.0,-5.0,0.0,0.0,0.0,5.0,5.0,9.179115295410156e-06,5.572021955391193e-06,-3.607093340018963e-06
335,False,475.0,476.95001220703125,3721,3721,1.0,0.0,0,-0.9148287177085876,-0.9148240089416504,-0.9148195385932922,9.179115295410156e-06,2.307712748006452e-06,-1.7513339288514962,-1.751331149067644,-1.7513283568295408,5.572021955391193e-06,1.3688266368069717e-06,-0.836514390258204,-0.8365071424486684,-0.8364996391209532,0.8364996391209532,0.8365071424486684,0.836514390258204,0.8365071424567446,0.9143913380370176,0.1834511627671388,0.9143784218057465,0.9143913325524134,0.9144037211366329,3721,0,3.675845078684942e-06,1.592852020086642,-0.999192319866153,151.25,150.98354292217027,-0.2664570778297275,0.0,-5.0,0.0,0.0,0.0,5.0,5.0,9.179115295410156e-06,5.572021955391193e-06,-3.607093340018963e-06
336,False,480.0,476.95001220703125,3721,3721,1.0,0.0,0,-0.9148287177085876,-0.9148240089416504,-0.9148195385932922,9.179115295410156e-06,2.307712748006452e-06,-1.7513339288514962,-1.751331149067644,-1.7513283568295408,5.572021955391193e-06,1.3688266368069717e-06,-0.836514390258204,-0.8365071424486684,-0.8364996391209532,0.8364996391209532,0.8365071424486684,0.836514390258204,0.8365071424567446,0.9143913380370176,0.1834511627671388,0.9143784218057465,0.9143913325524134,0.9144037211366329,3721,0,3.675845078684942e-06,1.592852020086642,-0.999192319866153,151.25,150.98354292217027,-0.2664570778297275,0.0,-5.0,0.0,0.0,0.0,5.0,5.0,9.179115295410156e-06,5.572021955391193e-06,-3.607093340018963e-06
337,False,485.0,476.95001220703125,3721,3721,1.0,0.0,0,-0.9148287177085876,-0.9148240089416504,-0.9148195385932922,9.179115295410156e-06,2.307712748006452e-06,-1.7513339288514962,-1.751331149067644,-1.7513283568295408,5.572021955391193e-06,1.3688266368069717e-06,-0.836514390258204,-0.8365071424486684,-0.8364996391209532,0.8364996391209532,0.8365071424486684,0.836514390258204,0.8365071424567446,0.9143913380370176,0.1834511627671388,0.9143784218057465,0.9143913325524134,0.9144037211366329,3721,0,3.675845078684942e-06,1.592852020086642,-0.999192319866153,151.25,150.98354292217027,-0.2664570778297275,0.0,-5.0,0.0,0.0,0.0,5.0,5.0,9.179115295410156e-06,5.572021955391193e-06,-3.607093340018963e-06
338,False,490.0,496.8999938964844,3721,3721,1.0,0.0,0,-0.958943247795105,-0.9589401483535767,-0.9589372277259827,6.020069122314453e-06,1.5187985127340653e-06,-1.7848604009497884,-1.7848585572693896,-1.7848567338079346,3.6671418537359557e-06,9.026814350594477e-07,-0.8259231732238057,-0.8259183737393013,-0.8259134860128297,0.8259134860128297,0.8259183737393013,0.8259231732238057,0.8259183737428478,0.8612824933638981,0.18112898064310856,0.8612746248663306,0.86128247405881,0.8612901338520295,3721,0,2.4206280804788967e-06,1.5937782501288398,-0.99876353423866,153.3333282470703,152.06205772373903,-1.2712705233312818,-5.0,-10.0,-150.0,150.0,-145.0,160.0,215.92822881689185,6.020069122314453e-06,3.6671418537359557e-06,-2.3529272685784974e-06
339,False,495.0,496.8999938964844,3721,3721,1.0,0.0,0,-0.958943247795105,-0.9589401483535767,-0.9589372277259827,6.020069122314453e-06,1.5187985127340653e-06,-1.7848604009497884,-1.7848585572693896,-1.7848567338079346,3.6671418537359557e-06,9.026814350594477e-07,-0.8259231732238057,-0.8259183737393013,-0.8259134860128297,0.8259134860128297,0.8259183737393013,0.8259231732238057,0.8259183737428478,0.8612824933638981,0.18112898064310856,0.8612746248663306,0.86128247405881,0.8612901338520295,3721,0,2.4206280804788967e-06,1.5937782501288398,-0.99876353423866,153.3333282470703,152.06205772373903,-1.2712705233312818,-5.0,-10.0,-150.0,150.0,-145.0,160.0,215.92822881689185,6.020069122314453e-06,3.6671418537359557e-06,-2.3529272685784974e-06
340,False,500.0,496.8999938964844,3721,3721,1.0,0.0,0,-0.958943247795105,-0.9589401483535767,-0.9589372277259827,6.020069122314453e-06,1.5187985127340653e-06,-1.7848604009497884,-1.7848585572693896,-1.7848567338079346,3.6671418537359557e-06,9.026814350594477e-07,-0.8259231732238057,-0.8259183737393013,-0.8259134860128297,0.8259134860128297,0.8259183737393013,0.8259231732238057,0.8259183737428478,0.8612824933638981,0.18112898064310856,0.8612746248663306,0.86128247405881,0.8612901338520295,3721,0,2.4206280804788967e-06,1.5937782501288398,-0.99876353423866,153.3333282470703,152.06205772373903,-1.2712705233312818,-5.0,-10.0,-150.0,150.0,-145.0,160.0,215.92822881689185,6.020069122314453e-06,3.6671418537359557e-06,-2.3529272685784974e-06
341,False,505.0,496.8999938964844,3721,3721,1.0,0.0,0,-0.958943247795105,-0.9589401483535767,-0.9589372277259827,6.020069122314453e-06,1.5187985127340653e-06,-1.7848604009497884,-1.7848585572693896,-1.7848567338079346,3.6671418537359557e-06,9.026814350594477e-07,-0.8259231732238057,-0.8259183737393013,-0.8259134860128297,0.8259134860128297,0.8259183737393013,0.8259231732238057,0.8259183737428478,0.8612824933638981,0.18112898064310856,0.8612746248663306,0.86128247405881,0.8612901338520295,3721,0,2.4206280804788967e-06,1.5937782501288398,-0.99876353423866,153.3333282470703,152.06205772373903,-1.2712705233312818,-5.0,-10.0,-150.0,150.0,-145.0,160.0,215.92822881689185,6.020069122314453e-06,3.6671418537359557e-06,-2.3529272685784974e-06
342,False,510.0,516.8499755859375,3721,3721,1.0,0.0,0,-1.0030584335327148,-1.0030564069747925,-1.0030543804168701,4.0531158447265625e-06,1.0021419711847557e-06,-1.8183871947149484,-1.8183859727218121,-1.8183847466240506,2.448090897777533e-06,5.944622946269145e-07,-0.8153328142980782,-0.8153296219717718,-0.8153263130913357,0.8153263130913357,0.8153296219717718,0.8153328142980782,0.8153296219733304,0.812845253544507,0.17880680223508497,0.8128402950761331,0.8128452816878196,0.812850060989939,3721,0,1.5951882685091706e-06,1.591778718428534,-0.9977784111237911,145.0,149.5710532375088,4.571053237508806,-150.0,-150.0,0.0,0.0,150.0,150.0,212.13203435596427,4.0531158447265625e-06,2.448090897777533e-06,-1.6050249469490296e-06
343,False,515.0,516.8499755859375,3721,3721,1.0,0.0,0,-1.0030584335327148,-1.0030564069747925,-1.0030543804168701,4.0531158447265625e-06,1.0021419711847557e-06,-1.8183871947149484,-1.8183859727218121,-1.8183847466240506,2.448090897777533e-06,5.944622946269145e-07,-0.8153328142980782,-0.8153296219717718,-0.8153263130913357,0.8153263130913357,0.8153296219717718,0.8153328142980782,0.8153296219733304,0.812845253544507,0.17880680223508497,0.8128402950761331,0.8128452816878196,0.812850060989939,3721,0,1.5951882685091706e-06,1.591778718428534,-0.9977784111237911,145.0,149.5710532375088,4.571053237508806,-150.0,-150.0,0.0,0.0,150.0,150.0,212.13203435596427,4.0531158447265625e-06,2.448090897777533e-06,-1.6050249469490296e-06
344,False,520.0,516.8499755859375,3721,3721,1.0,0.0,0,-1.0030584335327148,-1.0030564069747925,-1.0030543804168701,4.0531158447265625e-06,1.0021419711847557e-06,-1.8183871947149484,-1.8183859727218121,-1.8183847466240506,2.448090897777533e-06,5.944622946269145e-07,-0.8153328142980782,-0.8153296219717718,-0.8153263130913357,0.8153263130913357,0.8153296219717718,0.8153328142980782,0.8153296219733304,0.812845253544507,0.17880680223508497,0.8128402950761331,0.8128452816878196,0.812850060989939,3721,0,1.5951882685091706e-06,1.591778718428534,-0.9977784111237911,145.0,149.5710532375088,4.571053237508806,-150.0,-150.0,0.0,0.0,150.0,150.0,212.13203435596427,4.0531158447265625e-06,2.448090897777533e-06,-1.6050249469490296e-06
345,False,525.0,516.8499755859375,3721,3721,1.0,0.0,0,-1.0030584335327148,-1.0030564069747925,-1.0030543804168701,4.0531158447265625e-06,1.0021419711847557e-06,-1.8183871947149484,-1.8183859727218121,-1.8183847466240506,2.448090897777533e-06,5.944622946269145e-07,-0.8153328142980782,-0.8153296219717718,-0.8153263130913357,0.8153263130913357,0.8153296219717718,0.8153328142980782,0.8153296219733304,0.812845253544507,0.17880680223508497,0.8128402950761331,0.8128452816878196,0.812850060989939,3721,0,1.5951882685091706e-06,1.591778718428534,-0.9977784111237911,145.0,149.5710532375088,4.571053237508806,-150.0,-150.0,0.0,0.0,150.0,150.0,212.13203435596427,4.0531158447265625e-06,2.448090897777533e-06,-1.6050249469490296e-06
346,False,530.0,536.7999877929688,3721,3721,1.0,0.0,0,-1.0471738576889038,-1.0471725463867188,-1.0471712350845337,2.6226043701171875e-06,6.614178573727258e-07,-1.8519142609801134,-1.8519134409822477,-1.851912632733405,1.6282467083517105e-06,3.910753320996213e-07,-0.8047430258955797,-0.8047409282022324,-0.8047387750445012,0.8047387750445012,0.8047409282022324,0.8047430258955797,0.8047409282029184,0.7684893755455624,0.17648463654662203,0.7684863111656999,0.7684893543154635,0.7684922951790365,3721,0,1.0512379141624362e-06,1.5893702566575125,-0.9961821236602357,145.0,,,-150.0,-150.0,-150.0,150.0,0.0,300.0,300.0,2.6226043701171875e-06,1.6282467083517105e-06,-9.94357661765477e-07
347,False,535.0,536.7999877929688,3721,3721,1.0,0.0,0,-1.0471738576889038,-1.0471725463867188,-1.0471712350845337,2.6226043701171875e-06,6.614178573727258e-07,-1.8519142609801134,-1.8519134409822477,-1.851912632733405,1.6282467083517105e-06,3.910753320996213e-07,-0.8047430258955797,-0.8047409282022324,-0.8047387750445012,0.8047387750445012,0.8047409282022324,0.8047430258955797,0.8047409282029184,0.7684893755455624,0.17648463654662203,0.7684863111656999,0.7684893543154635,0.7684922951790365,3721,0,1.0512379141624362e-06,1.5893702566575125,-0.9961821236602357,145.0,,,-150.0,-150.0,-150.0,150.0,0.0,300.0,300.0,2.6226043701171875e-06,1.6282467083517105e-06,-9.94357661765477e-07
348,False,540.0,536.7999877929688,3721,3721,1.0,0.0,0,-1.0471738576889038,-1.0471725463867188,-1.0471712350845337,2.6226043701171875e-06,6.614178573727258e-07,-1.8519142609801134,-1.8519134409822477,-1.851912632733405,1.6282467083517105e-06,3.910753320996213e-07,-0.8047430258955797,-0.8047409282022324,-0.8047387750445012,0.8047387750445012,0.8047409282022324,0.8047430258955797,0.8047409282029184,0.7684893755455624,0.17648463654662203,0.7684863111656999,0.7684893543154635,0.7684922951790365,3721,0,1.0512379141624362e-06,1.5893702566575125,-0.9961821236602357,145.0,,,-150.0,-150.0,-150.0,150.0,0.0,300.0,300.0,2.6226043701171875e-06,1.6282467083517105e-06,-9.94357661765477e-07
349,False,545.0,536.7999877929688,3721,3721,1.0,0.0,0,-1.0471738576889038,-1.0471725463867188,-1.0471712350845337,2.6226043701171875e-06,6.614178573727258e-07,-1.8519142609801134,-1.8519134409822477,-1.851912632733405,1.6282467083517105e-06,3.910753320996213e-07,-0.8047430258955797,-0.8047409282022324,-0.8047387750445012,0.8047387750445012,0.8047409282022324,0.8047430258955797,0.8047409282029184,0.7684893755455624,0.17648463654662203,0.7684863111656999,0.7684893543154635,0.7684922951790365,3721,0,1.0512379141624362e-06,1.5893702566575125,-0.9961821236602357,145.0,,,-150.0,-150.0,-150.0,150.0,0.0,300.0,300.0,2.6226043701171875e-06,1.6282467083517105e-06,-9.94357661765477e-07
350,False,550.0,556.75,3721,3721,1.0,0.0,0,-1.0912895202636719,-1.091288685798645,-1.0912878513336182,1.6689300537109375e-06,4.363058678791276e-07,-1.8854414565168722,-1.8854409113014265,-1.8854403847337333,1.0717831389062127e-06,2.588857761968143e-07,-0.7941536051832541,-0.7941522412969713,-0.7941508644700614,0.7941508644700614,0.7941522412969713,0.7941536051832541,0.7941522412972744,0.7277197381459732,0.17416247236364493,0.7277178509678923,0.7277196796097339,0.7277214753309601,3721,0,6.940083975602981e-07,1.5906464837828995,-0.9933747143548003,,,,-150.0,-150.0,-150.0,150.0,0.0,300.0,300.0,1.6689300537109375e-06,1.0717831389062127e-06,-5.971469148047248e-07
351,False,555.0,556.75,3721,3721,1.0,0.0,0,-1.0912895202636719,-1.091288685798645,-1.0912878513336182,1.6689300537109375e-06,4.363058678791276e-07,-1.8854414565168722,-1.8854409113014265,-1.8854403847337333,1.0717831389062127e-06,2.588857761968143e-07,-0.7941536051832541,-0.7941522412969713,-0.7941508644700614,0.7941508644700614,0.7941522412969713,0.7941536051832541,0.7941522412972744,0.7277197381459732,0.17416247236364493,0.7277178509678923,0.7277196796097339,0.7277214753309601,3721,0,6.940083975602981e-07,1.5906464837828995,-0.9933747143548003,,,,-150.0,-150.0,-150.0,150.0,0.0,300.0,300.0,1.6689300537109375e-06,1.0717831389062127e-06,-5.971469148047248e-07
352,False,560.0,556.75,3721,3721,1.0,0.0,0,-1.0912895202636719,-1.091288685798645,-1.0912878513336182,1.6689300537109375e-06,4.363058678791276e-07,-1.8854414565168722,-1.8854409113014265,-1.8854403847337333,1.0717831389062127e-06,2.588857761968143e-07,-0.7941536051832541,-0.7941522412969713,-0.7941508644700614,0.7941508644700614,0.7941522412969713,0.7941536051832541,0.7941522412972744,0.7277197381459732,0.17416247236364493,0.7277178509678923,0.7277196796097339,0.7277214753309601,3721,0,6.940083975602981e-07,1.5906464837828995,-0.9933747143548003,,,,-150.0,-150.0,-150.0,150.0,0.0,300.0,300.0,1.6689300537109375e-06,1.0717831389062127e-06,-5.971469148047248e-07
353,False,565.0,556.75,3721,3721,1.0,0.0,0,-1.0912895202636719,-1.091288685798645,-1.0912878513336182,1.6689300537109375e-06,4.363058678791276e-07,-1.8854414565168722,-1.8854409113014265,-1.8854403847337333,1.0717831389062127e-06,2.588857761968143e-07,-0.7941536051832541,-0.7941522412969713,-0.7941508644700614,0.7941508644700614,0.7941522412969713,0.7941536051832541,0.7941522412972744,0.7277197381459732,0.17416247236364493,0.7277178509678923,0.7277196796097339,0.7277214753309601,3721,0,6.940083975602981e-07,1.5906464837828995,-0.9933747143548003,,,,-150.0,-150.0,-150.0,150.0,0.0,300.0,300.0,1.6689300537109375e-06,1.0717831389062127e-06,-5.971469148047248e-07
354,False,570.0,576.7000122070312,3721,3721,1.0,0.0,0,-1.135405421257019,-1.1354047060012817,-1.1354042291641235,1.1920928955078125e-06,3.120198641681782e-07,-1.9189687462208482,-1.9189683839143736,-1.9189680402504299,7.059704183465243e-07,1.7065476777247202e-07,-0.7835645170567247,-0.783563557262142,-0.7835626189934108,0.7835626189934108,0.783563557262142,0.7835645170567247,0.7835635572622753,0.6901181941395659,0.17184030881021795,0.6901170316114227,0.690118219395512,0.6901194278918437,3721,0,4.7272392803838194e-07,1.51504445173624,-0.9875458105584508,,,,-5.0,-25.0,-150.0,150.0,-145.0,175.0,227.26636354727023,1.1920928955078125e-06,7.059704183465243e-07,-4.861224771612882e-07
355,False,575.0,576.7000122070312,3721,3721,1.0,0.0,0,-1.135405421257019,-1.1354047060012817,-1.1354042291641235,1.1920928955078125e-06,3.120198641681782e-07,-1.9189687462208482,-1.9189683839143736,-1.9189680402504299,7.059704183465243e-07,1.7065476777247202e-07,-0.7835645170567247,-0.783563557262142,-0.7835626189934108,0.7835626189934108,0.783563557262142,0.7835645170567247,0.7835635572622753,0.6901181941395659,0.17184030881021795,0.6901170316114227,0.690118219395512,0.6901194278918437,3721,0,4.7272392803838194e-07,1.51504445173624,-0.9875458105584508,,,,-5.0,-25.0,-150.0,150.0,-145.0,175.0,227.26636354727023,1.1920928955078125e-06,7.059704183465243e-07,-4.861224771612882e-07
356,False,580.0,576.7000122070312,3721,3721,1.0,0.0,0,-1.135405421257019,-1.1354047060012817,-1.1354042291641235,1.1920928955078125e-06,3.120198641681782e-07,-1.9189687462208482,-1.9189683839143736,-1.9189680402504299,7.059704183465243e-07,1.7065476777247202e-07,-0.7835645170567247,-0.783563557262142,-0.7835626189934108,0.7835626189934108,0.783563557262142,0.7835645170567247,0.7835635572622753,0.6901181941395659,0.17184030881021795,0.6901170316114227,0.690118219395512,0.6901194278918437,3721,0,4.7272392803838194e-07,1.51504445173624,-0.9875458105584508,,,,-5.0,-25.0,-150.0,150.0,-145.0,175.0,227.26636354727023,1.1920928955078125e-06,7.059704183465243e-07,-4.861224771612882e-07
357,False,585.0,576.7000122070312,3721,3721,1.0,0.0,0,-1.135405421257019,-1.1354047060012817,-1.1354042291641235,1.1920928955078125e-06,3.120198641681782e-07,-1.9189687462208482,-1.9189683839143736,-1.9189680402504299,7.059704183465243e-07,1.7065476777247202e-07,-0.7835645170567247,-0.783563557262142,-0.7835626189934108,0.7835626189934108,0.783563557262142,0.7835645170567247,0.7835635572622753,0.6901181941395659,0.17184030881021795,0.6901170316114227,0.690118219395512,0.6901194278918437,3721,0,4.7272392803838194e-07,1.51504445173624,-0.9875458105584508,,,,-5.0,-25.0,-150.0,150.0,-145.0,175.0,227.26636354727023,1.1920928955078125e-06,7.059704183465243e-07,-4.861224771612882e-07
358,False,590.0,596.6500244140625,3721,3721,1.0,0.0,0,-1.1795213222503662,-1.1795209646224976,-1.179520606994629,7.152557373046875e-07,1.9351028868186404e-07,-1.9524961023330216,-1.952495857149441,-1.9524956300737102,4.7225931143479727e-07,1.127657635182799e-07,-0.7729754953383927,-0.772974877693861,-0.772974307823344,0.772974307823344,0.772974877693861,0.7729754953383927,0.7729748776939207,0.6553295283245194,0.16951814623635353,0.6553288128345269,0.6553294864248242,0.6553302170005348,3721,0,3.04405645600583e-07,1.5730720956127584,-0.9767014167491155,,,,-150.0,-150.0,-150.0,150.0,0.0,300.0,300.0,7.152557373046875e-07,4.7225931143479727e-07,-2.4299642586989023e-07
359,False,595.0,596.6500244140625,3721,3721,1.0,0.0,0,-1.1795213222503662,-1.1795209646224976,-1.179520606994629,7.152557373046875e-07,1.9351028868186404e-07,-1.9524961023330216,-1.952495857149441,-1.9524956300737102,4.7225931143479727e-07,1.127657635182799e-07,-0.7729754953383927,-0.772974877693861,-0.772974307823344,0.772974307823344,0.772974877693861,0.7729754953383927,0.7729748776939207,0.6553295283245194,0.16951814623635353,0.6553288128345269,0.6553294864248242,0.6553302170005348,3721,0,3.04405645600583e-07,1.5730720956127584,-0.9767014167491155,,,,-150.0,-150.0,-150.0,150.0,0.0,300.0,300.0,7.152557373046875e-07,4.7225931143479727e-07,-2.4299642586989023e-07
360,False,600.0,596.6500244140625,3721,3721,1.0,0.0,0,-1.1795213222503662,-1.1795209646224976,-1.179520606994629,7.152557373046875e-07,1.9351028868186404e-07,-1.9524961023330216,-1.952495857149441,-1.9524956300737102,4.7225931143479727e-07,1.127657635182799e-07,-0.7729754953383927,-0.772974877693861,-0.772974307823344,0.772974307823344,0.772974877693861,0.7729754953383927,0.7729748776939207,0.6553295283245194,0.16951814623635353,0.6553288128345269,0.6553294864248242,0.6553302170005348,3721,0,3.04405645600583e-07,1.5730720956127584,-0.9767014167491155,,,,-150.0,-150.0,-150.0,150.0,0.0,300.0,300.0,7.152557373046875e-07,4.7225931143479727e-07,-2.4299642586989023e-07
361,False,605.0,596.6500244140625,3721,3721,1.0,0.0,0,-1.1795213222503662,-1.1795209646224976,-1.179520606994629,7.152557373046875e-07,1.9351028868186404e-07,-1.9524961023330216,-1.952495857149441,-1.9524956300737102,4.7225931143479727e-07,1.127657635182799e-07,-0.7729754953383927,-0.772974877693861,-0.772974307823344,0.772974307823344,0.772974877693861,0.7729754953383927,0.7729748776939207,0.6553295283245194,0.16951814623635353,0.6553288128345269,0.6553294864248242,0.6553302170005348,3721,0,3.04405645600583e-07,1.5730720956127584,-0.9767014167491155,,,,-150.0,-150.0,-150.0,150.0,0.0,300.0,300.0,7.152557373046875e-07,4.7225931143479727e-07,-2.4299642586989023e-07
362,False,610.0,616.5999755859375,3721,3721,1.0,0.0,0,-1.223637342453003,-1.2236369848251343,-1.2236368656158447,4.76837158203125e-07,1.9410146023801644e-07,-1.9860233933555793,-1.9860232284997699,-1.9860230785907922,3.14764787123778e-07,7.460402817854644e-08,-0.7623865277397346,-0.7623860982591653,-0.7623857361377893,0.7623857361377893,0.7623860982591653,0.7623865277397346,0.7623860982591917,0.6230491394641461,0.16719596176117885,0.6230487659108611,0.6230491699032426,0.6230496556313158,3721,0,2.48015448160717e-07,1.277761844355672,-0.9524144615622454,,,,-10.0,-65.0,-150.0,150.0,-140.0,215.0,256.56383221335,4.76837158203125e-07,3.14764787123778e-07,-1.6207237107934702e-07
363,False,615.0,616.5999755859375,3721,3721,1.0,0.0,0,-1.223637342453003,-1.2236369848251343,-1.2236368656158447,4.76837158203125e-07,1.9410146023801644e-07,-1.9860233933555793,-1.9860232284997699,-1.9860230785907922,3.14764787123778e-07,7.460402817854644e-08,-0.7623865277397346,-0.7623860982591653,-0.7623857361377893,0.7623857361377893,0.7623860982591653,0.7623865277397346,0.7623860982591917,0.6230491394641461,0.16719596176117885,0.6230487659108611,0.6230491699032426,0.6230496556313158,3721,0,2.48015448160717e-07,1.277761844355672,-0.9524144615622454,,,,-10.0,-65.0,-150.0,150.0,-140.0,215.0,256.56383221335,4.76837158203125e-07,3.14764787123778e-07,-1.6207237107934702e-07
364,False,620.0,616.5999755859375,3721,3721,1.0,0.0,0,-1.223637342453003,-1.2236369848251343,-1.2236368656158447,4.76837158203125e-07,1.9410146023801644e-07,-1.9860233933555793,-1.9860232284997699,-1.9860230785907922,3.14764787123778e-07,7.460402817854644e-08,-0.7623865277397346,-0.7623860982591653,-0.7623857361377893,0.7623857361377893,0.7623860982591653,0.7623865277397346,0.7623860982591917,0.6230491394641461,0.16719596176117885,0.6230487659108611,0.6230491699032426,0.6230496556313158,3721,0,2.48015448160717e-07,1.277761844355672,-0.9524144615622454,,,,-10.0,-65.0,-150.0,150.0,-140.0,215.0,256.56383221335,4.76837158203125e-07,3.14764787123778e-07,-1.6207237107934702e-07
365,False,625.0,616.5999755859375,3721,3721,1.0,0.0,0,-1.223637342453003,-1.2236369848251343,-1.2236368656158447,4.76837158203125e-07,1.9410146023801644e-07,-1.9860233933555793,-1.9860232284997699,-1.9860230785907922,3.14764787123778e-07,7.460402817854644e-08,-0.7623865277397346,-0.7623860982591653,-0.7623857361377893,0.7623857361377893,0.7623860982591653,0.7623865277397346,0.7623860982591917,0.6230491394641461,0.16719596176117885,0.6230487659108611,0.6230491699032426,0.6230496556313158,3721,0,2.48015448160717e-07,1.277761844355672,-0.9524144615622454,,,,-10.0,-65.0,-150.0,150.0,-140.0,215.0,256.56383221335,4.76837158203125e-07,3.14764787123778e-07,-1.6207237107934702e-07
366,False,630.0,636.5499877929688,3721,3721,1.0,0.0,0,-1.2677534818649292,-1.2677534818649292,-1.2677531242370605,3.5762786865234375e-07,2.2005937694302702e-07,-2.0195508148973174,-2.019550702830692,-2.0195506014008395,2.134964778299775e-07,4.93819056276718e-08,-0.7517976906602568,-0.7517974206196979,-0.7517971195359103,0.7517971195359103,0.7517974206196979,0.7517976906602568,0.7517974206197106,0.593015526299438,0.16487379961032828,0.5930152275582623,0.5930155584441146,0.5930158453466182,3721,0,2.431890605330503e-07,1.105106517877123,-0.905491651870358,,,,-150.0,-150.0,-150.0,150.0,0.0,300.0,300.0,3.5762786865234375e-07,2.134964778299775e-07,-1.4413139082236626e-07
367,False,635.0,636.5499877929688,3721,3721,1.0,0.0,0,-1.2677534818649292,-1.2677534818649292,-1.2677531242370605,3.5762786865234375e-07,2.2005937694302702e-07,-2.0195508148973174,-2.019550702830692,-2.0195506014008395,2.134964778299775e-07,4.93819056276718e-08,-0.7517976906602568,-0.7517974206196979,-0.7517971195359103,0.7517971195359103,0.7517974206196979,0.7517976906602568,0.7517974206197106,0.593015526299438,0.16487379961032828,0.5930152275582623,0.5930155584441146,0.5930158453466182,3721,0,2.431890605330503e-07,1.105106517877123,-0.905491651870358,,,,-150.0,-150.0,-150.0,150.0,0.0,300.0,300.0,3.5762786865234375e-07,2.134964778299775e-07,-1.4413139082236626e-07
368,False,640.0,636.5499877929688,3721,3721,1.0,0.0,0,-1.2677534818649292,-1.2677534818649292,-1.2677531242370605,3.5762786865234375e-07,2.2005937694302702e-07,-2.0195508148973174,-2.019550702830692,-2.0195506014008395,2.134964778299775e-07,4.93819056276718e-08,-0.7517976906602568,-0.7517974206196979,-0.7517971195359103,0.7517971195359103,0.7517974206196979,0.7517976906602568,0.7517974206197106,0.593015526299438,0.16487379961032828,0.5930152275582623,0.5930155584441146,0.5930158453466182,3721,0,2.431890605330503e-07,1.105106517877123,-0.905491651870358,,,,-150.0,-150.0,-150.0,150.0,0.0,300.0,300.0,3.5762786865234375e-07,2.134964778299775e-07,-1.4413139082236626e-07
369,False,645.0,636.5499877929688,3721,3721,1.0,0.0,0,-1.2677534818649292,-1.2677534818649292,-1.2677531242370605,3.5762786865234375e-07,2.2005937694302702e-07,-2.0195508148973174,-2.019550702830692,-2.0195506014008395,2.134964778299775e-07,4.93819056276718e-08,-0.7517976906602568,-0.7517974206196979,-0.7517971195359103,0.7517971195359103,0.7517974206196979,0.7517976906602568,0.7517974206197106,0.593015526299438,0.16487379961032828,0.5930152275582623,0.5930155584441146,0.5930158453466182,3721,0,2.431890605330503e-07,1.105106517877123,-0.905491651870358,,,,-150.0,-150.0,-150.0,150.0,0.0,300.0,300.0,3.5762786865234375e-07,2.134964778299775e-07,-1.4413139082236626e-07
370,False,650.0,656.5,3721,3721,1.0,0.0,0,-1.311869502067566,-1.3118693828582764,-1.3118693828582764,1.1920928955078125e-07,8.012428054371412e-08,-2.053078253661462,-2.053078177517538,-2.0530781119789836,1.4168247819412727e-07,3.2856594726086414e-08,-0.7412088708031854,-0.7412087408052399,-0.7412086099114177,0.7412086099114177,0.7412087408052399,0.7412088708031854,0.741208740805245,0.5650018802299238,0.16255163698249023,0.5650017846616903,0.5650019125857547,0.5650020348735126,3721,0,1.0283875110512209e-07,1.2834905410745512,-0.7891040676402085,,,,-10.0,-130.0,-150.0,150.0,-140.0,280.0,313.04951684997053,1.1920928955078125e-07,1.4168247819412727e-07,2.247318864334602e-08
371,False,655.0,656.5,3721,3721,1.0,0.0,0,-1.311869502067566,-1.3118693828582764,-1.3118693828582764,1.1920928955078125e-07,8.012428054371412e-08,-2.053078253661462,-2.053078177517538,-2.0530781119789836,1.4168247819412727e-07,3.2856594726086414e-08,-0.7412088708031854,-0.7412087408052399,-0.7412086099114177,0.7412086099114177,0.7412087408052399,0.7412088708031854,0.741208740805245,0.5650018802299238,0.16255163698249023,0.5650017846616903,0.5650019125857547,0.5650020348735126,3721,0,1.0283875110512209e-07,1.2834905410745512,-0.7891040676402085,,,,-10.0,-130.0,-150.0,150.0,-140.0,280.0,313.04951684997053,1.1920928955078125e-07,1.4168247819412727e-07,2.247318864334602e-08
372,False,660.0,656.5,3721,3721,1.0,0.0,0,-1.311869502067566,-1.3118693828582764,-1.3118693828582764,1.1920928955078125e-07,8.012428054371412e-08,-2.053078253661462,-2.053078177517538,-2.0530781119789836,1.4168247819412727e-07,3.2856594726086414e-08,-0.7412088708031854,-0.7412087408052399,-0.7412086099114177,0.7412086099114177,0.7412087408052399,0.7412088708031854,0.741208740805245,0.5650018802299238,0.16255163698249023,0.5650017846616903,0.5650019125857547,0.5650020348735126,3721,0,1.0283875110512209e-07,1.2834905410745512,-0.7891040676402085,,,,-10.0,-130.0,-150.0,150.0,-140.0,280.0,313.04951684997053,1.1920928955078125e-07,1.4168247819412727e-07,2.247318864334602e-08
373,False,665.0,656.5,3721,3721,1.0,0.0,0,-1.311869502067566,-1.3118693828582764,-1.3118693828582764,1.1920928955078125e-07,8.012428054371412e-08,-2.053078253661462,-2.053078177517538,-2.0530781119789836,1.4168247819412727e-07,3.2856594726086414e-08,-0.7412088708031854,-0.7412087408052399,-0.7412086099114177,0.7412086099114177,0.7412087408052399,0.7412088708031854,0.741208740805245,0.5650018802299238,0.16255163698249023,0.5650017846616903,0.5650019125857547,0.5650020348735126,3721,0,1.0283875110512209e-07,1.2834905410745512,-0.7891040676402085,,,,-10.0,-130.0,-150.0,150.0,-140.0,280.0,313.04951684997053,1.1920928955078125e-07,1.4168247819412727e-07,2.247318864334602e-08
374,False,670.0,676.4500122070312,3721,3721,1.0,0.0,0,-1.3559856414794922,-1.3559857606887817,-1.3559855222702026,1.1920928955078125e-07,1.7732065771269845e-07,-2.086605704176502,-2.0866056522903795,-2.086605609517134,9.465936789965212e-08,2.1880548325843074e-08,-0.7306201819062994,-0.7306200589943788,-0.730619968037642,0.730619968037642,0.7306200589943788,0.7306201819062994,0.7306200589943826,0.5388110959197685,0.1602294739168301,0.5388109915680783,0.5388110777921037,0.5388111966587141,3721,0,1.841435278092243e-07,1.0384776362872015,-0.7763443694704052,,,,-150.0,-150.0,-150.0,150.0,0.0,300.0,300.0,1.1920928955078125e-07,9.465936789965212e-08,-2.4549921651129125e-08
375,False,675.0,676.4500122070312,3721,3721,1.0,0.0,0,-1.3559856414794922,-1.3559857606887817,-1.3559855222702026,1.1920928955078125e-07,1.7732065771269845e-07,-2.086605704176502,-2.0866056522903795,-2.086605609517134,9.465936789965212e-08,2.1880548325843074e-08,-0.7306201819062994,-0.7306200589943788,-0.730619968037642,0.730619968037642,0.7306200589943788,0.7306201819062994,0.7306200589943826,0.5388110959197685,0.1602294739168301,0.5388109915680783,0.5388110777921037,0.5388111966587141,3721,0,1.841435278092243e-07,1.0384776362872015,-0.7763443694704052,,,,-150.0,-150.0,-150.0,150.0,0.0,300.0,300.0,1.1920928955078125e-07,9.465936789965212e-08,-2.4549921651129125e-08
376,False,680.0,676.4500122070312,3721,3721,1.0,0.0,0,-1.3559856414794922,-1.3559857606887817,-1.3559855222702026,1.1920928955078125e-07,1.7732065771269845e-07,-2.086605704176502,-2.0866056522903795,-2.086605609517134,9.465936789965212e-08,2.1880548325843074e-08,-0.7306201819062994,-0.7306200589943788,-0.730619968037642,0.730619968037642,0.7306200589943788,0.7306201819062994,0.7306200589943826,0.5388110959197685,0.1602294739168301,0.5388109915680783,0.5388110777921037,0.5388111966587141,3721,0,1.841435278092243e-07,1.0384776362872015,-0.7763443694704052,,,,-150.0,-150.0,-150.0,150.0,0.0,300.0,300.0,1.1920928955078125e-07,9.465936789965212e-08,-2.4549921651129125e-08
377,False,685.0,676.4500122070312,3721,3721,1.0,0.0,0,-1.3559856414794922,-1.3559857606887817,-1.3559855222702026,1.1920928955078125e-07,1.7732065771269845e-07,-2.086605704176502,-2.0866056522903795,-2.086605609517134,9.465936789965212e-08,2.1880548325843074e-08,-0.7306201819062994,-0.7306200589943788,-0.730619968037642,0.730619968037642,0.7306200589943788,0.7306201819062994,0.7306200589943826,0.5388110959197685,0.1602294739168301,0.5388109915680783,0.5388110777921037,0.5388111966587141,3721,0,1.841435278092243e-07,1.0384776362872015,-0.7763443694704052,,,,-150.0,-150.0,-150.0,150.0,0.0,300.0,300.0,1.1920928955078125e-07,9.465936789965212e-08,-2.4549921651129125e-08
378,False,690.0,696.4000244140625,3721,3721,1.0,0.0,0,-1.4001017808914185,-1.400101900100708,-1.400101661682129,1.1920928955078125e-07,1.5483043114272732e-07,-2.120133162737701,-2.1201331272248316,-2.1201330986041693,6.413353181855541e-08,1.4711538982291808e-08,-0.7200315010555722,-0.7200313736288483,-0.7200313177127509,0.7200313177127509,0.7200313736288483,0.7200315010555722,0.7200313736288508,0.5142707168296333,0.1579073100716091,0.514270696273467,0.5142707462365091,0.5142708710098254,3721,0,1.587973358494072e-07,1.0256209056375991,-0.6973380802730319,,,,-150.0,-150.0,-150.0,150.0,0.0,300.0,300.0,1.1920928955078125e-07,6.413353181855541e-08,-5.507575773222584e-08
379,False,695.0,696.4000244140625,3721,3721,1.0,0.0,0,-1.4001017808914185,-1.400101900100708,-1.400101661682129,1.1920928955078125e-07,1.5483043114272732e-07,-2.120133162737701,-2.1201331272248316,-2.1201330986041693,6.413353181855541e-08,1.4711538982291808e-08,-0.7200315010555722,-0.7200313736288483,-0.7200313177127509,0.7200313177127509,0.7200313736288483,0.7200315010555722,0.7200313736288508,0.5142707168296333,0.1579073100716091,0.514270696273467,0.5142707462365091,0.5142708710098254,3721,0,1.587973358494072e-07,1.0256209056375991,-0.6973380802730319,,,,-150.0,-150.0,-150.0,150.0,0.0,300.0,300.0,1.1920928955078125e-07,6.413353181855541e-08,-5.507575773222584e-08
380,False,700.0,696.4000244140625,3721,3721,1.0,0.0,0,-1.4001017808914185,-1.400101900100708,-1.400101661682129,1.1920928955078125e-07,1.5483043114272732e-07,-2.120133162737701,-2.1201331272248316,-2.1201330986041693,6.413353181855541e-08,1.4711538982291808e-08,-0.7200315010555722,-0.7200313736288483,-0.7200313177127509,0.7200313177127509,0.7200313736288483,0.7200315010555722,0.7200313736288508,0.5142707168296333,0.1579073100716091,0.514270696273467,0.5142707462365091,0.5142708710098254,3721,0,1.587973358494072e-07,1.0256209056375991,-0.6973380802730319,,,,-150.0,-150.0,-150.0,150.0,0.0,300.0,300.0,1.1920928955078125e-07,6.413353181855541e-08,-5.507575773222584e-08
381,False,705.0,696.4000244140625,3721,3721,1.0,0.0,0,-1.4001017808914185,-1.400101900100708,-1.400101661682129,1.1920928955078125e-07,1.5483043114272732e-07,-2.120133162737701,-2.1201331272248316,-2.1201330986041693,6.413353181855541e-08,1.4711538982291808e-08,-0.7200315010555722,-0.7200313736288483,-0.7200313177127509,0.7200313177127509,0.7200313736288483,0.7200315010555722,0.7200313736288508,0.5142707168296333,0.1579073100716091,0.514270696273467,0.5142707462365091,0.5142708710098254,3721,0,1.587973358494072e-07,1.0256209056375991,-0.6973380802730319,,,,-150.0,-150.0,-150.0,150.0,0.0,300.0,300.0,1.1920928955078125e-07,6.413353181855541e-08,-5.507575773222584e-08
382,False,710.0,716.3499755859375,3721,3721,1.0,0.0,0,-1.4442179203033447,-1.4442178010940552,-1.4442179203033447,0.0,1.1920928955078125e-07,-2.153660524420521,-2.1536604996641517,-2.153660480696993,4.37235283534676e-08,9.944510782508287e-09,-0.7094426041171764,-0.709442579360807,-0.7094425603936481,0.7094425603936481,0.709442579360807,0.7094426041171764,0.7094425793608071,0.4912295664717542,0.15558512234339722,0.4912295785975541,0.4912295917307238,0.491229608872437,3721,0,1.1962335895373018e-07,1.0034734659061326,,,,,-150.0,-150.0,-150.0,150.0,0.0,300.0,300.0,0.0,4.37235283534676e-08,4.37235283534676e-08
383,False,715.0,716.3499755859375,3721,3721,1.0,0.0,0,-1.4442179203033447,-1.4442178010940552,-1.4442179203033447,0.0,1.1920928955078125e-07,-2.153660524420521,-2.1536604996641517,-2.153660480696993,4.37235283534676e-08,9.944510782508287e-09,-0.7094426041171764,-0.709442579360807,-0.7094425603936481,0.7094425603936481,0.709442579360807,0.7094426041171764,0.7094425793608071,0.4912295664717542,0.15558512234339722,0.4912295785975541,0.4912295917307238,0.491229608872437,3721,0,1.1962335895373018e-07,1.0034734659061326,,,,,-150.0,-150.0,-150.0,150.0,0.0,300.0,300.0,0.0,4.37235283534676e-08,4.37235283534676e-08
384,False,720.0,716.3499755859375,3721,3721,1.0,0.0,0,-1.4442179203033447,-1.4442178010940552,-1.4442179203033447,0.0,1.1920928955078125e-07,-2.153660524420521,-2.1536604996641517,-2.153660480696993,4.37235283534676e-08,9.944510782508287e-09,-0.7094426041171764,-0.709442579360807,-0.7094425603936481,0.7094425603936481,0.709442579360807,0.7094426041171764,0.7094425793608071,0.4912295664717542,0.15558512234339722,0.4912295785975541,0.4912295917307238,0.491229608872437,3721,0,1.1962335895373018e-07,1.0034734659061326,,,,,-150.0,-150.0,-150.0,150.0,0.0,300.0,300.0,0.0,4.37235283534676e-08,4.37235283534676e-08
385,False,725.0,716.3499755859375,3721,3721,1.0,0.0,0,-1.4442179203033447,-1.4442178010940552,-1.4442179203033447,0.0,1.1920928955078125e-07,-2.153660524420521,-2.1536604996641517,-2.153660480696993,4.37235283534676e-08,9.944510782508287e-09,-0.7094426041171764,-0.709442579360807,-0.7094425603936481,0.7094425603936481,0.709442579360807,0.7094426041171764,0.7094425793608071,0.4912295664717542,0.15558512234339722,0.4912295785975541,0.4912295917307238,0.491229608872437,3721,0,1.1962335895373018e-07,1.0034734659061326,,,,,-150.0,-150.0,-150.0,150.0,0.0,300.0,300.0,0.0,4.37235283534676e-08,4.37235283534676e-08
386,False,730.0,736.2999877929688,3721,3721,1.0,0.0,0,-1.488334059715271,-1.4883341789245605,-1.488334059715271,0.0,1.1920928955078125e-07,-2.1871879920912187,-2.1871879747193286,-2.187187962112372,2.997884651634308e-08,6.822302142446336e-09,-0.6988539323759477,-0.6988539150040572,-0.6988539023971012,0.6988539023971012,0.6988539150040572,0.6988539323759477,0.6988539150040572,0.46955448221225304,0.15326296310553134,0.4695544644935405,0.4695544729640556,0.46955448463609273,3721,0,1.1940434855971796e-07,1.0016362735628388,,,,,-150.0,-150.0,-150.0,150.0,0.0,300.0,300.0,0.0,2.997884651634308e-08,2.997884651634308e-08
387,False,735.0,736.2999877929688,3721,3721,1.0,0.0,0,-1.488334059715271,-1.4883341789245605,-1.488334059715271,0.0,1.1920928955078125e-07,-2.1871879920912187,-2.1871879747193286,-2.187187962112372,2.997884651634308e-08,6.822302142446336e-09,-0.6988539323759477,-0.6988539150040572,-0.6988539023971012,0.6988539023971012,0.6988539150040572,0.6988539323759477,0.6988539150040572,0.46955448221225304,0.15326296310553134,0.4695544644935405,0.4695544729640556,0.46955448463609273,3721,0,1.1940434855971796e-07,1.0016362735628388,,,,,-150.0,-150.0,-150.0,150.0,0.0,300.0,300.0,0.0,2.997884651634308e-08,2.997884651634308e-08
388,False,740.0,736.2999877929688,3721,3721,1.0,0.0,0,-1.488334059715271,-1.4883341789245605,-1.488334059715271,0.0,1.1920928955078125e-07,-2.1871879920912187,-2.1871879747193286,-2.187187962112372,2.997884651634308e-08,6.822302142446336e-09,-0.6988539323759477,-0.6988539150040572,-0.6988539023971012,0.6988539023971012,0.6988539150040572,0.6988539323759477,0.6988539150040572,0.46955448221225304,0.15326296310553134,0.4695544644935405,0.4695544729640556,0.46955448463609273,3721,0,1.1940434855971796e-07,1.0016362735628388,,,,,-150.0,-150.0,-150.0,150.0,0.0,300.0,300.0,0.0,2.997884651634308e-08,2.997884651634308e-08
389,False,745.0,736.2999877929688,3721,3721,1.0,0.0,0,-1.488334059715271,-1.4883341789245605,-1.488334059715271,0.0,1.1920928955078125e-07,-2.1871879920912187,-2.1871879747193286,-2.187187962112372,2.997884651634308e-08,6.822302142446336e-09,-0.6988539323759477,-0.6988539150040572,-0.6988539023971012,0.6988539023971012,0.6988539150040572,0.6988539323759477,0.6988539150040572,0.46955448221225304,0.15326296310553134,0.4695544644935405,0.4695544729640556,0.46955448463609273,3721,0,1.1940434855971796e-07,1.0016362735628388,,,,,-150.0,-150.0,-150.0,150.0,0.0,300.0,300.0,0.0,2.997884651634308e-08,2.997884651634308e-08
390,False,750.0,756.25,3721,3721,1.0,0.0,0,-1.5324501991271973,-1.5324499607086182,-1.5324501991271973,0.0,2.384185791015625e-07,-2.2207154619777683,-2.220715449825437,-2.22071544138576,2.059200809867434e-08,4.741064239533652e-09,-0.688265262850571,-0.6882652506982398,-0.6882652422585629,0.6882652422585629,0.6882652506982398,0.688265262850571,0.6882652506982398,0.44912732211530837,0.15094080387883527,0.4491273143170084,0.4491273198243175,0.44912732775431824,3721,0,2.3846571364441176e-07,1.0001976966016108,,,,,-150.0,-150.0,-150.0,150.0,0.0,300.0,300.0,0.0,2.059200809867434e-08,2.059200809867434e-08
391,False,755.0,756.25,3721,3721,1.0,0.0,0,-1.5324501991271973,-1.5324499607086182,-1.5324501991271973,0.0,2.384185791015625e-07,-2.2207154619777683,-2.220715449825437,-2.22071544138576,2.059200809867434e-08,4.741064239533652e-09,-0.688265262850571,-0.6882652506982398,-0.6882652422585629,0.6882652422585629,0.6882652506982398,0.688265262850571,0.6882652506982398,0.44912732211530837,0.15094080387883527,0.4491273143170084,0.4491273198243175,0.44912732775431824,3721,0,2.3846571364441176e-07,1.0001976966016108,,,,,-150.0,-150.0,-150.0,150.0,0.0,300.0,300.0,0.0,2.059200809867434e-08,2.059200809867434e-08
392,False,760.0,756.25,3721,3721,1.0,0.0,0,-1.5324501991271973,-1.5324499607086182,-1.5324501991271973,0.0,2.384185791015625e-07,-2.2207154619777683,-2.220715449825437,-2.22071544138576,2.059200809867434e-08,4.741064239533652e-09,-0.688265262850571,-0.6882652506982398,-0.6882652422585629,0.6882652422585629,0.6882652506982398,0.688265262850571,0.6882652506982398,0.44912732211530837,0.15094080387883527,0.4491273143170084,0.4491273198243175,0.44912732775431824,3721,0,2.3846571364441176e-07,1.0001976966016108,,,,,-150.0,-150.0,-150.0,150.0,0.0,300.0,300.0,0.0,2.059200809867434e-08,2.059200809867434e-08
393,False,765.0,756.25,3721,3721,1.0,0.0,0,-1.5324501991271973,-1.5324499607086182,-1.5324501991271973,0.0,2.384185791015625e-07,-2.2207154619777683,-2.220715449825437,-2.22071544138576,2.059200809867434e-08,4.741064239533652e-09,-0.688265262850571,-0.6882652506982398,-0.6882652422585629,0.6882652422585629,0.6882652506982398,0.688265262850571,0.6882652506982398,0.44912732211530837,0.15094080387883527,0.4491273143170084,0.4491273198243175,0.44912732775431824,3721,0,2.3846571364441176e-07,1.0001976966016108,,,,,-150.0,-150.0,-150.0,150.0,0.0,300.0,300.0,0.0,2.059200809867434e-08,2.059200809867434e-08
394,False,770.0,776.2000122070312,3721,3721,1.0,0.0,0,-1.5765663385391235,-1.576566457748413,-1.5765663385391235,0.0,1.1920928955078125e-07,-2.2542429336913603,-2.2542429249535094,-2.2542429191991635,1.4492196775961474e-08,3.3430250346333175e-09,-0.6776765951522368,-0.6776765864143857,-0.67767658066004,0.67767658066004,0.6776765864143857,0.6776765951522368,0.6776765864143858,0.42984336527328243,0.14861864465695587,0.42984336535307993,0.42984336900300285,0.429843374545333,3721,0,1.1925615491717902e-07,1.0003931351874875,,,,,-150.0,-150.0,-150.0,150.0,0.0,300.0,300.0,0.0,1.4492196775961474e-08,1.4492196775961474e-08
395,False,775.0,776.2000122070312,3721,3721,1.0,0.0,0,-1.5765663385391235,-1.576566457748413,-1.5765663385391235,0.0,1.1920928955078125e-07,-2.2542429336913603,-2.2542429249535094,-2.2542429191991635,1.4492196775961474e-08,3.3430250346333175e-09,-0.6776765951522368,-0.6776765864143857,-0.67767658066004,0.67767658066004,0.6776765864143857,0.6776765951522368,0.6776765864143858,0.42984336527328243,0.14861864465695587,0.42984336535307993,0.42984336900300285,0.429843374545333,3721,0,1.1925615491717902e-07,1.0003931351874875,,,,,-150.0,-150.0,-150.0,150.0,0.0,300.0,300.0,0.0,1.4492196775961474e-08,1.4492196775961474e-08
396,False,780.0,776.2000122070312,3721,3721,1.0,0.0,0,-1.5765663385391235,-1.576566457748413,-1.5765663385391235,0.0,1.1920928955078125e-07,-2.2542429336913603,-2.2542429249535094,-2.2542429191991635,1.4492196775961474e-08,3.3430250346333175e-09,-0.6776765951522368,-0.6776765864143857,-0.67767658066004,0.67767658066004,0.6776765864143857,0.6776765951522368,0.6776765864143858,0.42984336527328243,0.14861864465695587,0.42984336535307993,0.42984336900300285,0.429843374545333,3721,0,1.1925615491717902e-07,1.0003931351874875,,,,,-150.0,-150.0,-150.0,150.0,0.0,300.0,300.0,0.0,1.4492196775961474e-08,1.4492196775961474e-08
397,False,785.0,776.2000122070312,3721,3721,1.0,0.0,0,-1.5765663385391235,-1.576566457748413,-1.5765663385391235,0.0,1.1920928955078125e-07,-2.2542429336913603,-2.2542429249535094,-2.2542429191991635,1.4492196775961474e-08,3.3430250346333175e-09,-0.6776765951522368,-0.6776765864143857,-0.67767658066004,0.67767658066004,0.6776765864143857,0.6776765951522368,0.6776765864143858,0.42984336527328243,0.14861864465695587,0.42984336535307993,0.42984336900300285,0.429843374545333,3721,0,1.1925615491717902e-07,1.0003931351874875,,,,,-150.0,-150.0,-150.0,150.0,0.0,300.0,300.0,0.0,1.4492196775961474e-08,1.4492196775961474e-08
398,False,790.0,796.1500244140625,3721,3721,1.0,0.0,0,-1.6206824779510498,-1.6206822395324707,-1.6206824779510498,0.0,2.384185791015625e-07,-2.2877704063212065,-2.2877704001090517,-2.2877703961911005,1.0130106087302693e-08,2.397800137044887e-09,-0.6670879283701567,-0.6670879221580018,-0.6670879182400506,0.6670879182400506,0.6670879221580018,0.6670879283701567,0.6670879221580018,0.4116092869734754,0.14629648544110085,0.41160926172498485,0.4116092641424548,0.4116092679755035,3721,0,2.384306364084203e-07,1.0000505720103832,,,,,-150.0,-150.0,-150.0,150.0,0.0,300.0,300.0,0.0,1.0130106087302693e-08,1.0130106087302693e-08
399,False,795.0,796.1500244140625,3721,3721,1.0,0.0,0,-1.6206824779510498,-1.6206822395324707,-1.6206824779510498,0.0,2.384185791015625e-07,-2.2877704063212065,-2.2877704001090517,-2.2877703961911005,1.0130106087302693e-08,2.397800137044887e-09,-0.6670879283701567,-0.6670879221580018,-0.6670879182400506,0.6670879182400506,0.6670879221580018,0.6670879283701567,0.6670879221580018,0.4116092869734754,0.14629648544110085,0.41160926172498485,0.4116092641424548,0.4116092679755035,3721,0,2.384306364084203e-07,1.0000505720103832,,,,,-150.0,-150.0,-150.0,150.0,0.0,300.0,300.0,0.0,1.0130106087302693e-08,1.0130106087302693e-08
400,False,800.0,796.1500244140625,3721,3721,1.0,0.0,0,-1.6206824779510498,-1.6206822395324707,-1.6206824779510498,0.0,2.384185791015625e-07,-2.2877704063212065,-2.2877704001090517,-2.2877703961911005,1.0130106087302693e-08,2.397800137044887e-09,-0.6670879283701567,-0.6670879221580018,-0.6670879182400506,0.6670879182400506,0.6670879221580018,0.6670879283701567,0.6670879221580018,0.4116092869734754,0.14629648544110085,0.41160926172498485,0.4116092641424548,0.4116092679755035,3721,0,2.384306364084203e-07,1.0000505720103832,,,,,-150.0,-150.0,-150.0,150.0,0.0,300.0,300.0,0.0,1.0130106087302693e-08,1.0130106087302693e-08
401,False,805.0,796.1500244140625,3721,3721,1.0,0.0,0,-1.6206824779510498,-1.6206822395324707,-1.6206824779510498,0.0,2.384185791015625e-07,-2.2877704063212065,-2.2877704001090517,-2.2877703961911005,1.0130106087302693e-08,2.397800137044887e-09,-0.6670879283701567,-0.6670879221580018,-0.6670879182400506,0.6670879182400506,0.6670879221580018,0.6670879283701567,0.6670879221580018,0.4116092869734754,0.14629648544110085,0.41160926172498485,0.4116092641424548,0.4116092679755035,3721,0,2.384306364084203e-07,1.0000505720103832,,,,,-150.0,-150.0,-150.0,150.0,0.0,300.0,300.0,0.0,1.0130106087302693e-08,1.0130106087302693e-08
402,False,810.0,816.0999755859375,3721,3721,1.0,0.0,0,-1.664798617362976,-1.664798617362976,-1.664798617362976,0.0,0.0,-2.321297777118386,-2.3212977726893294,-2.321297770006436,7.1119501399152796e-09,1.7542890076222638e-09,-0.65649915975541,-0.6564991553263533,-0.6564991526434598,0.6564991526434598,0.6564991553263533,0.65649915975541,0.6564991553263533,0.39434149899686716,0.14397430372985923,0.3943414811836808,0.39434148279522313,0.394341485455639,3721,0,1.7542890076222638e-09,,,,,,-150.0,-150.0,-150.0,150.0,0.0,300.0,300.0,0.0,7.1119501399152796e-09,7.1119501399152796e-09
403,False,815.0,816.0999755859375,3721,3721,1.0,0.0,0,-1.664798617362976,-1.664798617362976,-1.664798617362976,0.0,0.0,-2.321297777118386,-2.3212977726893294,-2.321297770006436,7.1119501399152796e-09,1.7542890076222638e-09,-0.65649915975541,-0.6564991553263533,-0.6564991526434598,0.6564991526434598,0.6564991553263533,0.65649915975541,0.6564991553263533,0.39434149899686716,0.14397430372985923,0.3943414811836808,0.39434148279522313,0.394341485455639,3721,0,1.7542890076222638e-09,,,,,,-150.0,-150.0,-150.0,150.0,0.0,300.0,300.0,0.0,7.1119501399152796e-09,7.1119501399152796e-09
404,False,820.0,816.0999755859375,3721,3721,1.0,0.0,0,-1.664798617362976,-1.664798617362976,-1.664798617362976,0.0,0.0,-2.321297777118386,-2.3212977726893294,-2.321297770006436,7.1119501399152796e-09,1.7542890076222638e-09,-0.65649915975541,-0.6564991553263533,-0.6564991526434598,0.6564991526434598,0.6564991553263533,0.65649915975541,0.6564991553263533,0.39434149899686716,0.14397430372985923,0.3943414811836808,0.39434148279522313,0.394341485455639,3721,0,1.7542890076222638e-09,,,,,,-150.0,-150.0,-150.0,150.0,0.0,300.0,300.0,0.0,7.1119501399152796e-09,7.1119501399152796e-09
405,False,825.0,816.0999755859375,3721,3721,1.0,0.0,0,-1.664798617362976,-1.664798617362976,-1.664798617362976,0.0,0.0,-2.321297777118386,-2.3212977726893294,-2.321297770006436,7.1119501399152796e-09,1.7542890076222638e-09,-0.65649915975541,-0.6564991553263533,-0.6564991526434598,0.6564991526434598,0.6564991553263533,0.65649915975541,0.6564991553263533,0.39434149899686716,0.14397430372985923,0.3943414811836808,0.39434148279522313,0.394341485455639,3721,0,1.7542890076222638e-09,,,,,,-150.0,-150.0,-150.0,150.0,0.0,300.0,300.0,0.0,7.1119501399152796e-09,7.1119501399152796e-09
406,False,830.0,836.0499877929688,3721,3721,1.0,0.0,0,-1.7089147567749023,-1.7089149951934814,-1.7089147567749023,0.0,2.384185791015625e-07,-2.3548252510845487,-2.3548252478496283,-2.3548252459327292,5.1518194155164565e-09,1.3135285099285338e-09,-0.6459104943096463,-0.645910491074726,-0.6459104891578269,0.6459104891578269,0.645910491074726,0.6459104943096463,0.645910491074726,0.37796531760369145,0.14165214451504737,0.37796530610853984,0.37796530723024524,0.37796530912321297,3721,0,2.384221973323643e-07,1.000015175959925,,,,,-150.0,-150.0,-150.0,150.0,0.0,300.0,300.0,0.0,5.1518194155164565e-09,5.1518194155164565e-09
407,False,835.0,836.0499877929688,3721,3721,1.0,0.0,0,-1.7089147567749023,-1.7089149951934814,-1.7089147567749023,0.0,2.384185791015625e-07,-2.3548252510845487,-2.3548252478496283,-2.3548252459327292,5.1518194155164565e-09,1.3135285099285338e-09,-0.6459104943096463,-0.645910491074726,-0.6459104891578269,0.6459104891578269,0.645910491074726,0.6459104943096463,0.645910491074726,0.37796531760369145,0.14165214451504737,0.37796530610853984,0.37796530723024524,0.37796530912321297,3721,0,2.384221973323643e-07,1.000015175959925,,,,,-150.0,-150.0,-150.0,150.0,0.0,300.0,300.0,0.0,5.1518194155164565e-09,5.1518194155164565e-09
408,False,840.0,836.0499877929688,3721,3721,1.0,0.0,0,-1.7089147567749023,-1.7089149951934814,-1.7089147567749023,0.0,2.384185791015625e-07,-2.3548252510845487,-2.3548252478496283,-2.3548252459327292,5.1518194155164565e-09,1.3135285099285338e-09,-0.6459104943096463,-0.645910491074726,-0.6459104891578269,0.6459104891578269,0.645910491074726,0.6459104943096463,0.645910491074726,0.37796531760369145,0.14165214451504737,0.37796530610853984,0.37796530723024524,0.37796530912321297,3721,0,2.384221973323643e-07,1.000015175959925,,,,,-150.0,-150.0,-150.0,150.0,0.0,300.0,300.0,0.0,5.1518194155164565e-09,5.1518194155164565e-09
409,False,845.0,836.0499877929688,3721,3721,1.0,0.0,0,-1.7089147567749023,-1.7089149951934814,-1.7089147567749023,0.0,2.384185791015625e-07,-2.3548252510845487,-2.3548252478496283,-2.3548252459327292,5.1518194155164565e-09,1.3135285099285338e-09,-0.6459104943096463,-0.645910491074726,-0.6459104891578269,0.6459104891578269,0.645910491074726,0.6459104943096463,0.645910491074726,0.37796531760369145,0.14165214451504737,0.37796530610853984,0.37796530723024524,0.37796530912321297,3721,0,2.384221973323643e-07,1.000015175959925,,,,,-150.0,-150.0,-150.0,150.0,0.0,300.0,300.0,0.0,5.1518194155164565e-09,5.1518194155164565e-09
410,False,850.0,856.0,3721,3721,1.0,0.0,0,-1.7530308961868286,-1.7530310153961182,-1.7530308961868286,0.0,1.1920928955078125e-07,-2.3883527253865937,-2.3883527230125576,-2.388352721636608,3.749985655332466e-09,9.962002479348282e-10,-0.6353218291997651,-0.6353218268257294,-0.6353218254497794,0.6353218254497794,0.6353218268257294,0.6353218291997651,0.6353218268257294,0.36241334484583315,0.13932998530081245,0.36241336466557644,0.36241336545047415,0.3624133668047205,3721,0,1.1921345227439158e-07,1.0000349194565794,,,,,-150.0,-150.0,-150.0,150.0,0.0,300.0,300.0,0.0,3.749985655332466e-09,3.749985655332466e-09
411,False,855.0,856.0,3721,3721,1.0,0.0,0,-1.7530308961868286,-1.7530310153961182,-1.7530308961868286,0.0,1.1920928955078125e-07,-2.3883527253865937,-2.3883527230125576,-2.388352721636608,3.749985655332466e-09,9.962002479348282e-10,-0.6353218291997651,-0.6353218268257294,-0.6353218254497794,0.6353218254497794,0.6353218268257294,0.6353218291997651,0.6353218268257294,0.36241334484583315,0.13932998530081245,0.36241336466557644,0.36241336545047415,0.3624133668047205,3721,0,1.1921345227439158e-07,1.0000349194565794,,,,,-150.0,-150.0,-150.0,150.0,0.0,300.0,300.0,0.0,3.749985655332466e-09,3.749985655332466e-09
412,False,860.0,856.0,3721,3721,1.0,0.0,0,-1.7530308961868286,-1.7530310153961182,-1.7530308961868286,0.0,1.1920928955078125e-07,-2.3883527253865937,-2.3883527230125576,-2.388352721636608,3.749985655332466e-09,9.962002479348282e-10,-0.6353218291997651,-0.6353218268257294,-0.6353218254497794,0.6353218254497794,0.6353218268257294,0.6353218291997651,0.6353218268257294,0.36241334484583315,0.13932998530081245,0.36241336466557644,0.36241336545047415,0.3624133668047205,3721,0,1.1921345227439158e-07,1.0000349194565794,,,,,-150.0,-150.0,-150.0,150.0,0.0,300.0,300.0,0.0,3.749985655332466e-09,3.749985655332466e-09
413,False,865.0,856.0,3721,3721,1.0,0.0,0,-1.7530308961868286,-1.7530310153961182,-1.7530308961868286,0.0,1.1920928955078125e-07,-2.3883527253865937,-2.3883527230125576,-2.388352721636608,3.749985655332466e-09,9.962002479348282e-10,-0.6353218291997651,-0.6353218268257294,-0.6353218254497794,0.6353218254497794,0.6353218268257294,0.6353218291997651,0.6353218268257294,0.36241334484583315,0.13932998530081245,0.36241336466557644,0.36241336545047415,0.3624133668047205,3721,0,1.1921345227439158e-07,1.0000349194565794,,,,,-150.0,-150.0,-150.0,150.0,0.0,300.0,300.0,0.0,3.749985655332466e-09,3.749985655332466e-09
414,False,870.0,875.9500122070312,3721,3721,1.0,0.0,0,-1.7971471548080444,-1.797147274017334,-1.7971471548080444,0.0,1.1920928955078125e-07,-2.4218801999245407,-2.4218801981803133,-2.42188019713825,2.7862907536757575e-09,7.666725500262918e-10,-0.6247330451164963,-0.6247330433722689,-0.6247330423302055,0.6247330423302055,0.6247330433722689,0.6247330451164963,0.624733043372269,0.3476248681258666,0.13700779994430523,0.34762486792403713,0.34762486850388025,0.34762486947443366,3721,0,1.1921175492740042e-07,1.0000206810780305,,,,,-150.0,-150.0,-150.0,150.0,0.0,300.0,300.0,0.0,2.7862907536757575e-09,2.7862907536757575e-09
415,False,875.0,875.9500122070312,3721,3721,1.0,0.0,0,-1.7971471548080444,-1.797147274017334,-1.7971471548080444,0.0,1.1920928955078125e-07,-2.4218801999245407,-2.4218801981803133,-2.42188019713825,2.7862907536757575e-09,7.666725500262918e-10,-0.6247330451164963,-0.6247330433722689,-0.6247330423302055,0.6247330423302055,0.6247330433722689,0.6247330451164963,0.624733043372269,0.3476248681258666,0.13700779994430523,0.34762486792403713,0.34762486850388025,0.34762486947443366,3721,0,1.1921175492740042e-07,1.0000206810780305,,,,,-150.0,-150.0,-150.0,150.0,0.0,300.0,300.0,0.0,2.7862907536757575e-09,2.7862907536757575e-09
416,False,880.0,875.9500122070312,3721,3721,1.0,0.0,0,-1.7971471548080444,-1.797147274017334,-1.7971471548080444,0.0,1.1920928955078125e-07,-2.4218801999245407,-2.4218801981803133,-2.42188019713825,2.7862907536757575e-09,7.666725500262918e-10,-0.6247330451164963,-0.6247330433722689,-0.6247330423302055,0.6247330423302055,0.6247330433722689,0.6247330451164963,0.624733043372269,0.3476248681258666,0.13700779994430523,0.34762486792403713,0.34762486850388025,0.34762486947443366,3721,0,1.1921175492740042e-07,1.0000206810780305,,,,,-150.0,-150.0,-150.0,150.0,0.0,300.0,300.0,0.0,2.7862907536757575e-09,2.7862907536757575e-09
417,False,885.0,875.9500122070312,3721,3721,1.0,0.0,0,-1.7971471548080444,-1.797147274017334,-1.7971471548080444,0.0,1.1920928955078125e-07,-2.4218801999245407,-2.4218801981803133,-2.42188019713825,2.7862907536757575e-09,7.666725500262918e-10,-0.6247330451164963,-0.6247330433722689,-0.6247330423302055,0.6247330423302055,0.6247330433722689,0.6247330451164963,0.624733043372269,0.3476248681258666,0.13700779994430523,0.34762486792403713,0.34762486850388025,0.34762486947443366,3721,0,1.1921175492740042e-07,1.0000206810780305,,,,,-150.0,-150.0,-150.0,150.0,0.0,300.0,300.0,0.0,2.7862907536757575e-09,2.7862907536757575e-09
418,False,890.0,895.9000244140625,3721,3721,1.0,0.0,0,-1.8412632942199707,-1.8412630558013916,-1.8412632942199707,0.0,2.384185791015625e-07,-2.455407674654153,-2.455407673349272,-2.4554076725385094,2.1156436602609574e-09,5.938741409720643e-10,-0.6141443804341824,-0.6141443791293012,-0.6141443783185387,0.6141443783185387,0.6141443791293012,0.6141443804341824,0.6141443791293012,0.3335451117910364,0.13468564073139247,0.33354511559886046,0.3335451160391899,0.3335451167478779,3721,0,2.3841931888869675e-07,1.0000031028921363,,,,,-150.0,-150.0,-150.0,150.0,0.0,300.0,300.0,0.0,2.1156436602609574e-09,2.1156436602609574e-09
419,False,895.0,895.9000244140625,3721,3721,1.0,0.0,0,-1.8412632942199707,-1.8412630558013916,-1.8412632942199707,0.0,2.384185791015625e-07,-2.455407674654153,-2.455407673349272,-2.4554076725385094,2.1156436602609574e-09,5.938741409720643e-10,-0.6141443804341824,-0.6141443791293012,-0.6141443783185387,0.6141443783185387,0.6141443791293012,0.6141443804341824,0.6141443791293012,0.3335451117910364,0.13468564073139247,0.33354511559886046,0.3335451160391899,0.3335451167478779,3721,0,2.3841931888869675e-07,1.0000031028921363,,,,,-150.0,-150.0,-150.0,150.0,0.0,300.0,300.0,0.0,2.1156436602609574e-09,2.1156436602609574e-09
420,False,900.0,895.9000244140625,3721,3721,1.0,0.0,0,-1.8412632942199707,-1.8412630558013916,-1.8412632942199707,0.0,2.384185791015625e-07,-2.455407674654153,-2.455407673349272,-2.4554076725385094,2.1156436602609574e-09,5.938741409720643e-10,-0.6141443804341824,-0.6141443791293012,-0.6141443783185387,0.6141443783185387,0.6141443791293012,0.6141443804341824,0.6141443791293012,0.3335451117910364,0.13468564073139247,0.33354511559886046,0.3335451160391899,0.3335451167478779,3721,0,2.3841931888869675e-07,1.0000031028921363,,,,,-150.0,-150.0,-150.0,150.0,0.0,300.0,300.0,0.0,2.1156436602609574e-09,2.1156436602609574e-09
421,False,905.0,895.9000244140625,3721,3721,1.0,0.0,0,-1.8412632942199707,-1.8412630558013916,-1.8412632942199707,0.0,2.384185791015625e-07,-2.455407674654153,-2.455407673349272,-2.4554076725385094,2.1156436602609574e-09,5.938741409720643e-10,-0.6141443804341824,-0.6141443791293012,-0.6141443783185387,0.6141443783185387,0.6141443791293012,0.6141443804341824,0.6141443791293012,0.3335451117910364,0.13468564073139247,0.33354511559886046,0.3335451160391899,0.3335451167478779,3721,0,2.3841931888869675e-07,1.0000031028921363,,,,,-150.0,-150.0,-150.0,150.0,0.0,300.0,300.0,0.0,2.1156436602609574e-09,2.1156436602609574e-09
422,False,910.0,915.8499755859375,3721,3721,1.0,0.0,0,-1.885379433631897,-1.885379672050476,-1.885379433631897,0.0,2.384185791015625e-07,-2.4889350469134315,-2.488935045945619,-2.488935045303895,1.6095365040769138e-09,4.6202422779401984e-10,-0.6035556132815345,-0.6035556123137219,-0.603555611671998,0.603555611671998,0.6035556123137219,0.6035556132815345,0.6035556123137219,0.32012422921193423,0.13236345902367494,0.32012421526702445,0.320124215607393,0.3201242161207181,3721,0,2.384190267043366e-07,1.0000018773821058,,,,,-150.0,-150.0,-150.0,150.0,0.0,300.0,300.0,0.0,1.6095365040769138e-09,1.6095365040769138e-09
423,False,915.0,915.8499755859375,3721,3721,1.0,0.0,0,-1.885379433631897,-1.885379672050476,-1.885379433631897,0.0,2.384185791015625e-07,-2.4889350469134315,-2.488935045945619,-2.488935045303895,1.6095365040769138e-09,4.6202422779401984e-10,-0.6035556132815345,-0.6035556123137219,-0.603555611671998,0.603555611671998,0.6035556123137219,0.6035556132815345,0.6035556123137219,0.32012422921193423,0.13236345902367494,0.32012421526702445,0.320124215607393,0.3201242161207181,3721,0,2.384190267043366e-07,1.0000018773821058,,,,,-150.0,-150.0,-150.0,150.0,0.0,300.0,300.0,0.0,1.6095365040769138e-09,1.6095365040769138e-09
424,False,920.0,915.8499755859375,3721,3721,1.0,0.0,0,-1.885379433631897,-1.885379672050476,-1.885379433631897,0.0,2.384185791015625e-07,-2.4889350469134315,-2.488935045945619,-2.488935045303895,1.6095365040769138e-09,4.6202422779401984e-10,-0.6035556132815345,-0.6035556123137219,-0.603555611671998,0.603555611671998,0.6035556123137219,0.6035556132815345,0.6035556123137219,0.32012422921193423,0.13236345902367494,0.32012421526702445,0.320124215607393,0.3201242161207181,3721,0,2.384190267043366e-07,1.0000018773821058,,,,,-150.0,-150.0,-150.0,150.0,0.0,300.0,300.0,0.0,1.6095365040769138e-09,1.6095365040769138e-09
425,False,925.0,915.8499755859375,3721,3721,1.0,0.0,0,-1.885379433631897,-1.885379672050476,-1.885379433631897,0.0,2.384185791015625e-07,-2.4889350469134315,-2.488935045945619,-2.488935045303895,1.6095365040769138e-09,4.6202422779401984e-10,-0.6035556132815345,-0.6035556123137219,-0.603555611671998,0.603555611671998,0.6035556123137219,0.6035556132815345,0.6035556123137219,0.32012422921193423,0.13236345902367494,0.32012421526702445,0.320124215607393,0.3201242161207181,3721,0,2.384190267043366e-07,1.0000018773821058,,,,,-150.0,-150.0,-150.0,150.0,0.0,300.0,300.0,0.0,1.6095365040769138e-09,1.6095365040769138e-09
426,False,930.0,935.7999877929688,3721,3721,1.0,0.0,0,-1.9294955730438232,-1.9294953346252441,-1.9294955730438232,0.0,2.384185791015625e-07,-2.5224625218327925,-2.5224625211145852,-2.5224625205979976,1.2347949329694075e-09,3.5882289590850754e-10,-0.5929669487889693,-0.5929669480707622,-0.5929669475541743,0.5929669475541743,0.5929669480707622,0.5929669487889693,0.5929669480707622,0.3073170708113144,0.13004129981076393,0.3073170811264187,0.3073170813941507,0.30731708176637607,3721,0,2.384188489683056e-07,1.00000113190316,,,,,-150.0,-150.0,-150.0,150.0,0.0,300.0,300.0,0.0,1.2347949329694075e-09,1.2347949329694075e-09
427,False,935.0,935.7999877929688,3721,3721,1.0,0.0,0,-1.9294955730438232,-1.9294953346252441,-1.9294955730438232,0.0,2.384185791015625e-07,-2.5224625218327925,-2.5224625211145852,-2.5224625205979976,1.2347949329694075e-09,3.5882289590850754e-10,-0.5929669487889693,-0.5929669480707622,-0.5929669475541743,0.5929669475541743,0.5929669480707622,0.5929669487889693,0.5929669480707622,0.3073170708113144,0.13004129981076393,0.3073170811264187,0.3073170813941507,0.30731708176637607,3721,0,2.384188489683056e-07,1.00000113190316,,,,,-150.0,-150.0,-150.0,150.0,0.0,300.0,300.0,0.0,1.2347949329694075e-09,1.2347949329694075e-09
428,False,940.0,935.7999877929688,3721,3721,1.0,0.0,0,-1.9294955730438232,-1.9294953346252441,-1.9294955730438232,0.0,2.384185791015625e-07,-2.5224625218327925,-2.5224625211145852,-2.5224625205979976,1.2347949329694075e-09,3.5882289590850754e-10,-0.5929669487889693,-0.5929669480707622,-0.5929669475541743,0.5929669475541743,0.5929669480707622,0.5929669487889693,0.5929669480707622,0.3073170708113144,0.13004129981076393,0.3073170811264187,0.3073170813941507,0.30731708176637607,3721,0,2.384188489683056e-07,1.00000113190316,,,,,-150.0,-150.0,-150.0,150.0,0.0,300.0,300.0,0.0,1.2347949329694075e-09,1.2347949329694075e-09
429,False,945.0,935.7999877929688,3721,3721,1.0,0.0,0,-1.9294955730438232,-1.9294953346252441,-1.9294955730438232,0.0,2.384185791015625e-07,-2.5224625218327925,-2.5224625211145852,-2.5224625205979976,1.2347949329694075e-09,3.5882289590850754e-10,-0.5929669487889693,-0.5929669480707622,-0.5929669475541743,0.5929669475541743,0.5929669480707622,0.5929669487889693,0.5929669480707622,0.3073170708113144,0.13004129981076393,0.3073170811264187,0.3073170813941507,0.30731708176637607,3721,0,2.384188489683056e-07,1.00000113190316,,,,,-150.0,-150.0,-150.0,150.0,0.0,300.0,300.0,0.0,1.2347949329694075e-09,1.2347949329694075e-09
430,False,950.0,955.75,3721,3721,1.0,0.0,0,-1.9736117124557495,-1.973611831665039,-1.9736117124557495,0.0,1.1920928955078125e-07,-2.555989996790936,-2.5559899962822343,-2.555989995860848,9.300880066120953e-10,2.798414144030678e-10,-0.5823782843351863,-0.5823782838264852,-0.5823782834050983,0.5823782834050983,0.5823782838264852,0.5823782843351863,0.5823782838264853,0.2950825084324591,0.12771914059756406,0.2950825026673811,0.29508250288089166,0.29508250313864304,3721,0,1.1920961841441316e-07,1.0000027587080937,,,,,-150.0,-150.0,-150.0,150.0,0.0,300.0,300.0,0.0,9.300880066120953e-10,9.300880066120953e-10
431,False,955.0,955.75,3721,3721,1.0,0.0,0,-1.9736117124557495,-1.973611831665039,-1.9736117124557495,0.0,1.1920928955078125e-07,-2.555989996790936,-2.5559899962822343,-2.555989995860848,9.300880066120953e-10,2.798414144030678e-10,-0.5823782843351863,-0.5823782838264852,-0.5823782834050983,0.5823782834050983,0.5823782838264852,0.5823782843351863,0.5823782838264853,0.2950825084324591,0.12771914059756406,0.2950825026673811,0.29508250288089166,0.29508250313864304,3721,0,1.1920961841441316e-07,1.0000027587080937,,,,,-150.0,-150.0,-150.0,150.0,0.0,300.0,300.0,0.0,9.300880066120953e-10,9.300880066120953e-10
432,False,960.0,955.75,3721,3721,1.0,0.0,0,-1.9736117124557495,-1.973611831665039,-1.9736117124557495,0.0,1.1920928955078125e-07,-2.555989996790936,-2.5559899962822343,-2.555989995860848,9.300880066120953e-10,2.798414144030678e-10,-0.5823782843351863,-0.5823782838264852,-0.5823782834050983,0.5823782834050983,0.5823782838264852,0.5823782843351863,0.5823782838264853,0.2950825084324591,0.12771914059756406,0.2950825026673811,0.29508250288089166,0.29508250313864304,3721,0,1.1920961841441316e-07,1.0000027587080937,,,,,-150.0,-150.0,-150.0,150.0,0.0,300.0,300.0,0.0,9.300880066120953e-10,9.300880066120953e-10
433,False,965.0,955.75,3721,3721,1.0,0.0,0,-1.9736117124557495,-1.973611831665039,-1.9736117124557495,0.0,1.1920928955078125e-07,-2.555989996790936,-2.5559899962822343,-2.555989995860848,9.300880066120953e-10,2.798414144030678e-10,-0.5823782843351863,-0.5823782838264852,-0.5823782834050983,0.5823782834050983,0.5823782838264852,0.5823782843351863,0.5823782838264853,0.2950825084324591,0.12771914059756406,0.2950825026673811,0.29508250288089166,0.29508250313864304,3721,0,1.1920961841441316e-07,1.0000027587080937,,,,,-150.0,-150.0,-150.0,150.0,0.0,300.0,300.0,0.0,9.300880066120953e-10,9.300880066120953e-10
434,False,970.0,975.7000122070312,3721,3721,1.0,0.0,0,-2.017727851867676,-2.0177273750305176,-2.017727851867676,0.0,4.76837158203125e-07,-2.5895174718393514,-2.589517471446404,-2.589517471099572,7.397793488905791e-10,2.2104468884652794e-10,-0.5717896199716757,-0.5717896195787285,-0.5717896192318963,0.5717896192318963,0.5717896195787285,0.5717896199716757,0.5717896195787285,0.2833829267311106,0.12539698138360103,0.2833829243634759,0.2833829245353684,0.2833829247301157,3721,0,4.76837209075e-07,1.0000001066860544,,,,,-150.0,-150.0,-150.0,-125.0,0.0,25.0,25.0,0.0,7.397793488905791e-10,7.397793488905791e-10
435,False,975.0,975.7000122070312,3721,3721,1.0,0.0,0,-2.017727851867676,-2.0177273750305176,-2.017727851867676,0.0,4.76837158203125e-07,-2.5895174718393514,-2.589517471446404,-2.589517471099572,7.397793488905791e-10,2.2104468884652794e-10,-0.5717896199716757,-0.5717896195787285,-0.5717896192318963,0.5717896192318963,0.5717896195787285,0.5717896199716757,0.5717896195787285,0.2833829267311106,0.12539698138360103,0.2833829243634759,0.2833829245353684,0.2833829247301157,3721,0,4.76837209075e-07,1.0000001066860544,,,,,-150.0,-150.0,-150.0,-125.0,0.0,25.0,25.0,0.0,7.397793488905791e-10,7.397793488905791e-10
436,False,980.0,975.7000122070312,3721,3721,1.0,0.0,0,-2.017727851867676,-2.0177273750305176,-2.017727851867676,0.0,4.76837158203125e-07,-2.5895174718393514,-2.589517471446404,-2.589517471099572,7.397793488905791e-10,2.2104468884652794e-10,-0.5717896199716757,-0.5717896195787285,-0.5717896192318963,0.5717896192318963,0.5717896195787285,0.5717896199716757,0.5717896195787285,0.2833829267311106,0.12539698138360103,0.2833829243634759,0.2833829245353684,0.2833829247301157,3721,0,4.76837209075e-07,1.0000001066860544,,,,,-150.0,-150.0,-150.0,-125.0,0.0,25.0,25.0,0.0,7.397793488905791e-10,7.397793488905791e-10
437,False,985.0,975.7000122070312,3721,3721,1.0,0.0,0,-2.017727851867676,-2.0177273750305176,-2.017727851867676,0.0,4.76837158203125e-07,-2.5895174718393514,-2.589517471446404,-2.589517471099572,7.397793488905791e-10,2.2104468884652794e-10,-0.5717896199716757,-0.5717896195787285,-0.5717896192318963,0.5717896192318963,0.5717896195787285,0.5717896199716757,0.5717896195787285,0.2833829267311106,0.12539698138360103,0.2833829243634759,0.2833829245353684,0.2833829247301157,3721,0,4.76837209075e-07,1.0000001066860544,,,,,-150.0,-150.0,-150.0,-125.0,0.0,25.0,25.0,0.0,7.397793488905791e-10,7.397793488905791e-10
438,False,990.0,995.6500244140625,3721,3721,1.0,0.0,0,-2.0618441104888916,-2.0618438720703125,-2.0618441104888916,0.0,2.384185791015625e-07,-2.623044946936389,-2.6230449466043084,-2.623044946318564,6.178249023491844e-10,1.790292557979132e-10,-0.5612008364474974,-0.5612008361154173,-0.5612008358296725,0.5612008358296725,0.5612008361154173,0.5612008364474974,0.5612008361154172,0.27218392994359547,0.12307479602493344,0.2721839313528917,0.2721839314914786,0.27218393165253846,3721,0,2.3841864597249996e-07,1.0000002804770407,,,,,-150.0,-150.0,-150.0,-115.0,0.0,35.0,35.0,0.0,6.178249023491844e-10,6.178249023491844e-10
439,False,995.0,995.6500244140625,3721,3721,1.0,0.0,0,-2.0618441104888916,-2.0618438720703125,-2.0618441104888916,0.0,2.384185791015625e-07,-2.623044946936389,-2.6230449466043084,-2.623044946318564,6.178249023491844e-10,1.790292557979132e-10,-0.5612008364474974,-0.5612008361154173,-0.5612008358296725,0.5612008358296725,0.5612008361154173,0.5612008364474974,0.5612008361154172,0.27218392994359547,0.12307479602493344,0.2721839313528917,0.2721839314914786,0.27218393165253846,3721,0,2.3841864597249996e-07,1.0000002804770407,,,,,-150.0,-150.0,-150.0,-115.0,0.0,35.0,35.0,0.0,6.178249023491844e-10,6.178249023491844e-10
440,False,1000.0,995.6500244140625,3721,3721,1.0,0.0,0,-2.0618441104888916,-2.0618438720703125,-2.0618441104888916,0.0,2.384185791015625e-07,-2.623044946936389,-2.6230449466043084,-2.623044946318564,6.178249023491844e-10,1.790292557979132e-10,-0.5612008364474974,-0.5612008361154173,-0.5612008358296725,0.5612008358296725,0.5612008361154173,0.5612008364474974,0.5612008361154172,0.27218392994359547,0.12307479602493344,0.2721839313528917,0.2721839314914786,0.27218393165253846,3721,0,2.3841864597249996e-07,1.0000002804770407,,,,,-150.0,-150.0,-150.0,-115.0,0.0,35.0,35.0,0.0,6.178249023491844e-10,6.178249023491844e-10
441,False,1005.0,995.6500244140625,3721,3721,1.0,0.0,0,-2.0618441104888916,-2.0618438720703125,-2.0618441104888916,0.0,2.384185791015625e-07,-2.623044946936389,-2.6230449466043084,-2.623044946318564,6.178249023491844e-10,1.790292557979132e-10,-0.5612008364474974,-0.5612008361154173,-0.5612008358296725,0.5612008358296725,0.5612008361154173,0.5612008364474974,0.5612008361154172,0.27218392994359547,0.12307479602493344,0.2721839313528917,0.2721839314914786,0.27218393165253846,3721,0,2.3841864597249996e-07,1.0000002804770407,,,,,-150.0,-150.0,-150.0,-115.0,0.0,35.0,35.0,0.0,6.178249023491844e-10,6.178249023491844e-10
442,False,1010.0,1015.5999755859375,3721,3721,1.0,0.0,0,-2.1059601306915283,-2.1059603691101074,-2.1059601306915283,0.0,2.384185791015625e-07,-2.656572319459868,-2.6565723191813806,-2.6565723189432373,5.166307381898605e-10,1.4724071638697732e-10,-0.5506121887683397,-0.5506121884898525,-0.550612188251709,0.550612188251709,0.5506121884898525,0.5506121887683397,0.5506121884898524,0.2614542440822019,0.12075264045631938,0.2614542318381431,0.26145423195122375,0.26145423208346147,3721,0,2.384186246729565e-07,1.00000019114028,,,,,-150.0,-150.0,-150.0,-105.0,0.0,45.0,45.0,0.0,5.166307381898605e-10,5.166307381898605e-10
443,False,1015.0,1015.5999755859375,3721,3721,1.0,0.0,0,-2.1059601306915283,-2.1059603691101074,-2.1059601306915283,0.0,2.384185791015625e-07,-2.656572319459868,-2.6565723191813806,-2.6565723189432373,5.166307381898605e-10,1.4724071638697732e-10,-0.5506121887683397,-0.5506121884898525,-0.550612188251709,0.550612188251709,0.5506121884898525,0.5506121887683397,0.5506121884898524,0.2614542440822019,0.12075264045631938,0.2614542318381431,0.26145423195122375,0.26145423208346147,3721,0,2.384186246729565e-07,1.00000019114028,,,,,-150.0,-150.0,-150.0,-105.0,0.0,45.0,45.0,0.0,5.166307381898605e-10,5.166307381898605e-10
444,False,1020.0,1015.5999755859375,3721,3721,1.0,0.0,0,-2.1059601306915283,-2.1059603691101074,-2.1059601306915283,0.0,2.384185791015625e-07,-2.656572319459868,-2.6565723191813806,-2.6565723189432373,5.166307381898605e-10,1.4724071638697732e-10,-0.5506121887683397,-0.5506121884898525,-0.550612188251709,0.550612188251709,0.5506121884898525,0.5506121887683397,0.5506121884898524,0.2614542440822019,0.12075264045631938,0.2614542318381431,0.26145423195122375,0.26145423208346147,3721,0,2.384186246729565e-07,1.00000019114028,,,,,-150.0,-150.0,-150.0,-105.0,0.0,45.0,45.0,0.0,5.166307381898605e-10,5.166307381898605e-10
445,False,1025.0,1015.5999755859375,3721,3721,1.0,0.0,0,-2.1059601306915283,-2.1059603691101074,-2.1059601306915283,0.0,2.384185791015625e-07,-2.656572319459868,-2.6565723191813806,-2.6565723189432373,5.166307381898605e-10,1.4724071638697732e-10,-0.5506121887683397,-0.5506121884898525,-0.550612188251709,0.550612188251709,0.5506121884898525,0.5506121887683397,0.5506121884898524,0.2614542440822019,0.12075264045631938,0.2614542318381431,0.26145423195122375,0.26145423208346147,3721,0,2.384186246729565e-07,1.00000019114028,,,,,-150.0,-150.0,-150.0,-105.0,0.0,45.0,45.0,0.0,5.166307381898605e-10,5.166307381898605e-10
446,False,1030.0,1035.550048828125,3721,3721,1.0,0.0,0,-2.150076389312744,-2.150075912475586,-2.150076389312744,0.0,4.76837158203125e-07,-2.690099897125817,-2.6900998968995102,-2.690099896698313,4.275042542190022e-10,1.2148914135103312e-10,-0.5400235078130731,-0.5400235075867658,-0.5400235073855688,0.5400235073855688,0.5400235075867658,0.5400235078130731,0.5400235075867659,0.2511648234243818,0.11843047758974008,0.2511648005018944,0.2511648005954711,0.2511648007007265,3721,0,4.76837173945723e-07,1.0000000330146208,,,,,-150.0,-150.0,-150.0,-130.0,0.0,20.0,20.0,0.0,4.275042542190022e-10,4.275042542190022e-10
447,False,1035.0,1035.550048828125,3721,3721,1.0,0.0,0,-2.150076389312744,-2.150075912475586,-2.150076389312744,0.0,4.76837158203125e-07,-2.690099897125817,-2.6900998968995102,-2.690099896698313,4.275042542190022e-10,1.2148914135103312e-10,-0.5400235078130731,-0.5400235075867658,-0.5400235073855688,0.5400235073855688,0.5400235075867658,0.5400235078130731,0.5400235075867659,0.2511648234243818,0.11843047758974008,0.2511648005018944,0.2511648005954711,0.2511648007007265,3721,0,4.76837173945723e-07,1.0000000330146208,,,,,-150.0,-150.0,-150.0,-130.0,0.0,20.0,20.0,0.0,4.275042542190022e-10,4.275042542190022e-10
448,False,1040.0,1035.550048828125,3721,3721,1.0,0.0,0,-2.150076389312744,-2.150075912475586,-2.150076389312744,0.0,4.76837158203125e-07,-2.690099897125817,-2.6900998968995102,-2.690099896698313,4.275042542190022e-10,1.2148914135103312e-10,-0.5400235078130731,-0.5400235075867658,-0.5400235073855688,0.5400235073855688,0.5400235075867658,0.5400235078130731,0.5400235075867659,0.2511648234243818,0.11843047758974008,0.2511648005018944,0.2511648005954711,0.2511648007007265,3721,0,4.76837173945723e-07,1.0000000330146208,,,,,-150.0,-150.0,-150.0,-130.0,0.0,20.0,20.0,0.0,4.275042542190022e-10,4.275042542190022e-10
449,False,1045.0,1035.550048828125,3721,3721,1.0,0.0,0,-2.150076389312744,-2.150075912475586,-2.150076389312744,0.0,4.76837158203125e-07,-2.690099897125817,-2.6900998968995102,-2.690099896698313,4.275042542190022e-10,1.2148914135103312e-10,-0.5400235078130731,-0.5400235075867658,-0.5400235073855688,0.5400235073855688,0.5400235075867658,0.5400235078130731,0.5400235075867659,0.2511648234243818,0.11843047758974008,0.2511648005018944,0.2511648005954711,0.2511648007007265,3721,0,4.76837173945723e-07,1.0000000330146208,,,,,-150.0,-150.0,-150.0,-130.0,0.0,20.0,20.0,0.0,4.275042542190022e-10,4.275042542190022e-10
450,False,1050.0,1055.5,3721,3721,1.0,0.0,0,-2.194192409515381,-2.194192886352539,-2.194192409515381,0.0,4.76837158203125e-07,-2.7236272696526664,-2.7236272694627957,-2.7236272692893104,3.633560119453705e-10,1.0104249877173668e-10,-0.5294348601372856,-0.5294348599474147,-0.5294348597739296,0.5294348597739296,0.5294348599474147,0.5294348601372856,0.5294348599474148,0.24128917357227336,0.1161083220181026,0.24128916747591106,0.24128916755497667,0.24128916764151004,3721,0,4.768371688924212e-07,1.0000000224170789,,,,,-150.0,-150.0,-145.0,-150.0,5.0,0.0,5.0,0.0,3.633560119453705e-10,3.633560119453705e-10
451,False,1055.0,1055.5,3721,3721,1.0,0.0,0,-2.194192409515381,-2.194192886352539,-2.194192409515381,0.0,4.76837158203125e-07,-2.7236272696526664,-2.7236272694627957,-2.7236272692893104,3.633560119453705e-10,1.0104249877173668e-10,-0.5294348601372856,-0.5294348599474147,-0.5294348597739296,0.5294348597739296,0.5294348599474147,0.5294348601372856,0.5294348599474148,0.24128917357227336,0.1161083220181026,0.24128916747591106,0.24128916755497667,0.24128916764151004,3721,0,4.768371688924212e-07,1.0000000224170789,,,,,-150.0,-150.0,-145.0,-150.0,5.0,0.0,5.0,0.0,3.633560119453705e-10,3.633560119453705e-10
452,False,1060.0,1055.5,3721,3721,1.0,0.0,0,-2.194192409515381,-2.194192886352539,-2.194192409515381,0.0,4.76837158203125e-07,-2.7236272696526664,-2.7236272694627957,-2.7236272692893104,3.633560119453705e-10,1.0104249877173668e-10,-0.5294348601372856,-0.5294348599474147,-0.5294348597739296,0.5294348597739296,0.5294348599474147,0.5294348601372856,0.5294348599474148,0.24128917357227336,0.1161083220181026,0.24128916747591106,0.24128916755497667,0.24128916764151004,3721,0,4.768371688924212e-07,1.0000000224170789,,,,,-150.0,-150.0,-145.0,-150.0,5.0,0.0,5.0,0.0,3.633560119453705e-10,3.633560119453705e-10
453,False,1065.0,1055.5,3721,3721,1.0,0.0,0,-2.194192409515381,-2.194192886352539,-2.194192409515381,0.0,4.76837158203125e-07,-2.7236272696526664,-2.7236272694627957,-2.7236272692893104,3.633560119453705e-10,1.0104249877173668e-10,-0.5294348601372856,-0.5294348599474147,-0.5294348597739296,0.5294348597739296,0.5294348599474147,0.5294348601372856,0.5294348599474148,0.24128917357227336,0.1161083220181026,0.24128916747591106,0.24128916755497667,0.24128916764151004,3721,0,4.768371688924212e-07,1.0000000224170789,,,,,-150.0,-150.0,-145.0,-150.0,5.0,0.0,5.0,0.0,3.633560119453705e-10,3.633560119453705e-10
454,False,1070.0,1075.449951171875,3721,3721,1.0,0.0,0,-2.2383086681365967,-2.2383084297180176,-2.2383086681365967,0.0,2.384185791015625e-07,-2.757154642181187,-2.7571546420191617,-2.757154641869645,3.115423474753243e-10,8.607305125464351e-11,-0.5188459740445905,-0.5188459738825649,-0.5188459737330482,0.5188459737330482,0.5188459738825649,0.5188459740445905,0.5188459738825649,0.23180270737572267,0.11378611415828638,0.23180269152287655,0.23180269158967556,0.23180269166206305,3721,0,2.3841859470982904e-07,1.0000000654658148,,,,,-150.0,-150.0,-135.0,-150.0,15.0,0.0,15.0,0.0,3.115423474753243e-10,3.115423474753243e-10
455,False,1075.0,1075.449951171875,3721,3721,1.0,0.0,0,-2.2383086681365967,-2.2383084297180176,-2.2383086681365967,0.0,2.384185791015625e-07,-2.757154642181187,-2.7571546420191617,-2.757154641869645,3.115423474753243e-10,8.607305125464351e-11,-0.5188459740445905,-0.5188459738825649,-0.5188459737330482,0.5188459737330482,0.5188459738825649,0.5188459740445905,0.5188459738825649,0.23180270737572267,0.11378611415828638,0.23180269152287655,0.23180269158967556,0.23180269166206305,3721,0,2.3841859470982904e-07,1.0000000654658148,,,,,-150.0,-150.0,-135.0,-150.0,15.0,0.0,15.0,0.0,3.115423474753243e-10,3.115423474753243e-10
456,False,1080.0,1075.449951171875,3721,3721,1.0,0.0,0,-2.2383086681365967,-2.2383084297180176,-2.2383086681365967,0.0,2.384185791015625e-07,-2.757154642181187,-2.7571546420191617,-2.757154641869645,3.115423474753243e-10,8.607305125464351e-11,-0.5188459740445905,-0.5188459738825649,-0.5188459737330482,0.5188459737330482,0.5188459738825649,0.5188459740445905,0.5188459738825649,0.23180270737572267,0.11378611415828638,0.23180269152287655,0.23180269158967556,0.23180269166206305,3721,0,2.3841859470982904e-07,1.0000000654658148,,,,,-150.0,-150.0,-135.0,-150.0,15.0,0.0,15.0,0.0,3.115423474753243e-10,3.115423474753243e-10
457,False,1085.0,1075.449951171875,3721,3721,1.0,0.0,0,-2.2383086681365967,-2.2383084297180176,-2.2383086681365967,0.0,2.384185791015625e-07,-2.757154642181187,-2.7571546420191617,-2.757154641869645,3.115423474753243e-10,8.607305125464351e-11,-0.5188459740445905,-0.5188459738825649,-0.5188459737330482,0.5188459737330482,0.5188459738825649,0.5188459740445905,0.5188459738825649,0.23180270737572267,0.11378611415828638,0.23180269152287655,0.23180269158967556,0.23180269166206305,3721,0,2.3841859470982904e-07,1.0000000654658148,,,,,-150.0,-150.0,-135.0,-150.0,15.0,0.0,15.0,0.0,3.115423474753243e-10,3.115423474753243e-10
458,False,1090.0,1095.4000244140625,3721,3721,1.0,0.0,0,-2.2824246883392334,-2.2824246883392334,-2.2824246883392334,0.0,0.0,-2.790682219854437,-2.790682219717104,-2.7906822195532985,3.0113866955616686e-10,7.611955464389254e-11,-0.5082575315152038,-0.5082575313778702,-0.5082575312140651,0.5082575312140651,0.5082575313778702,0.5082575315152038,0.5082575313778702,0.2226831564632116,0.11146400357394108,0.22268315524745305,0.22268315531922106,0.2226831553793911,3721,0,7.611955464389254e-11,,,,,,-150.0,-150.0,150.0,150.0,300.0,300.0,424.26406871192853,0.0,3.0113866955616686e-10,3.0113866955616686e-10
459,False,1095.0,1095.4000244140625,3721,3721,1.0,0.0,0,-2.2824246883392334,-2.2824246883392334,-2.2824246883392334,0.0,0.0,-2.790682219854437,-2.790682219717104,-2.7906822195532985,3.0113866955616686e-10,7.611955464389254e-11,-0.5082575315152038,-0.5082575313778702,-0.5082575312140651,0.5082575312140651,0.5082575313778702,0.5082575315152038,0.5082575313778702,0.2226831564632116,0.11146400357394108,0.22268315524745305,0.22268315531922106,0.2226831553793911,3721,0,7.611955464389254e-11,,,,,,-150.0,-150.0,150.0,150.0,300.0,300.0,424.26406871192853,0.0,3.0113866955616686e-10,3.0113866955616686e-10
460,False,1100.0,1095.4000244140625,3721,3721,1.0,0.0,0,-2.2824246883392334,-2.2824246883392334,-2.2824246883392334,0.0,0.0,-2.790682219854437,-2.790682219717104,-2.7906822195532985,3.0113866955616686e-10,7.611955464389254e-11,-0.5082575315152038,-0.5082575313778702,-0.5082575312140651,0.5082575312140651,0.5082575313778702,0.5082575315152038,0.5082575313778702,0.2226831564632116,0.11146400357394108,0.22268315524745305,0.22268315531922106,0.2226831553793911,3721,0,7.611955464389254e-11,,,,,,-150.0,-150.0,150.0,150.0,300.0,300.0,424.26406871192853,0.0,3.0113866955616686e-10,3.0113866955616686e-10
461,False,1105.0,1095.4000244140625,3721,3721,1.0,0.0,0,-2.2824246883392334,-2.2824246883392334,-2.2824246883392334,0.0,0.0,-2.790682219854437,-2.790682219717104,-2.7906822195532985,3.0113866955616686e-10,7.611955464389254e-11,-0.5082575315152038,-0.5082575313778702,-0.5082575312140651,0.5082575312140651,0.5082575313778702,0.5082575315152038,0.5082575313778702,0.2226831564632116,0.11146400357394108,0.22268315524745305,0.22268315531922106,0.2226831553793911,3721,0,7.611955464389254e-11,,,,,,-150.0,-150.0,150.0,150.0,300.0,300.0,424.26406871192853,0.0,3.0113866955616686e-10,3.0113866955616686e-10
462,False,1110.0,1115.3499755859375,3721,3721,1.0,0.0,0,-2.326540946960449,-2.3265414237976074,-2.326540946960449,0.0,4.76837158203125e-07,-2.8242095923881596,-2.8242095922603907,-2.824209592065038,3.231215295329548e-10,7.163425740947291e-11,-0.4976686454277104,-0.4976686452999416,-0.49766864510458886,0.49766864510458886,0.4976686452999416,0.4976686454277104,0.4976686452999416,0.2139092670429634,0.10914179571125661,0.21390925689692972,0.21390925698089672,0.21390925703581468,3721,0,4.768371636872122e-07,1.0000000115009644,,,,,-150.0,-150.0,150.0,150.0,300.0,300.0,424.26406871192853,0.0,3.231215295329548e-10,3.231215295329548e-10
463,False,1115.0,1115.3499755859375,3721,3721,1.0,0.0,0,-2.326540946960449,-2.3265414237976074,-2.326540946960449,0.0,4.76837158203125e-07,-2.8242095923881596,-2.8242095922603907,-2.824209592065038,3.231215295329548e-10,7.163425740947291e-11,-0.4976686454277104,-0.4976686452999416,-0.49766864510458886,0.49766864510458886,0.4976686452999416,0.4976686454277104,0.4976686452999416,0.2139092670429634,0.10914179571125661,0.21390925689692972,0.21390925698089672,0.21390925703581468,3721,0,4.768371636872122e-07,1.0000000115009644,,,,,-150.0,-150.0,150.0,150.0,300.0,300.0,424.26406871192853,0.0,3.231215295329548e-10,3.231215295329548e-10
464,False,1120.0,1115.3499755859375,3721,3721,1.0,0.0,0,-2.326540946960449,-2.3265414237976074,-2.326540946960449,0.0,4.76837158203125e-07,-2.8242095923881596,-2.8242095922603907,-2.824209592065038,3.231215295329548e-10,7.163425740947291e-11,-0.4976686454277104,-0.4976686452999416,-0.49766864510458886,0.49766864510458886,0.4976686452999416,0.4976686454277104,0.4976686452999416,0.2139092670429634,0.10914179571125661,0.21390925689692972,0.21390925698089672,0.21390925703581468,3721,0,4.768371636872122e-07,1.0000000115009644,,,,,-150.0,-150.0,150.0,150.0,300.0,300.0,424.26406871192853,0.0,3.231215295329548e-10,3.231215295329548e-10
465,False,1125.0,1115.3499755859375,3721,3721,1.0,0.0,0,-2.326540946960449,-2.3265414237976074,-2.326540946960449,0.0,4.76837158203125e-07,-2.8242095923881596,-2.8242095922603907,-2.824209592065038,3.231215295329548e-10,7.163425740947291e-11,-0.4976686454277104,-0.4976686452999416,-0.49766864510458886,0.49766864510458886,0.4976686452999416,0.4976686454277104,0.4976686452999416,0.2139092670429634,0.10914179571125661,0.21390925689692972,0.21390925698089672,0.21390925703581468,3721,0,4.768371636872122e-07,1.0000000115009644,,,,,-150.0,-150.0,150.0,150.0,300.0,300.0,424.26406871192853,0.0,3.231215295329548e-10,3.231215295329548e-10
466,False,1130.0,1135.300048828125,3721,3721,1.0,0.0,0,-2.370656967163086,-2.370656967163086,-2.370656967163086,0.0,0.0,-2.857737170070023,-2.8577371699469305,-2.8577371697488863,3.211368948541349e-10,7.18046778497787e-11,-0.4870802029069372,-0.4870802027838444,-0.4870802025858003,0.4870802025858003,0.4870802027838444,0.4870802029069372,0.4870802027838444,0.2054621158211393,0.10681968512441069,0.2054621184475621,0.20546211853110186,0.20546211858302535,3721,0,7.18046778497787e-11,,,,,,-150.0,-150.0,140.0,150.0,290.0,300.0,417.2529209005013,0.0,3.211368948541349e-10,3.211368948541349e-10
467,False,1135.0,1135.300048828125,3721,3721,1.0,0.0,0,-2.370656967163086,-2.370656967163086,-2.370656967163086,0.0,0.0,-2.857737170070023,-2.8577371699469305,-2.8577371697488863,3.211368948541349e-10,7.18046778497787e-11,-0.4870802029069372,-0.4870802027838444,-0.4870802025858003,0.4870802025858003,0.4870802027838444,0.4870802029069372,0.4870802027838444,0.2054621158211393,0.10681968512441069,0.2054621184475621,0.20546211853110186,0.20546211858302535,3721,0,7.18046778497787e-11,,,,,,-150.0,-150.0,140.0,150.0,290.0,300.0,417.2529209005013,0.0,3.211368948541349e-10,3.211368948541349e-10
468,False,1140.0,1135.300048828125,3721,3721,1.0,0.0,0,-2.370656967163086,-2.370656967163086,-2.370656967163086,0.0,0.0,-2.857737170070023,-2.8577371699469305,-2.8577371697488863,3.211368948541349e-10,7.18046778497787e-11,-0.4870802029069372,-0.4870802027838444,-0.4870802025858003,0.4870802025858003,0.4870802027838444,0.4870802029069372,0.4870802027838444,0.2054621158211393,0.10681968512441069,0.2054621184475621,0.20546211853110186,0.20546211858302535,3721,0,7.18046778497787e-11,,,,,,-150.0,-150.0,140.0,150.0,290.0,300.0,417.2529209005013,0.0,3.211368948541349e-10,3.211368948541349e-10
469,False,1145.0,1135.300048828125,3721,3721,1.0,0.0,0,-2.370656967163086,-2.370656967163086,-2.370656967163086,0.0,0.0,-2.857737170070023,-2.8577371699469305,-2.8577371697488863,3.211368948541349e-10,7.18046778497787e-11,-0.4870802029069372,-0.4870802027838444,-0.4870802025858003,0.4870802025858003,0.4870802027838444,0.4870802029069372,0.4870802027838444,0.2054621158211393,0.10681968512441069,0.2054621184475621,0.20546211853110186,0.20546211858302535,3721,0,7.18046778497787e-11,,,,,,-150.0,-150.0,140.0,150.0,290.0,300.0,417.2529209005013,0.0,3.211368948541349e-10,3.211368948541349e-10
470,False,1150.0,1155.25,3721,3721,1.0,0.0,0,-2.4147732257843018,-2.4147732257843018,-2.4147732257843018,0.0,0.0,-2.8912645426119346,-2.8912645424818084,-2.891264542298928,3.1300650960019993e-10,7.610953183062157e-11,-0.4764913168276328,-0.47649131669750666,-0.4764913165146263,0.4764913165146263,0.47649131669750666,0.4764913168276328,0.4764913166975066,0.19732342760832391,0.10449747725988202,0.1973234221030694,0.1973234221788034,0.1973234222326909,3721,0,7.610953183062157e-11,,,,,,-150.0,-150.0,150.0,140.0,300.0,290.0,417.2529209005013,0.0,3.1300650960019993e-10,3.1300650960019993e-10
471,False,1155.0,1155.25,3721,3721,1.0,0.0,0,-2.4147732257843018,-2.4147732257843018,-2.4147732257843018,0.0,0.0,-2.8912645426119346,-2.8912645424818084,-2.891264542298928,3.1300650960019993e-10,7.610953183062157e-11,-0.4764913168276328,-0.47649131669750666,-0.4764913165146263,0.4764913165146263,0.47649131669750666,0.4764913168276328,0.4764913166975066,0.19732342760832391,0.10449747725988202,0.1973234221030694,0.1973234221788034,0.1973234222326909,3721,0,7.610953183062157e-11,,,,,,-150.0,-150.0,150.0,140.0,300.0,290.0,417.2529209005013,0.0,3.1300650960019993e-10,3.1300650960019993e-10
472,False,1160.0,1155.25,3721,3721,1.0,0.0,0,-2.4147732257843018,-2.4147732257843018,-2.4147732257843018,0.0,0.0,-2.8912645426119346,-2.8912645424818084,-2.891264542298928,3.1300650960019993e-10,7.610953183062157e-11,-0.4764913168276328,-0.47649131669750666,-0.4764913165146263,0.4764913165146263,0.47649131669750666,0.4764913168276328,0.4764913166975066,0.19732342760832391,0.10449747725988202,0.1973234221030694,0.1973234221788034,0.1973234222326909,3721,0,7.610953183062157e-11,,,,,,-150.0,-150.0,150.0,140.0,300.0,290.0,417.2529209005013,0.0,3.1300650960019993e-10,3.1300650960019993e-10
473,False,1165.0,1155.25,3721,3721,1.0,0.0,0,-2.4147732257843018,-2.4147732257843018,-2.4147732257843018,0.0,0.0,-2.8912645426119346,-2.8912645424818084,-2.891264542298928,3.1300650960019993e-10,7.610953183062157e-11,-0.4764913168276328,-0.47649131669750666,-0.4764913165146263,0.4764913165146263,0.47649131669750666,0.4764913168276328,0.4764913166975066,0.19732342760832391,0.10449747725988202,0.1973234221030694,0.1973234221788034,0.1973234222326909,3721,0,7.610953183062157e-11,,,,,,-150.0,-150.0,150.0,140.0,300.0,290.0,417.2529209005013,0.0,3.1300650960019993e-10,3.1300650960019993e-10
474,False,1170.0,1175.199951171875,3721,3721,1.0,0.0,0,-2.4588892459869385,-2.4588890075683594,-2.4588892459869385,0.0,2.384185791015625e-07,-2.92479191515652,-2.9247919150154833,-2.9247919148109642,3.455555841469504e-10,8.276564688530748e-11,-0.46590266916958134,-0.4659026690285447,-0.46590266882402576,0.46590266882402576,0.4659026690285447,0.46590266916958134,0.46590266902854477,0.18947689616952387,0.10217532168175072,0.18947688253320402,0.18947688261637935,0.18947688267373722,3721,0,2.384185935533023e-07,1.0000000606149901,,,,,-150.0,-150.0,55.0,150.0,205.0,300.0,363.35244598048325,0.0,3.455555841469504e-10,3.455555841469504e-10
475,False,1175.0,1175.199951171875,3721,3721,1.0,0.0,0,-2.4588892459869385,-2.4588890075683594,-2.4588892459869385,0.0,2.384185791015625e-07,-2.92479191515652,-2.9247919150154833,-2.9247919148109642,3.455555841469504e-10,8.276564688530748e-11,-0.46590266916958134,-0.4659026690285447,-0.46590266882402576,0.46590266882402576,0.4659026690285447,0.46590266916958134,0.46590266902854477,0.18947689616952387,0.10217532168175072,0.18947688253320402,0.18947688261637935,0.18947688267373722,3721,0,2.384185935533023e-07,1.0000000606149901,,,,,-150.0,-150.0,55.0,150.0,205.0,300.0,363.35244598048325,0.0,3.455555841469504e-10,3.455555841469504e-10
476,False,1180.0,1175.199951171875,3721,3721,1.0,0.0,0,-2.4588892459869385,-2.4588890075683594,-2.4588892459869385,0.0,2.384185791015625e-07,-2.92479191515652,-2.9247919150154833,-2.9247919148109642,3.455555841469504e-10,8.276564688530748e-11,-0.46590266916958134,-0.4659026690285447,-0.46590266882402576,0.46590266882402576,0.4659026690285447,0.46590266916958134,0.46590266902854477,0.18947689616952387,0.10217532168175072,0.18947688253320402,0.18947688261637935,0.18947688267373722,3721,0,2.384185935533023e-07,1.0000000606149901,,,,,-150.0,-150.0,55.0,150.0,205.0,300.0,363.35244598048325,0.0,3.455555841469504e-10,3.455555841469504e-10
477,False,1185.0,1175.199951171875,3721,3721,1.0,0.0,0,-2.4588892459869385,-2.4588890075683594,-2.4588892459869385,0.0,2.384185791015625e-07,-2.92479191515652,-2.9247919150154833,-2.9247919148109642,3.455555841469504e-10,8.276564688530748e-11,-0.46590266916958134,-0.4659026690285447,-0.46590266882402576,0.46590266882402576,0.4659026690285447,0.46590266916958134,0.46590266902854477,0.18947689616952387,0.10217532168175072,0.18947688253320402,0.18947688261637935,0.18947688267373722,3721,0,2.384185935533023e-07,1.0000000606149901,,,,,-150.0,-150.0,55.0,150.0,205.0,300.0,363.35244598048325,0.0,3.455555841469504e-10,3.455555841469504e-10
478,False,1190.0,1195.1500244140625,3721,3721,1.0,0.0,0,-2.5030055046081543,-2.5030055046081543,-2.5030055046081543,0.0,0.0,-2.9583194928508436,-2.9583194926975835,-2.95831949246751,3.833338091396854e-10,9.012252076082439e-11,-0.4553139882426893,-0.455313988089429,-0.4553139878593555,0.4553139878593555,0.455313988089429,0.4553139882426893,0.455313988089429,0.18190688994256773,0.09985315880727,0.18190690632565545,0.18190690641757437,0.18190690647880486,3721,0,9.012252076082439e-11,,,,,,-150.0,-150.0,45.0,150.0,195.0,300.0,357.80581325629686,0.0,3.833338091396854e-10,3.833338091396854e-10
479,False,1195.0,1195.1500244140625,3721,3721,1.0,0.0,0,-2.5030055046081543,-2.5030055046081543,-2.5030055046081543,0.0,0.0,-2.9583194928508436,-2.9583194926975835,-2.95831949246751,3.833338091396854e-10,9.012252076082439e-11,-0.4553139882426893,-0.455313988089429,-0.4553139878593555,0.4553139878593555,0.455313988089429,0.4553139882426893,0.455313988089429,0.18190688994256773,0.09985315880727,0.18190690632565545,0.18190690641757437,0.18190690647880486,3721,0,9.012252076082439e-11,,,,,,-150.0,-150.0,45.0,150.0,195.0,300.0,357.80581325629686,0.0,3.833338091396854e-10,3.833338091396854e-10
480,False,1200.0,1195.1500244140625,3721,3721,1.0,0.0,0,-2.5030055046081543,-2.5030055046081543,-2.5030055046081543,0.0,0.0,-2.9583194928508436,-2.9583194926975835,-2.95831949246751,3.833338091396854e-10,9.012252076082439e-11,-0.4553139882426893,-0.455313988089429,-0.4553139878593555,0.4553139878593555,0.455313988089429,0.4553139882426893,0.455313988089429,0.18190688994256773,0.09985315880727,0.18190690632565545,0.18190690641757437,0.18190690647880486,3721,0,9.012252076082439e-11,,,,,,-150.0,-150.0,45.0,150.0,195.0,300.0,357.80581325629686,0.0,3.833338091396854e-10,3.833338091396854e-10
481,False,1205.0,1195.1500244140625,3721,3721,1.0,0.0,0,-2.5030055046081543,-2.5030055046081543,-2.5030055046081543,0.0,0.0,-2.9583194928508436,-2.9583194926975835,-2.95831949246751,3.833338091396854e-10,9.012252076082439e-11,-0.4553139882426893,-0.455313988089429,-0.4553139878593555,0.4553139878593555,0.455313988089429,0.4553139882426893,0.455313988089429,0.18190688994256773,0.09985315880727,0.18190690632565545,0.18190690641757437,0.18190690647880486,3721,0,9.012252076082439e-11,,,,,,-150.0,-150.0,45.0,150.0,195.0,300.0,357.80581325629686,0.0,3.833338091396854e-10,3.833338091396854e-10
482,False,1210.0,1215.0999755859375,3721,3721,1.0,0.0,0,-2.54712176322937,-2.54712176322937,-2.54712176322937,0.0,0.0,-2.991846865397054,-2.9918468652332475,-2.9918468649974232,3.9963055087355315e-10,9.606805598323905e-11,-0.4447251021676837,-0.44472510200387766,-0.44472510176805313,0.44472510176805313,0.44472510200387766,0.4447251021676837,0.4447251020038776,0.1745990654644442,0.0975309509429138,0.17459907421316526,0.17459907430574995,0.1745990743700602,3721,0,9.606805598323905e-11,,,,,,-150.0,-150.0,25.0,150.0,175.0,300.0,347.3110997362451,0.0,3.9963055087355315e-10,3.9963055087355315e-10
483,False,1215.0,1215.0999755859375,3721,3721,1.0,0.0,0,-2.54712176322937,-2.54712176322937,-2.54712176322937,0.0,0.0,-2.991846865397054,-2.9918468652332475,-2.9918468649974232,3.9963055087355315e-10,9.606805598323905e-11,-0.4447251021676837,-0.44472510200387766,-0.44472510176805313,0.44472510176805313,0.44472510200387766,0.4447251021676837,0.4447251020038776,0.1745990654644442,0.0975309509429138,0.17459907421316526,0.17459907430574995,0.1745990743700602,3721,0,9.606805598323905e-11,,,,,,-150.0,-150.0,25.0,150.0,175.0,300.0,347.3110997362451,0.0,3.9963055087355315e-10,3.9963055087355315e-10
484,False,1220.0,1215.0999755859375,3721,3721,1.0,0.0,0,-2.54712176322937,-2.54712176322937,-2.54712176322937,0.0,0.0,-2.991846865397054,-2.9918468652332475,-2.9918468649974232,3.9963055087355315e-10,9.606805598323905e-11,-0.4447251021676837,-0.44472510200387766,-0.44472510176805313,0.44472510176805313,0.44472510200387766,0.4447251021676837,0.4447251020038776,0.1745990654644442,0.0975309509429138,0.17459907421316526,0.17459907430574995,0.1745990743700602,3721,0,9.606805598323905e-11,,,,,,-150.0,-150.0,25.0,150.0,175.0,300.0,347.3110997362451,0.0,3.9963055087355315e-10,3.9963055087355315e-10
485,False,1225.0,1215.0999755859375,3721,3721,1.0,0.0,0,-2.54712176322937,-2.54712176322937,-2.54712176322937,0.0,0.0,-2.991846865397054,-2.9918468652332475,-2.9918468649974232,3.9963055087355315e-10,9.606805598323905e-11,-0.4447251021676837,-0.44472510200387766,-0.44472510176805313,0.44472510176805313,0.44472510200387766,0.4447251021676837,0.4447251020038776,0.1745990654644442,0.0975309509429138,0.17459907421316526,0.17459907430574995,0.1745990743700602,3721,0,9.606805598323905e-11,,,,,,-150.0,-150.0,25.0,150.0,175.0,300.0,347.3110997362451,0.0,3.9963055087355315e-10,3.9963055087355315e-10
486,False,1230.0,1235.050048828125,3721,3721,1.0,0.0,0,-2.591237783432007,-2.5912375450134277,-2.591237783432007,0.0,2.384185791015625e-07,-3.0253744430992993,-3.0253744429170997,-3.0253744426796922,4.196070158002385e-10,1.0095098467457987e-10,-0.4341366596672924,-0.4341366594850931,-0.4341366592476854,0.4341366592476854,0.4341366594850931,0.4341366596672924,0.43413665948509306,0.16754026164126748,0.09520884035547851,0.16754026281319737,0.16754026290481677,0.1675402629751304,3721,0,2.384186002525812e-07,1.0000000887138025,,,,,-150.0,-150.0,25.0,150.0,175.0,300.0,347.3110997362451,0.0,4.196070158002385e-10,4.196070158002385e-10
487,False,1235.0,1235.050048828125,3721,3721,1.0,0.0,0,-2.591237783432007,-2.5912375450134277,-2.591237783432007,0.0,2.384185791015625e-07,-3.0253744430992993,-3.0253744429170997,-3.0253744426796922,4.196070158002385e-10,1.0095098467457987e-10,-0.4341366596672924,-0.4341366594850931,-0.4341366592476854,0.4341366592476854,0.4341366594850931,0.4341366596672924,0.43413665948509306,0.16754026164126748,0.09520884035547851,0.16754026281319737,0.16754026290481677,0.1675402629751304,3721,0,2.384186002525812e-07,1.0000000887138025,,,,,-150.0,-150.0,25.0,150.0,175.0,300.0,347.3110997362451,0.0,4.196070158002385e-10,4.196070158002385e-10
488,False,1240.0,1235.050048828125,3721,3721,1.0,0.0,0,-2.591237783432007,-2.5912375450134277,-2.591237783432007,0.0,2.384185791015625e-07,-3.0253744430992993,-3.0253744429170997,-3.0253744426796922,4.196070158002385e-10,1.0095098467457987e-10,-0.4341366596672924,-0.4341366594850931,-0.4341366592476854,0.4341366592476854,0.4341366594850931,0.4341366596672924,0.43413665948509306,0.16754026164126748,0.09520884035547851,0.16754026281319737,0.16754026290481677,0.1675402629751304,3721,0,2.384186002525812e-07,1.0000000887138025,,,,,-150.0,-150.0,25.0,150.0,175.0,300.0,347.3110997362451,0.0,4.196070158002385e-10,4.196070158002385e-10
489,False,1245.0,1235.050048828125,3721,3721,1.0,0.0,0,-2.591237783432007,-2.5912375450134277,-2.591237783432007,0.0,2.384185791015625e-07,-3.0253744430992993,-3.0253744429170997,-3.0253744426796922,4.196070158002385e-10,1.0095098467457987e-10,-0.4341366596672924,-0.4341366594850931,-0.4341366592476854,0.4341366592476854,0.4341366594850931,0.4341366596672924,0.43413665948509306,0.16754026164126748,0.09520884035547851,0.16754026281319737,0.16754026290481677,0.1675402629751304,3721,0,2.384186002525812e-07,1.0000000887138025,,,,,-150.0,-150.0,25.0,150.0,175.0,300.0,347.3110997362451,0.0,4.196070158002385e-10,4.196070158002385e-10
490,False,1250.0,1255.0,3721,3721,1.0,0.0,0,-2.6353540420532227,-2.6353535652160645,-2.6353540420532227,0.0,4.76837158203125e-07,-3.0589018156439423,-3.0589018154512706,-3.058901815220216,4.237263873108077e-10,1.0633432263929108e-10,-0.4235477735907196,-0.42354777339804806,-0.4235477731669932,0.4235477731669932,0.42354777339804806,0.4235477735907196,0.4235477733980481,0.1607176034804638,0.09288663249079478,0.16071759862557375,0.16071759871324884,0.1607175987863591,3721,0,4.768371698920372e-07,1.0000000245134255,,,,,-150.0,-150.0,25.0,150.0,175.0,300.0,347.3110997362451,0.0,4.237263873108077e-10,4.237263873108077e-10
491,False,1255.0,1255.0,3721,3721,1.0,0.0,0,-2.6353540420532227,-2.6353535652160645,-2.6353540420532227,0.0,4.76837158203125e-07,-3.0589018156439423,-3.0589018154512706,-3.058901815220216,4.237263873108077e-10,1.0633432263929108e-10,-0.4235477735907196,-0.42354777339804806,-0.4235477731669932,0.4235477731669932,0.42354777339804806,0.4235477735907196,0.4235477733980481,0.1607176034804638,0.09288663249079478,0.16071759862557375,0.16071759871324884,0.1607175987863591,3721,0,4.768371698920372e-07,1.0000000245134255,,,,,-150.0,-150.0,25.0,150.0,175.0,300.0,347.3110997362451,0.0,4.237263873108077e-10,4.237263873108077e-10
492,False,1260.0,1255.0,3721,3721,1.0,0.0,0,-2.6353540420532227,-2.6353535652160645,-2.6353540420532227,0.0,4.76837158203125e-07,-3.0589018156439423,-3.0589018154512706,-3.058901815220216,4.237263873108077e-10,1.0633432263929108e-10,-0.4235477735907196,-0.42354777339804806,-0.4235477731669932,0.4235477731669932,0.42354777339804806,0.4235477735907196,0.4235477733980481,0.1607176034804638,0.09288663249079478,0.16071759862557375,0.16071759871324884,0.1607175987863591,3721,0,4.768371698920372e-07,1.0000000245134255,,,,,-150.0,-150.0,25.0,150.0,175.0,300.0,347.3110997362451,0.0,4.237263873108077e-10,4.237263873108077e-10
493,False,1265.0,1274.949951171875,3721,3721,1.0,0.0,0,-2.6794700622558594,-2.6794703006744385,-2.6794700622558594,0.0,2.384185791015625e-07,-3.0924291881872223,-3.092429187984791,-3.0924291877591346,4.2808778744074516e-10,1.1271957548384162e-10,-0.41295912593136297,-0.41295912572893134,-0.4129591255032752,0.4129591255032752,0.41295912572893134,0.41295912593136297,0.41295912572893134,0.1541196977372557,0.09056447691262949,0.15411970125003108,0.15411970133424777,0.15411970140979692,3721,0,2.384186055172503e-07,1.0000001107954253,,,,,-150.0,-150.0,15.0,150.0,165.0,300.0,342.3813663153998,0.0,4.2808778744074516e-10,4.2808778744074516e-10
494,False,1270.0,1274.949951171875,3721,3721,1.0,0.0,0,-2.6794700622558594,-2.6794703006744385,-2.6794700622558594,0.0,2.384185791015625e-07,-3.0924291881872223,-3.092429187984791,-3.0924291877591346,4.2808778744074516e-10,1.1271957548384162e-10,-0.41295912593136297,-0.41295912572893134,-0.4129591255032752,0.4129591255032752,0.41295912572893134,0.41295912593136297,0.41295912572893134,0.1541196977372557,0.09056447691262949,0.15411970125003108,0.15411970133424777,0.15411970140979692,3721,0,2.384186055172503e-07,1.0000001107954253,,,,,-150.0,-150.0,15.0,150.0,165.0,300.0,342.3813663153998,0.0,4.2808778744074516e-10,4.2808778744074516e-10
495,False,1275.0,1274.949951171875,3721,3721,1.0,0.0,0,-2.6794700622558594,-2.6794703006744385,-2.6794700622558594,0.0,2.384185791015625e-07,-3.0924291881872223,-3.092429187984791,-3.0924291877591346,4.2808778744074516e-10,1.1271957548384162e-10,-0.41295912593136297,-0.41295912572893134,-0.4129591255032752,0.4129591255032752,0.41295912572893134,0.41295912593136297,0.41295912572893134,0.1541196977372557,0.09056447691262949,0.15411970125003108,0.15411970133424777,0.15411970140979692,3721,0,2.384186055172503e-07,1.0000001107954253,,,,,-150.0,-150.0,15.0,150.0,165.0,300.0,342.3813663153998,0.0,4.2808778744074516e-10,4.2808778744074516e-10
496,False,1280.0,1274.949951171875,3721,3721,1.0,0.0,0,-2.6794700622558594,-2.6794703006744385,-2.6794700622558594,0.0,2.384185791015625e-07,-3.0924291881872223,-3.092429187984791,-3.0924291877591346,4.2808778744074516e-10,1.1271957548384162e-10,-0.41295912593136297,-0.41295912572893134,-0.4129591255032752,0.4129591255032752,0.41295912572893134,0.41295912593136297,0.41295912572893134,0.1541196977372557,0.09056447691262949,0.15411970125003108,0.15411970133424777,0.15411970140979692,3721,0,2.384186055172503e-07,1.0000001107954253,,,,,-150.0,-150.0,15.0,150.0,165.0,300.0,342.3813663153998,0.0,4.2808778744074516e-10,4.2808778744074516e-10
497,False,1285.0,1294.9000244140625,3721,3721,1.0,0.0,0,-2.723586320877075,-2.7235867977142334,-2.723586320877075,0.0,4.76837158203125e-07,-3.1259567658668406,-3.125956765671996,-3.1259567654518907,4.149498522565409e-10,1.1998085559651012e-10,-0.4023704449897654,-0.4023704447949205,-0.4023704445748155,0.4023704445748155,0.4023704447949205,0.4023704449897654,0.4023704447949205,0.14773552316203645,0.0882423140392683,0.14773552117314218,0.1477355212539566,0.1477355213254964,3721,0,4.76837173012205e-07,1.0000000310568917,,,,,-150.0,-150.0,0.0,150.0,150.0,300.0,335.4101966249685,0.0,4.149498522565409e-10,4.149498522565409e-10
498,False,1290.0,1294.9000244140625,3721,3721,1.0,0.0,0,-2.723586320877075,-2.7235867977142334,-2.723586320877075,0.0,4.76837158203125e-07,-3.1259567658668406,-3.125956765671996,-3.1259567654518907,4.149498522565409e-10,1.1998085559651012e-10,-0.4023704449897654,-0.4023704447949205,-0.4023704445748155,0.4023704445748155,0.4023704447949205,0.4023704449897654,0.4023704447949205,0.14773552316203645,0.0882423140392683,0.14773552117314218,0.1477355212539566,0.1477355213254964,3721,0,4.76837173012205e-07,1.0000000310568917,,,,,-150.0,-150.0,0.0,150.0,150.0,300.0,335.4101966249685,0.0,4.149498522565409e-10,4.149498522565409e-10
499,False,1295.0,1294.9000244140625,3721,3721,1.0,0.0,0,-2.723586320877075,-2.7235867977142334,-2.723586320877075,0.0,4.76837158203125e-07,-3.1259567658668406,-3.125956765671996,-3.1259567654518907,4.149498522565409e-10,1.1998085559651012e-10,-0.4023704449897654,-0.4023704447949205,-0.4023704445748155,0.4023704445748155,0.4023704447949205,0.4023704449897654,0.4023704447949205,0.14773552316203645,0.0882423140392683,0.14773552117314218,0.1477355212539566,0.1477355213254964,3721,0,4.76837173012205e-07,1.0000000310568917,,,,,-150.0,-150.0,0.0,150.0,150.0,300.0,335.4101966249685,0.0,4.149498522565409e-10,4.149498522565409e-10
500,False,1300.0,1294.9000244140625,3721,3721,1.0,0.0,0,-2.723586320877075,-2.7235867977142334,-2.723586320877075,0.0,4.76837158203125e-07,-3.1259567658668406,-3.125956765671996,-3.1259567654518907,4.149498522565409e-10,1.1998085559651012e-10,-0.4023704449897654,-0.4023704447949205,-0.4023704445748155,0.4023704445748155,0.4023704447949205,0.4023704449897654,0.4023704447949205,0.14773552316203645,0.0882423140392683,0.14773552117314218,0.1477355212539566,0.1477355213254964,3721,0,4.76837173012205e-07,1.0000000310568917,,,,,-150.0,-150.0,0.0,150.0,150.0,300.0,335.4101966249685,0.0,4.149498522565409e-10,4.149498522565409e-10
501,False,1305.0,1314.8499755859375,3721,3721,1.0,0.0,0,-2.767702341079712,-2.76770281791687,-2.767702341079712,0.0,4.76837158203125e-07,-3.159484138411696,-3.159484138219488,-3.1594841380106367,4.010591858616408e-10,1.281049988246077e-10,-0.3917817973319839,-0.3917817971397763,-0.39178179693092474,0.39178179693092474,0.3917817971397763,0.3917817973319839,0.39178179713977634,0.14155488340871106,0.0859201584641673,0.14155488873058736,0.1415548888060476,0.14155488887549425,3721,0,4.768371757995451e-07,1.0000000369023676,,,,,-150.0,-150.0,-10.0,150.0,140.0,300.0,331.058907144937,0.0,4.010591858616408e-10,4.010591858616408e-10
502,False,1310.0,1314.8499755859375,3721,3721,1.0,0.0,0,-2.767702341079712,-2.76770281791687,-2.767702341079712,0.0,4.76837158203125e-07,-3.159484138411696,-3.159484138219488,-3.1594841380106367,4.010591858616408e-10,1.281049988246077e-10,-0.3917817973319839,-0.3917817971397763,-0.39178179693092474,0.39178179693092474,0.3917817971397763,0.3917817973319839,0.39178179713977634,0.14155488340871106,0.0859201584641673,0.14155488873058736,0.1415548888060476,0.14155488887549425,3721,0,4.768371757995451e-07,1.0000000369023676,,,,,-150.0,-150.0,-10.0,150.0,140.0,300.0,331.058907144937,0.0,4.010591858616408e-10,4.010591858616408e-10
503,False,1315.0,1314.8499755859375,3721,3721,1.0,0.0,0,-2.767702341079712,-2.76770281791687,-2.767702341079712,0.0,4.76837158203125e-07,-3.159484138411696,-3.159484138219488,-3.1594841380106367,4.010591858616408e-10,1.281049988246077e-10,-0.3917817973319839,-0.3917817971397763,-0.39178179693092474,0.39178179693092474,0.3917817971397763,0.3917817973319839,0.39178179713977634,0.14155488340871106,0.0859201584641673,0.14155488873058736,0.1415548888060476,0.14155488887549425,3721,0,4.768371757995451e-07,1.0000000369023676,,,,,-150.0,-150.0,-10.0,150.0,140.0,300.0,331.058907144937,0.0,4.010591858616408e-10,4.010591858616408e-10
504,False,1320.0,1314.8499755859375,3721,3721,1.0,0.0,0,-2.767702341079712,-2.76770281791687,-2.767702341079712,0.0,4.76837158203125e-07,-3.159484138411696,-3.159484138219488,-3.1594841380106367,4.010591858616408e-10,1.281049988246077e-10,-0.3917817973319839,-0.3917817971397763,-0.39178179693092474,0.39178179693092474,0.3917817971397763,0.3917817973319839,0.39178179713977634,0.14155488340871106,0.0859201584641673,0.14155488873058736,0.1415548888060476,0.14155488887549425,3721,0,4.768371757995451e-07,1.0000000369023676,,,,,-150.0,-150.0,-10.0,150.0,140.0,300.0,331.058907144937,0.0,4.010591858616408e-10,4.010591858616408e-10
505,False,1325.0,1334.800048828125,3721,3721,1.0,0.0,0,-2.8118185997009277,-2.8118185997009277,-2.8118185997009277,0.0,0.0,-3.1930117161337876,-3.19301171592413,-3.193011715697058,4.367297634644274e-10,1.3528574725613344e-10,-0.3811931164328599,-0.38119311622320234,-0.38119311599613015,0.38119311599613015,0.38119311622320234,0.3811931164328599,0.38119311622320234,0.13556817470515709,0.0835979955946301,0.13556817500128737,0.1355681750820437,0.13556817515660669,3721,0,1.3528574725613344e-10,,,,,,-150.0,-150.0,150.0,145.0,300.0,295.0,420.7433897282285,0.0,4.367297634644274e-10,4.367297634644274e-10
506,False,1330.0,1334.800048828125,3721,3721,1.0,0.0,0,-2.8118185997009277,-2.8118185997009277,-2.8118185997009277,0.0,0.0,-3.1930117161337876,-3.19301171592413,-3.193011715697058,4.367297634644274e-10,1.3528574725613344e-10,-0.3811931164328599,-0.38119311622320234,-0.38119311599613015,0.38119311599613015,0.38119311622320234,0.3811931164328599,0.38119311622320234,0.13556817470515709,0.0835979955946301,0.13556817500128737,0.1355681750820437,0.13556817515660669,3721,0,1.3528574725613344e-10,,,,,,-150.0,-150.0,150.0,145.0,300.0,295.0,420.7433897282285,0.0,4.367297634644274e-10,4.367297634644274e-10
507,False,1335.0,1334.800048828125,3721,3721,1.0,0.0,0,-2.8118185997009277,-2.8118185997009277,-2.8118185997009277,0.0,0.0,-3.1930117161337876,-3.19301171592413,-3.193011715697058,4.367297634644274e-10,1.3528574725613344e-10,-0.3811931164328599,-0.38119311622320234,-0.38119311599613015,0.38119311599613015,0.38119311622320234,0.3811931164328599,0.38119311622320234,0.13556817470515709,0.0835979955946301,0.13556817500128737,0.1355681750820437,0.13556817515660669,3721,0,1.3528574725613344e-10,,,,,,-150.0,-150.0,150.0,145.0,300.0,295.0,420.7433897282285,0.0,4.367297634644274e-10,4.367297634644274e-10
508,False,1340.0,1334.800048828125,3721,3721,1.0,0.0,0,-2.8118185997009277,-2.8118185997009277,-2.8118185997009277,0.0,0.0,-3.1930117161337876,-3.19301171592413,-3.193011715697058,4.367297634644274e-10,1.3528574725613344e-10,-0.3811931164328599,-0.38119311622320234,-0.38119311599613015,0.38119311599613015,0.38119311622320234,0.3811931164328599,0.38119311622320234,0.13556817470515709,0.0835979955946301,0.13556817500128737,0.1355681750820437,0.13556817515660669,3721,0,1.3528574725613344e-10,,,,,,-150.0,-150.0,150.0,145.0,300.0,295.0,420.7433897282285,0.0,4.367297634644274e-10,4.367297634644274e-10
509,False,1345.0,1354.75,3721,3721,1.0,0.0,0,-2.8559346199035645,-2.8559343814849854,-2.8559346199035645,0.0,2.384185791015625e-07,-3.2265390887092096,-3.2265390884883924,-3.226539088252722,4.564877364998665e-10,1.4052559679842644e-10,-0.3706044688056451,-0.3706044685848282,-0.3706044683491574,0.3706044683491574,0.3706044685848282,0.3706044688056451,0.37060446858482815,0.12976643328201815,0.08127584002320687,0.12976643994800954,0.12976644003052923,0.12976644010784785,3721,0,2.384186203522797e-07,1.000000173018048,,,,,-150.0,-150.0,135.0,95.0,285.0,245.0,375.8324094593227,0.0,4.564877364998665e-10,4.564877364998665e-10
510,False,1350.0,1354.75,3721,3721,1.0,0.0,0,-2.8559346199035645,-2.8559343814849854,-2.8559346199035645,0.0,2.384185791015625e-07,-3.2265390887092096,-3.2265390884883924,-3.226539088252722,4.564877364998665e-10,1.4052559679842644e-10,-0.3706044688056451,-0.3706044685848282,-0.3706044683491574,0.3706044683491574,0.3706044685848282,0.3706044688056451,0.37060446858482815,0.12976643328201815,0.08127584002320687,0.12976643994800954,0.12976644003052923,0.12976644010784785,3721,0,2.384186203522797e-07,1.000000173018048,,,,,-150.0,-150.0,135.0,95.0,285.0,245.0,375.8324094593227,0.0,4.564877364998665e-10,4.564877364998665e-10
511,False,1355.0,1354.75,3721,3721,1.0,0.0,0,-2.8559346199035645,-2.8559343814849854,-2.8559346199035645,0.0,2.384185791015625e-07,-3.2265390887092096,-3.2265390884883924,-3.226539088252722,4.564877364998665e-10,1.4052559679842644e-10,-0.3706044688056451,-0.3706044685848282,-0.3706044683491574,0.3706044683491574,0.3706044685848282,0.3706044688056451,0.37060446858482815,0.12976643328201815,0.08127584002320687,0.12976643994800954,0.12976644003052923,0.12976644010784785,3721,0,2.384186203522797e-07,1.000000173018048,,,,,-150.0,-150.0,135.0,95.0,285.0,245.0,375.8324094593227,0.0,4.564877364998665e-10,4.564877364998665e-10
512,False,1360.0,1354.75,3721,3721,1.0,0.0,0,-2.8559346199035645,-2.8559343814849854,-2.8559346199035645,0.0,2.384185791015625e-07,-3.2265390887092096,-3.2265390884883924,-3.226539088252722,4.564877364998665e-10,1.4052559679842644e-10,-0.3706044688056451,-0.3706044685848282,-0.3706044683491574,0.3706044683491574,0.3706044685848282,0.3706044688056451,0.37060446858482815,0.12976643328201815,0.08127584002320687,0.12976643994800954,0.12976644003052923,0.12976644010784785,3721,0,2.384186203522797e-07,1.000000173018048,,,,,-150.0,-150.0,135.0,95.0,285.0,245.0,375.8324094593227,0.0,4.564877364998665e-10,4.564877364998665e-10
513,False,1365.0,1374.699951171875,3721,3721,1.0,0.0,0,-2.9000508785247803,-2.900050640106201,-2.9000508785247803,0.0,2.384185791015625e-07,-3.260066461309119,-3.2600664610634813,-3.2600664608289804,4.801385955488513e-10,1.4250343638046143e-10,-0.36001558278433876,-0.3600155825387011,-0.36001558230420017,0.36001558230420017,0.3600155825387011,0.36001558278433876,0.3600155825387011,0.1241411241771599,0.07895363216749667,0.12414112627132101,0.12414112635218197,0.12414112643688313,3721,0,2.384186216250549e-07,1.0000001783564543,,,,,-150.0,-150.0,0.0,-150.0,150.0,0.0,150.0,0.0,4.801385955488513e-10,4.801385955488513e-10
514,False,1370.0,1374.699951171875,3721,3721,1.0,0.0,0,-2.9000508785247803,-2.900050640106201,-2.9000508785247803,0.0,2.384185791015625e-07,-3.260066461309119,-3.2600664610634813,-3.2600664608289804,4.801385955488513e-10,1.4250343638046143e-10,-0.36001558278433876,-0.3600155825387011,-0.36001558230420017,0.36001558230420017,0.3600155825387011,0.36001558278433876,0.3600155825387011,0.1241411241771599,0.07895363216749667,0.12414112627132101,0.12414112635218197,0.12414112643688313,3721,0,2.384186216250549e-07,1.0000001783564543,,,,,-150.0,-150.0,0.0,-150.0,150.0,0.0,150.0,0.0,4.801385955488513e-10,4.801385955488513e-10
515,False,1375.0,1374.699951171875,3721,3721,1.0,0.0,0,-2.9000508785247803,-2.900050640106201,-2.9000508785247803,0.0,2.384185791015625e-07,-3.260066461309119,-3.2600664610634813,-3.2600664608289804,4.801385955488513e-10,1.4250343638046143e-10,-0.36001558278433876,-0.3600155825387011,-0.36001558230420017,0.36001558230420017,0.3600155825387011,0.36001558278433876,0.3600155825387011,0.1241411241771599,0.07895363216749667,0.12414112627132101,0.12414112635218197,0.12414112643688313,3721,0,2.384186216250549e-07,1.0000001783564543,,,,,-150.0,-150.0,0.0,-150.0,150.0,0.0,150.0,0.0,4.801385955488513e-10,4.801385955488513e-10
516,False,1380.0,1374.699951171875,3721,3721,1.0,0.0,0,-2.9000508785247803,-2.900050640106201,-2.9000508785247803,0.0,2.384185791015625e-07,-3.260066461309119,-3.2600664610634813,-3.2600664608289804,4.801385955488513e-10,1.4250343638046143e-10,-0.36001558278433876,-0.3600155825387011,-0.36001558230420017,0.36001558230420017,0.3600155825387011,0.36001558278433876,0.3600155825387011,0.1241411241771599,0.07895363216749667,0.12414112627132101,0.12414112635218197,0.12414112643688313,3721,0,2.384186216250549e-07,1.0000001783564543,,,,,-150.0,-150.0,0.0,-150.0,150.0,0.0,150.0,0.0,4.801385955488513e-10,4.801385955488513e-10
517,False,1385.0,1394.6500244140625,3721,3721,1.0,0.0,0,-2.944167137145996,-2.9441676139831543,-2.944167137145996,0.0,4.76837158203125e-07,-3.29359403904649,-3.2935940387992173,-3.2935940385451516,5.013385262486736e-10,1.4220089431850532e-10,-0.3494269019004941,-0.3494269016532216,-0.34942690139915555,0.34942690139915555,0.3494269016532216,0.3494269019004941,0.3494269016532216,0.11868446692822211,0.07663146930477868,0.11868446495122606,0.11868446503752077,0.11868446512150801,3721,0,4.768371798090353e-07,1.000000045310878,,,,,-150.0,-150.0,-5.0,150.0,145.0,300.0,333.2041416309227,0.0,5.013385262486736e-10,5.013385262486736e-10
518,False,1390.0,1394.6500244140625,3721,3721,1.0,0.0,0,-2.944167137145996,-2.9441676139831543,-2.944167137145996,0.0,4.76837158203125e-07,-3.29359403904649,-3.2935940387992173,-3.2935940385451516,5.013385262486736e-10,1.4220089431850532e-10,-0.3494269019004941,-0.3494269016532216,-0.34942690139915555,0.34942690139915555,0.3494269016532216,0.3494269019004941,0.3494269016532216,0.11868446692822211,0.07663146930477868,0.11868446495122606,0.11868446503752077,0.11868446512150801,3721,0,4.768371798090353e-07,1.000000045310878,,,,,-150.0,-150.0,-5.0,150.0,145.0,300.0,333.2041416309227,0.0,5.013385262486736e-10,5.013385262486736e-10
519,False,1395.0,1394.6500244140625,3721,3721,1.0,0.0,0,-2.944167137145996,-2.9441676139831543,-2.944167137145996,0.0,4.76837158203125e-07,-3.29359403904649,-3.2935940387992173,-3.2935940385451516,5.013385262486736e-10,1.4220089431850532e-10,-0.3494269019004941,-0.3494269016532216,-0.34942690139915555,0.34942690139915555,0.3494269016532216,0.3494269019004941,0.3494269016532216,0.11868446692822211,0.07663146930477868,0.11868446495122606,0.11868446503752077,0.11868446512150801,3721,0,4.768371798090353e-07,1.000000045310878,,,,,-150.0,-150.0,-5.0,150.0,145.0,300.0,333.2041416309227,0.0,5.013385262486736e-10,5.013385262486736e-10
520,False,1400.0,1394.6500244140625,3721,3721,1.0,0.0,0,-2.944167137145996,-2.9441676139831543,-2.944167137145996,0.0,4.76837158203125e-07,-3.29359403904649,-3.2935940387992173,-3.2935940385451516,5.013385262486736e-10,1.4220089431850532e-10,-0.3494269019004941,-0.3494269016532216,-0.34942690139915555,0.34942690139915555,0.3494269016532216,0.3494269019004941,0.3494269016532216,0.11868446692822211,0.07663146930477868,0.11868446495122606,0.11868446503752077,0.11868446512150801,3721,0,4.768371798090353e-07,1.000000045310878,,,,,-150.0,-150.0,-5.0,150.0,145.0,300.0,333.2041416309227,0.0,5.013385262486736e-10,5.013385262486736e-10
521,False,1405.0,1414.5999755859375,3721,3721,1.0,0.0,0,-2.988283157348633,-2.9882829189300537,-2.988283157348633,0.0,2.384185791015625e-07,-3.327121411640254,-3.3271214113952707,-3.3271214111621155,4.781384177476866e-10,1.4107417483711113e-10,-0.33883825429162107,-0.3388382540466378,-0.33883825381348265,0.33883825381348265,0.3388382540466378,0.33883825429162107,0.3388382540466378,0.11338893457169379,0.07430931374032727,0.1133889380530185,0.11338893813104162,0.11338893821302289,3721,0,2.384186209524148e-07,1.0000001755351973,,,,,-150.0,-150.0,40.0,-150.0,190.0,0.0,190.0,0.0,4.781384177476866e-10,4.781384177476866e-10
522,False,1410.0,1414.5999755859375,3721,3721,1.0,0.0,0,-2.988283157348633,-2.9882829189300537,-2.988283157348633,0.0,2.384185791015625e-07,-3.327121411640254,-3.3271214113952707,-3.3271214111621155,4.781384177476866e-10,1.4107417483711113e-10,-0.33883825429162107,-0.3388382540466378,-0.33883825381348265,0.33883825381348265,0.3388382540466378,0.33883825429162107,0.3388382540466378,0.11338893457169379,0.07430931374032727,0.1133889380530185,0.11338893813104162,0.11338893821302289,3721,0,2.384186209524148e-07,1.0000001755351973,,,,,-150.0,-150.0,40.0,-150.0,190.0,0.0,190.0,0.0,4.781384177476866e-10,4.781384177476866e-10
523,False,1415.0,1414.5999755859375,3721,3721,1.0,0.0,0,-2.988283157348633,-2.9882829189300537,-2.988283157348633,0.0,2.384185791015625e-07,-3.327121411640254,-3.3271214113952707,-3.3271214111621155,4.781384177476866e-10,1.4107417483711113e-10,-0.33883825429162107,-0.3388382540466378,-0.33883825381348265,0.33883825381348265,0.3388382540466378,0.33883825429162107,0.3388382540466378,0.11338893457169379,0.07430931374032727,0.1133889380530185,0.11338893813104162,0.11338893821302289,3721,0,2.384186209524148e-07,1.0000001755351973,,,,,-150.0,-150.0,40.0,-150.0,190.0,0.0,190.0,0.0,4.781384177476866e-10,4.781384177476866e-10
524,False,1420.0,1414.5999755859375,3721,3721,1.0,0.0,0,-2.988283157348633,-2.9882829189300537,-2.988283157348633,0.0,2.384185791015625e-07,-3.327121411640254,-3.3271214113952707,-3.3271214111621155,4.781384177476866e-10,1.4107417483711113e-10,-0.33883825429162107,-0.3388382540466378,-0.33883825381348265,0.33883825381348265,0.3388382540466378,0.33883825429162107,0.3388382540466378,0.11338893457169379,0.07430931374032727,0.1133889380530185,0.11338893813104162,0.11338893821302289,3721,0,2.384186209524148e-07,1.0000001755351973,,,,,-150.0,-150.0,40.0,-150.0,190.0,0.0,190.0,0.0,4.781384177476866e-10,4.781384177476866e-10
525,False,1425.0,1434.550048828125,3721,3721,1.0,0.0,0,-3.0323994159698486,-3.0323989391326904,-3.0323994159698486,0.0,4.76837158203125e-07,-3.360648989371919,-3.360648989138255,-3.3606489889103655,4.615534621166262e-10,1.407420008055931e-10,-0.3282495734020703,-0.3282495731684065,-0.3282495729405168,0.3282495729405168,0.3282495731684065,0.3282495734020703,0.32824957316840647,0.10824747289647799,0.07198715087919887,0.10824747268180474,0.10824747275695634,0.10824747283401208,3721,0,4.768371790226953e-07,1.0000000436618035,,,,,-150.0,-150.0,70.0,-150.0,220.0,0.0,220.0,0.0,4.615534621166262e-10,4.615534621166262e-10
526,False,1430.0,1434.550048828125,3721,3721,1.0,0.0,0,-3.0323994159698486,-3.0323989391326904,-3.0323994159698486,0.0,4.76837158203125e-07,-3.360648989371919,-3.360648989138255,-3.3606489889103655,4.615534621166262e-10,1.407420008055931e-10,-0.3282495734020703,-0.3282495731684065,-0.3282495729405168,0.3282495729405168,0.3282495731684065,0.3282495734020703,0.32824957316840647,0.10824747289647799,0.07198715087919887,0.10824747268180474,0.10824747275695634,0.10824747283401208,3721,0,4.768371790226953e-07,1.0000000436618035,,,,,-150.0,-150.0,70.0,-150.0,220.0,0.0,220.0,0.0,4.615534621166262e-10,4.615534621166262e-10
527,False,1435.0,1434.550048828125,3721,3721,1.0,0.0,0,-3.0323994159698486,-3.0323989391326904,-3.0323994159698486,0.0,4.76837158203125e-07,-3.360648989371919,-3.360648989138255,-3.3606489889103655,4.615534621166262e-10,1.407420008055931e-10,-0.3282495734020703,-0.3282495731684065,-0.3282495729405168,0.3282495729405168,0.3282495731684065,0.3282495734020703,0.32824957316840647,0.10824747289647799,0.07198715087919887,0.10824747268180474,0.10824747275695634,0.10824747283401208,3721,0,4.768371790226953e-07,1.0000000436618035,,,,,-150.0,-150.0,70.0,-150.0,220.0,0.0,220.0,0.0,4.615534621166262e-10,4.615534621166262e-10
528,False,1440.0,1434.550048828125,3721,3721,1.0,0.0,0,-3.0323994159698486,-3.0323989391326904,-3.0323994159698486,0.0,4.76837158203125e-07,-3.360648989371919,-3.360648989138255,-3.3606489889103655,4.615534621166262e-10,1.407420008055931e-10,-0.3282495734020703,-0.3282495731684065,-0.3282495729405168,0.3282495729405168,0.3282495731684065,0.3282495734020703,0.32824957316840647,0.10824747289647799,0.07198715087919887,0.10824747268180474,0.10824747275695634,0.10824747283401208,3721,0,4.768371790226953e-07,1.0000000436618035,,,,,-150.0,-150.0,70.0,-150.0,220.0,0.0,220.0,0.0,4.615534621166262e-10,4.615534621166262e-10
529,False,1445.0,1454.5,3721,3721,1.0,0.0,0,-3.0765154361724854,-3.0765154361724854,-3.0765154361724854,0.0,0.0,-3.394176361958867,-3.3941763617261507,-3.394176361468935,4.899320948936747e-10,1.4079997019877475e-10,-0.31766092578638183,-0.3176609255536652,-0.31766092529644974,0.31766092529644974,0.3176609255536652,0.31766092578638183,0.31766092555366526,0.10325348396505833,0.06966499531295849,0.10325348007733513,0.10325348016094126,0.10325348023658416,3721,0,1.4079997019877475e-10,,,,,,-150.0,-150.0,150.0,150.0,300.0,300.0,424.26406871192853,0.0,4.899320948936747e-10,4.899320948936747e-10
530,False,1450.0,1454.5,3721,3721,1.0,0.0,0,-3.0765154361724854,-3.0765154361724854,-3.0765154361724854,0.0,0.0,-3.394176361958867,-3.3941763617261507,-3.394176361468935,4.899320948936747e-10,1.4079997019877475e-10,-0.31766092578638183,-0.3176609255536652,-0.31766092529644974,0.31766092529644974,0.3176609255536652,0.31766092578638183,0.31766092555366526,0.10325348396505833,0.06966499531295849,0.10325348007733513,0.10325348016094126,0.10325348023658416,3721,0,1.4079997019877475e-10,,,,,,-150.0,-150.0,150.0,150.0,300.0,300.0,424.26406871192853,0.0,4.899320948936747e-10,4.899320948936747e-10
531,False,1455.0,1454.5,3721,3721,1.0,0.0,0,-3.0765154361724854,-3.0765154361724854,-3.0765154361724854,0.0,0.0,-3.394176361958867,-3.3941763617261507,-3.394176361468935,4.899320948936747e-10,1.4079997019877475e-10,-0.31766092578638183,-0.3176609255536652,-0.31766092529644974,0.31766092529644974,0.3176609255536652,0.31766092578638183,0.31766092555366526,0.10325348396505833,0.06966499531295849,0.10325348007733513,0.10325348016094126,0.10325348023658416,3721,0,1.4079997019877475e-10,,,,,,-150.0,-150.0,150.0,150.0,300.0,300.0,424.26406871192853,0.0,4.899320948936747e-10,4.899320948936747e-10
532,False,1460.0,1454.5,3721,3721,1.0,0.0,0,-3.0765154361724854,-3.0765154361724854,-3.0765154361724854,0.0,0.0,-3.394176361958867,-3.3941763617261507,-3.394176361468935,4.899320948936747e-10,1.4079997019877475e-10,-0.31766092578638183,-0.3176609255536652,-0.31766092529644974,0.31766092529644974,0.3176609255536652,0.31766092578638183,0.31766092555366526,0.10325348396505833,0.06966499531295849,0.10325348007733513,0.10325348016094126,0.10325348023658416,3721,0,1.4079997019877475e-10,,,,,,-150.0,-150.0,150.0,150.0,300.0,300.0,424.26406871192853,0.0,4.899320948936747e-10,4.899320948936747e-10
533,False,1465.0,1474.449951171875,3721,3721,1.0,0.0,0,-3.120631694793701,-3.1206319332122803,-3.120631694793701,0.0,2.384185791015625e-07,-3.4277037345345955,-3.4277037343075656,-3.4277037340425456,4.920499563354497e-10,1.4072113115559249e-10,-0.30707203974089436,-0.3070720395138645,-0.3070720392488444,0.3070720392488444,0.3070720395138645,0.30707203974089436,0.3070720395138646,0.098400601448796,0.0673427874586357,0.09840060259631002,0.09840060268123518,0.09840060275398642,3721,0,2.384186207681242e-07,1.0000001747622265,,,,,-150.0,-150.0,135.0,150.0,285.0,300.0,413.7934267240116,0.0,4.920499563354497e-10,4.920499563354497e-10
534,False,1470.0,1474.449951171875,3721,3721,1.0,0.0,0,-3.120631694793701,-3.1206319332122803,-3.120631694793701,0.0,2.384185791015625e-07,-3.4277037345345955,-3.4277037343075656,-3.4277037340425456,4.920499563354497e-10,1.4072113115559249e-10,-0.30707203974089436,-0.3070720395138645,-0.3070720392488444,0.3070720392488444,0.3070720395138645,0.30707203974089436,0.3070720395138646,0.098400601448796,0.0673427874586357,0.09840060259631002,0.09840060268123518,0.09840060275398642,3721,0,2.384186207681242e-07,1.0000001747622265,,,,,-150.0,-150.0,135.0,150.0,285.0,300.0,413.7934267240116,0.0,4.920499563354497e-10,4.920499563354497e-10
535,False,1475.0,1474.449951171875,3721,3721,1.0,0.0,0,-3.120631694793701,-3.1206319332122803,-3.120631694793701,0.0,2.384185791015625e-07,-3.4277037345345955,-3.4277037343075656,-3.4277037340425456,4.920499563354497e-10,1.4072113115559249e-10,-0.30707203974089436,-0.3070720395138645,-0.3070720392488444,0.3070720392488444,0.3070720395138645,0.30707203974089436,0.3070720395138646,0.098400601448796,0.0673427874586357,0.09840060259631002,0.09840060268123518,0.09840060275398642,3721,0,2.384186207681242e-07,1.0000001747622265,,,,,-150.0,-150.0,135.0,150.0,285.0,300.0,413.7934267240116,0.0,4.920499563354497e-10,4.920499563354497e-10
536,False,1480.0,1474.449951171875,3721,3721,1.0,0.0,0,-3.120631694793701,-3.1206319332122803,-3.120631694793701,0.0,2.384185791015625e-07,-3.4277037345345955,-3.4277037343075656,-3.4277037340425456,4.920499563354497e-10,1.4072113115559249e-10,-0.30707203974089436,-0.3070720395138645,-0.3070720392488444,0.3070720392488444,0.3070720395138645,0.30707203974089436,0.3070720395138646,0.098400601448796,0.0673427874586357,0.09840060259631002,0.09840060268123518,0.09840060275398642,3721,0,2.384186207681242e-07,1.0000001747622265,,,,,-150.0,-150.0,135.0,150.0,285.0,300.0,413.7934267240116,0.0,4.920499563354497e-10,4.920499563354497e-10
537,False,1485.0,1494.4000244140625,3721,3721,1.0,0.0,0,-3.164747714996338,-3.164747953414917,-3.164747714996338,0.0,2.384185791015625e-07,-3.461231312256164,-3.4612313120339646,-3.4612313117411166,5.15047560156745e-10,1.4543606500053184e-10,-0.2964835972598263,-0.2964835970376274,-0.29648359674477875,0.29648359674477875,0.2964835970376274,0.2964835972598263,0.2964835970376274,0.09368317171811745,0.06502067688053131,0.09368316954298578,0.09368316963552037,0.093683169705731,3721,0,2.3841862412657147e-07,1.0000001888485752,,,,,-150.0,-150.0,150.0,125.0,300.0,275.0,406.97051490249265,0.0,5.15047560156745e-10,5.15047560156745e-10
538,False,1490.0,1494.4000244140625,3721,3721,1.0,0.0,0,-3.164747714996338,-3.164747953414917,-3.164747714996338,0.0,2.384185791015625e-07,-3.461231312256164,-3.4612313120339646,-3.4612313117411166,5.15047560156745e-10,1.4543606500053184e-10,-0.2964835972598263,-0.2964835970376274,-0.29648359674477875,0.29648359674477875,0.2964835970376274,0.2964835972598263,0.2964835970376274,0.09368317171811745,0.06502067688053131,0.09368316954298578,0.09368316963552037,0.093683169705731,3721,0,2.3841862412657147e-07,1.0000001888485752,,,,,-150.0,-150.0,150.0,125.0,300.0,275.0,406.97051490249265,0.0,5.15047560156745e-10,5.15047560156745e-10
539,False,1495.0,1494.4000244140625,3721,3721,1.0,0.0,0,-3.164747714996338,-3.164747953414917,-3.164747714996338,0.0,2.384185791015625e-07,-3.461231312256164,-3.4612313120339646,-3.4612313117411166,5.15047560156745e-10,1.4543606500053184e-10,-0.2964835972598263,-0.2964835970376274,-0.29648359674477875,0.29648359674477875,0.2964835970376274,0.2964835972598263,0.2964835970376274,0.09368317171811745,0.06502067688053131,0.09368316954298578,0.09368316963552037,0.093683169705731,3721,0,2.3841862412657147e-07,1.0000001888485752,,,,,-150.0,-150.0,150.0,125.0,300.0,275.0,406.97051490249265,0.0,5.15047560156745e-10,5.15047560156745e-10
540,False,1500.0,1494.4000244140625,3721,3721,1.0,0.0,0,-3.164747714996338,-3.164747953414917,-3.164747714996338,0.0,2.384185791015625e-07,-3.461231312256164,-3.4612313120339646,-3.4612313117411166,5.15047560156745e-10,1.4543606500053184e-10,-0.2964835972598263,-0.2964835970376274,-0.29648359674477875,0.29648359674477875,0.2964835970376274,0.2964835972598263,0.2964835970376274,0.09368317171811745,0.06502067688053131,0.09368316954298578,0.09368316963552037,0.093683169705731,3721,0,2.3841862412657147e-07,1.0000001888485752,,,,,-150.0,-150.0,150.0,125.0,300.0,275.0,406.97051490249265,0.0,5.15047560156745e-10,5.15047560156745e-10
541,False,1505.0,1514.3499755859375,3721,3721,1.0,0.0,0,-3.2088639736175537,-3.2088634967803955,-3.2088639736175537,0.0,4.76837158203125e-07,-3.4947586848553325,-3.4947586846131005,-3.4947586843303218,5.250107015797312e-10,1.5229486423837876e-10,-0.28589471123777876,-0.2858947109955467,-0.28589471071276806,0.28589471071276806,0.2858947109955467,0.28589471123777876,0.2858947109955467,0.08909530164983233,0.06269846902570851,0.08909530384064894,0.08909530392877317,0.08909530400426158,3721,0,4.768371825843754e-07,1.0000000511311877,,,,,-150.0,-150.0,140.0,150.0,290.0,300.0,417.2529209005013,0.0,5.250107015797312e-10,5.250107015797312e-10
542,False,1510.0,1514.3499755859375,3721,3721,1.0,0.0,0,-3.2088639736175537,-3.2088634967803955,-3.2088639736175537,0.0,4.76837158203125e-07,-3.4947586848553325,-3.4947586846131005,-3.4947586843303218,5.250107015797312e-10,1.5229486423837876e-10,-0.28589471123777876,-0.2858947109955467,-0.28589471071276806,0.28589471071276806,0.2858947109955467,0.28589471123777876,0.2858947109955467,0.08909530164983233,0.06269846902570851,0.08909530384064894,0.08909530392877317,0.08909530400426158,3721,0,4.768371825843754e-07,1.0000000511311877,,,,,-150.0,-150.0,140.0,150.0,290.0,300.0,417.2529209005013,0.0,5.250107015797312e-10,5.250107015797312e-10
543,False,1515.0,1514.3499755859375,3721,3721,1.0,0.0,0,-3.2088639736175537,-3.2088634967803955,-3.2088639736175537,0.0,4.76837158203125e-07,-3.4947586848553325,-3.4947586846131005,-3.4947586843303218,5.250107015797312e-10,1.5229486423837876e-10,-0.28589471123777876,-0.2858947109955467,-0.28589471071276806,0.28589471071276806,0.2858947109955467,0.28589471123777876,0.2858947109955467,0.08909530164983233,0.06269846902570851,0.08909530384064894,0.08909530392877317,0.08909530400426158,3721,0,4.768371825843754e-07,1.0000000511311877,,,,,-150.0,-150.0,140.0,150.0,290.0,300.0,417.2529209005013,0.0,5.250107015797312e-10,5.250107015797312e-10
544,False,1520.0,1514.3499755859375,3721,3721,1.0,0.0,0,-3.2088639736175537,-3.2088634967803955,-3.2088639736175537,0.0,4.76837158203125e-07,-3.4947586848553325,-3.4947586846131005,-3.4947586843303218,5.250107015797312e-10,1.5229486423837876e-10,-0.28589471123777876,-0.2858947109955467,-0.28589471071276806,0.28589471071276806,0.2858947109955467,0.28589471123777876,0.2858947109955467,0.08909530164983233,0.06269846902570851,0.08909530384064894,0.08909530392877317,0.08909530400426158,3721,0,4.768371825843754e-07,1.0000000511311877,,,,,-150.0,-150.0,140.0,150.0,290.0,300.0,417.2529209005013,0.0,5.250107015797312e-10,5.250107015797312e-10
545,False,1525.0,1534.300048828125,3721,3721,1.0,0.0,0,-3.2529799938201904,-3.2529797554016113,-3.2529799938201904,0.0,2.384185791015625e-07,-3.5282862626089107,-3.5282862623489777,-3.5282862620250217,5.838889372000722e-10,1.5950493345232548e-10,-0.2753062687887202,-0.2753062685287872,-0.2753062682048313,0.2753062682048313,0.2753062685287872,0.2753062687887202,0.27530626852878726,0.08463202090614992,0.060376358449682664,0.08463202009475651,0.08463202019434393,0.08463202027425007,3721,0,2.384186324842586e-07,1.0000002239032557,,,,,-150.0,-150.0,65.0,135.0,215.0,285.0,357.0014005574768,0.0,5.838889372000722e-10,5.838889372000722e-10
546,False,1530.0,1534.300048828125,3721,3721,1.0,0.0,0,-3.2529799938201904,-3.2529797554016113,-3.2529799938201904,0.0,2.384185791015625e-07,-3.5282862626089107,-3.5282862623489777,-3.5282862620250217,5.838889372000722e-10,1.5950493345232548e-10,-0.2753062687887202,-0.2753062685287872,-0.2753062682048313,0.2753062682048313,0.2753062685287872,0.2753062687887202,0.27530626852878726,0.08463202090614992,0.060376358449682664,0.08463202009475651,0.08463202019434393,0.08463202027425007,3721,0,2.384186324842586e-07,1.0000002239032557,,,,,-150.0,-150.0,65.0,135.0,215.0,285.0,357.0014005574768,0.0,5.838889372000722e-10,5.838889372000722e-10
547,False,1535.0,1534.300048828125,3721,3721,1.0,0.0,0,-3.2529799938201904,-3.2529797554016113,-3.2529799938201904,0.0,2.384185791015625e-07,-3.5282862626089107,-3.5282862623489777,-3.5282862620250217,5.838889372000722e-10,1.5950493345232548e-10,-0.2753062687887202,-0.2753062685287872,-0.2753062682048313,0.2753062682048313,0.2753062685287872,0.2753062687887202,0.27530626852878726,0.08463202090614992,0.060376358449682664,0.08463202009475651,0.08463202019434393,0.08463202027425007,3721,0,2.384186324842586e-07,1.0000002239032557,,,,,-150.0,-150.0,65.0,135.0,215.0,285.0,357.0014005574768,0.0,5.838889372000722e-10,5.838889372000722e-10
548,False,1540.0,1534.300048828125,3721,3721,1.0,0.0,0,-3.2529799938201904,-3.2529797554016113,-3.2529799938201904,0.0,2.384185791015625e-07,-3.5282862626089107,-3.5282862623489777,-3.5282862620250217,5.838889372000722e-10,1.5950493345232548e-10,-0.2753062687887202,-0.2753062685287872,-0.2753062682048313,0.2753062682048313,0.2753062685287872,0.2753062687887202,0.27530626852878726,0.08463202090614992,0.060376358449682664,0.08463202009475651,0.08463202019434393,0.08463202027425007,3721,0,2.384186324842586e-07,1.0000002239032557,,,,,-150.0,-150.0,65.0,135.0,215.0,285.0,357.0014005574768,0.0,5.838889372000722e-10,5.838889372000722e-10
549,False,1545.0,1554.25,3721,3721,1.0,0.0,0,-3.2970962524414062,-3.2970964908599854,-3.2970962524414062,0.0,2.384185791015625e-07,-3.561813635203817,-3.561813634933837,-3.561813634569975,6.338418678808466e-10,1.669223387066939e-10,-0.26471738276241075,-0.26471738249243076,-0.2647173821285689,0.2647173821285689,0.26471738249243076,0.26471738276241075,0.2647173824924307,0.08028803900953875,0.058054150596115205,0.0802880358535342,0.08028803596389247,0.08028803604577665,3721,0,2.384186375490833e-07,1.0000002451466705,,,,,-150.0,-150.0,50.0,130.0,200.0,280.0,344.0930106817051,0.0,6.338418678808466e-10,6.338418678808466e-10
550,False,1550.0,1554.25,3721,3721,1.0,0.0,0,-3.2970962524414062,-3.2970964908599854,-3.2970962524414062,0.0,2.384185791015625e-07,-3.561813635203817,-3.561813634933837,-3.561813634569975,6.338418678808466e-10,1.669223387066939e-10,-0.26471738276241075,-0.26471738249243076,-0.2647173821285689,0.2647173821285689,0.26471738249243076,0.26471738276241075,0.2647173824924307,0.08028803900953875,0.058054150596115205,0.0802880358535342,0.08028803596389247,0.08028803604577665,3721,0,2.384186375490833e-07,1.0000002451466705,,,,,-150.0,-150.0,50.0,130.0,200.0,280.0,344.0930106817051,0.0,6.338418678808466e-10,6.338418678808466e-10
551,False,1555.0,1554.25,3721,3721,1.0,0.0,0,-3.2970962524414062,-3.2970964908599854,-3.2970962524414062,0.0,2.384185791015625e-07,-3.561813635203817,-3.561813634933837,-3.561813634569975,6.338418678808466e-10,1.669223387066939e-10,-0.26471738276241075,-0.26471738249243076,-0.2647173821285689,0.2647173821285689,0.26471738249243076,0.26471738276241075,0.2647173824924307,0.08028803900953875,0.058054150596115205,0.0802880358535342,0.08028803596389247,0.08028803604577665,3721,0,2.384186375490833e-07,1.0000002451466705,,,,,-150.0,-150.0,50.0,130.0,200.0,280.0,344.0930106817051,0.0,6.338418678808466e-10,6.338418678808466e-10
552,False,1560.0,1554.25,3721,3721,1.0,0.0,0,-3.2970962524414062,-3.2970964908599854,-3.2970962524414062,0.0,2.384185791015625e-07,-3.561813635203817,-3.561813634933837,-3.561813634569975,6.338418678808466e-10,1.669223387066939e-10,-0.26471738276241075,-0.26471738249243076,-0.2647173821285689,0.2647173821285689,0.26471738249243076,0.26471738276241075,0.2647173824924307,0.08028803900953875,0.058054150596115205,0.0802880358535342,0.08028803596389247,0.08028803604577665,3721,0,2.384186375490833e-07,1.0000002451466705,,,,,-150.0,-150.0,50.0,130.0,200.0,280.0,344.0930106817051,0.0,6.338418678808466e-10,6.338418678808466e-10
553,False,1565.0,1574.199951171875,3721,3721,1.0,0.0,0,-3.341212272644043,-3.341212749481201,-3.341212272644043,0.0,4.76837158203125e-07,-3.5953410077525265,-3.595341007486491,-3.595341007111006,6.415206144083641e-10,1.7169466022511858e-10,-0.25412873510848355,-0.25412873484244825,-0.25412873446696294,0.25412873446696294,0.25412873484244825,0.25412873510848355,0.25412873484244825,0.07605884689209269,0.055731995022146194,0.07605884144136107,0.07605884155374103,0.07605884163336342,3721,0,4.768371894360331e-07,1.0000000655001557,,,,,-150.0,-150.0,55.0,135.0,205.0,285.0,351.0697936308392,0.0,6.415206144083641e-10,6.415206144083641e-10
554,False,1570.0,1574.199951171875,3721,3721,1.0,0.0,0,-3.341212272644043,-3.341212749481201,-3.341212272644043,0.0,4.76837158203125e-07,-3.5953410077525265,-3.595341007486491,-3.595341007111006,6.415206144083641e-10,1.7169466022511858e-10,-0.25412873510848355,-0.25412873484244825,-0.25412873446696294,0.25412873446696294,0.25412873484244825,0.25412873510848355,0.25412873484244825,0.07605884689209269,0.055731995022146194,0.07605884144136107,0.07605884155374103,0.07605884163336342,3721,0,4.768371894360331e-07,1.0000000655001557,,,,,-150.0,-150.0,55.0,135.0,205.0,285.0,351.0697936308392,0.0,6.415206144083641e-10,6.415206144083641e-10
555,False,1575.0,1574.199951171875,3721,3721,1.0,0.0,0,-3.341212272644043,-3.341212749481201,-3.341212272644043,0.0,4.76837158203125e-07,-3.5953410077525265,-3.595341007486491,-3.595341007111006,6.415206144083641e-10,1.7169466022511858e-10,-0.25412873510848355,-0.25412873484244825,-0.25412873446696294,0.25412873446696294,0.25412873484244825,0.25412873510848355,0.25412873484244825,0.07605884689209269,0.055731995022146194,0.07605884144136107,0.07605884155374103,0.07605884163336342,3721,0,4.768371894360331e-07,1.0000000655001557,,,,,-150.0,-150.0,55.0,135.0,205.0,285.0,351.0697936308392,0.0,6.415206144083641e-10,6.415206144083641e-10
556,False,1580.0,1574.199951171875,3721,3721,1.0,0.0,0,-3.341212272644043,-3.341212749481201,-3.341212272644043,0.0,4.76837158203125e-07,-3.5953410077525265,-3.595341007486491,-3.595341007111006,6.415206144083641e-10,1.7169466022511858e-10,-0.25412873510848355,-0.25412873484244825,-0.25412873446696294,0.25412873446696294,0.25412873484244825,0.25412873510848355,0.25412873484244825,0.07605884689209269,0.055731995022146194,0.07605884144136107,0.07605884155374103,0.07605884163336342,3721,0,4.768371894360331e-07,1.0000000655001557,,,,,-150.0,-150.0,55.0,135.0,205.0,285.0,351.0697936308392,0.0,6.415206144083641e-10,6.415206144083641e-10
557,False,1585.0,1594.1500244140625,3721,3721,1.0,0.0,0,-3.385328531265259,-3.385329008102417,-3.385328531265259,0.0,4.76837158203125e-07,-3.628868585449663,-3.628868585170444,-3.6288685847708035,6.788596351725573e-10,1.7053679173655946e-10,-0.2435400541844044,-0.2435400539051851,-0.24354005350554475,0.24354005350554475,0.2435400539051851,0.2435400541844044,0.24354005390518507,0.07193985976861167,0.05340983214807174,0.07193985790635281,0.07193985802440349,0.07193985810688272,3721,0,4.768371886974539e-07,1.0000000639512427,,,,,-150.0,-150.0,50.0,150.0,200.0,300.0,360.5551275463989,0.0,6.788596351725573e-10,6.788596351725573e-10
558,False,1590.0,1594.1500244140625,3721,3721,1.0,0.0,0,-3.385328531265259,-3.385329008102417,-3.385328531265259,0.0,4.76837158203125e-07,-3.628868585449663,-3.628868585170444,-3.6288685847708035,6.788596351725573e-10,1.7053679173655946e-10,-0.2435400541844044,-0.2435400539051851,-0.24354005350554475,0.24354005350554475,0.2435400539051851,0.2435400541844044,0.24354005390518507,0.07193985976861167,0.05340983214807174,0.07193985790635281,0.07193985802440349,0.07193985810688272,3721,0,4.768371886974539e-07,1.0000000639512427,,,,,-150.0,-150.0,50.0,150.0,200.0,300.0,360.5551275463989,0.0,6.788596351725573e-10,6.788596351725573e-10
559,False,1595.0,1594.1500244140625,3721,3721,1.0,0.0,0,-3.385328531265259,-3.385329008102417,-3.385328531265259,0.0,4.76837158203125e-07,-3.628868585449663,-3.628868585170444,-3.6288685847708035,6.788596351725573e-10,1.7053679173655946e-10,-0.2435400541844044,-0.2435400539051851,-0.24354005350554475,0.24354005350554475,0.2435400539051851,0.2435400541844044,0.24354005390518507,0.07193985976861167,0.05340983214807174,0.07193985790635281,0.07193985802440349,0.07193985810688272,3721,0,4.768371886974539e-07,1.0000000639512427,,,,,-150.0,-150.0,50.0,150.0,200.0,300.0,360.5551275463989,0.0,6.788596351725573e-10,6.788596351725573e-10
560,False,1600.0,1594.1500244140625,3721,3721,1.0,0.0,0,-3.385328531265259,-3.385329008102417,-3.385328531265259,0.0,4.76837158203125e-07,-3.628868585449663,-3.628868585170444,-3.6288685847708035,6.788596351725573e-10,1.7053679173655946e-10,-0.2435400541844044,-0.2435400539051851,-0.24354005350554475,0.24354005350554475,0.2435400539051851,0.2435400541844044,0.24354005390518507,0.07193985976861167,0.05340983214807174,0.07193985790635281,0.07193985802440349,0.07193985810688272,3721,0,4.768371886974539e-07,1.0000000639512427,,,,,-150.0,-150.0,50.0,150.0,200.0,300.0,360.5551275463989,0.0,6.788596351725573e-10,6.788596351725573e-10
561,False,1605.0,1614.0999755859375,3721,3721,1.0,0.0,0,-3.4294447898864746,-3.4294445514678955,-3.4294447898864746,0.0,2.384185791015625e-07,-3.662395957955609,-3.66239595772301,-3.6623959573563747,5.992344398464411e-10,1.5975423537059166e-10,-0.23295116806913452,-0.23295116783653558,-0.23295116746990008,0.23295116746990008,0.23295116783653558,0.23295116806913452,0.23295116783653558,0.06792678620885226,0.05108762428742224,0.06792678749542182,0.06792678760232994,0.06792678767015402,3721,0,2.384186322860933e-07,1.0000002230720904,,,,,-150.0,-150.0,40.0,150.0,190.0,300.0,355.10561809129405,0.0,5.992344398464411e-10,5.992344398464411e-10
562,False,1610.0,1614.0999755859375,3721,3721,1.0,0.0,0,-3.4294447898864746,-3.4294445514678955,-3.4294447898864746,0.0,2.384185791015625e-07,-3.662395957955609,-3.66239595772301,-3.6623959573563747,5.992344398464411e-10,1.5975423537059166e-10,-0.23295116806913452,-0.23295116783653558,-0.23295116746990008,0.23295116746990008,0.23295116783653558,0.23295116806913452,0.23295116783653558,0.06792678620885226,0.05108762428742224,0.06792678749542182,0.06792678760232994,0.06792678767015402,3721,0,2.384186322860933e-07,1.0000002230720904,,,,,-150.0,-150.0,40.0,150.0,190.0,300.0,355.10561809129405,0.0,5.992344398464411e-10,5.992344398464411e-10
563,False,1615.0,1614.0999755859375,3721,3721,1.0,0.0,0,-3.4294447898864746,-3.4294445514678955,-3.4294447898864746,0.0,2.384185791015625e-07,-3.662395957955609,-3.66239595772301,-3.6623959573563747,5.992344398464411e-10,1.5975423537059166e-10,-0.23295116806913452,-0.23295116783653558,-0.23295116746990008,0.23295116746990008,0.23295116783653558,0.23295116806913452,0.23295116783653558,0.06792678620885226,0.05108762428742224,0.06792678749542182,0.06792678760232994,0.06792678767015402,3721,0,2.384186322860933e-07,1.0000002230720904,,,,,-150.0,-150.0,40.0,150.0,190.0,300.0,355.10561809129405,0.0,5.992344398464411e-10,5.992344398464411e-10
564,False,1620.0,1614.0999755859375,3721,3721,1.0,0.0,0,-3.4294447898864746,-3.4294445514678955,-3.4294447898864746,0.0,2.384185791015625e-07,-3.662395957955609,-3.66239595772301,-3.6623959573563747,5.992344398464411e-10,1.5975423537059166e-10,-0.23295116806913452,-0.23295116783653558,-0.23295116746990008,0.23295116746990008,0.23295116783653558,0.23295116806913452,0.23295116783653558,0.06792678620885226,0.05108762428742224,0.06792678749542182,0.06792678760232994,0.06792678767015402,3721,0,2.384186322860933e-07,1.0000002230720904,,,,,-150.0,-150.0,40.0,150.0,190.0,300.0,355.10561809129405,0.0,5.992344398464411e-10,5.992344398464411e-10
565,False,1625.0,1634.050048828125,3721,3721,1.0,0.0,0,-3.4735608100891113,-3.4735605716705322,-3.4735608100891113,0.0,2.384185791015625e-07,-3.6959235356975197,-3.695923535427766,-3.6959235351218154,5.757043730625355e-10,1.379569815694202e-10,-0.22236272560840842,-0.2223627253386548,-0.22236272503270404,0.22236272503270404,0.2223627253386548,0.22236272560840842,0.2223627253386548,0.06401578207057179,0.04876551370457129,0.06401578587219249,0.06401578596027235,0.06401578603793145,3721,0,2.384186190691288e-07,1.0000001676361232,,,,,-150.0,-150.0,25.0,105.0,175.0,255.0,309.2733418838423,0.0,5.757043730625355e-10,5.757043730625355e-10
566,False,1630.0,1634.050048828125,3721,3721,1.0,0.0,0,-3.4735608100891113,-3.4735605716705322,-3.4735608100891113,0.0,2.384185791015625e-07,-3.6959235356975197,-3.695923535427766,-3.6959235351218154,5.757043730625355e-10,1.379569815694202e-10,-0.22236272560840842,-0.2223627253386548,-0.22236272503270404,0.22236272503270404,0.2223627253386548,0.22236272560840842,0.2223627253386548,0.06401578207057179,0.04876551370457129,0.06401578587219249,0.06401578596027235,0.06401578603793145,3721,0,2.384186190691288e-07,1.0000001676361232,,,,,-150.0,-150.0,25.0,105.0,175.0,255.0,309.2733418838423,0.0,5.757043730625355e-10,5.757043730625355e-10
567,False,1635.0,1634.050048828125,3721,3721,1.0,0.0,0,-3.4735608100891113,-3.4735605716705322,-3.4735608100891113,0.0,2.384185791015625e-07,-3.6959235356975197,-3.695923535427766,-3.6959235351218154,5.757043730625355e-10,1.379569815694202e-10,-0.22236272560840842,-0.2223627253386548,-0.22236272503270404,0.22236272503270404,0.2223627253386548,0.22236272560840842,0.2223627253386548,0.06401578207057179,0.04876551370457129,0.06401578587219249,0.06401578596027235,0.06401578603793145,3721,0,2.384186190691288e-07,1.0000001676361232,,,,,-150.0,-150.0,25.0,105.0,175.0,255.0,309.2733418838423,0.0,5.757043730625355e-10,5.757043730625355e-10
568,False,1640.0,1634.050048828125,3721,3721,1.0,0.0,0,-3.4735608100891113,-3.4735605716705322,-3.4735608100891113,0.0,2.384185791015625e-07,-3.6959235356975197,-3.695923535427766,-3.6959235351218154,5.757043730625355e-10,1.379569815694202e-10,-0.22236272560840842,-0.2223627253386548,-0.22236272503270404,0.22236272503270404,0.2223627253386548,0.22236272560840842,0.2223627253386548,0.06401578207057179,0.04876551370457129,0.06401578587219249,0.06401578596027235,0.06401578603793145,3721,0,2.384186190691288e-07,1.0000001676361232,,,,,-150.0,-150.0,25.0,105.0,175.0,255.0,309.2733418838423,0.0,5.757043730625355e-10,5.757043730625355e-10
569,False,1645.0,1654.0,3721,3721,1.0,0.0,0,-3.517677068710327,-3.517677068710327,-3.517677068710327,0.0,0.0,-3.729450908313278,-3.72945090797936,-3.7294509077133644,5.999134522483018e-10,1.2842742753060295e-10,-0.2117738396029507,-0.21177383926903323,-0.21177383900303726,0.21177383900303726,0.21177383926903323,0.2117738396029507,0.21177383926903323,0.06020274980014065,0.04644330584370859,0.0602027516643758,0.060202751739992746,0.06020275183491831,3721,0,1.2842742753060295e-10,,,,,,-150.0,-150.0,145.0,-150.0,295.0,0.0,295.0,0.0,5.999134522483018e-10,5.999134522483018e-10
570,False,1650.0,1654.0,3721,3721,1.0,0.0,0,-3.517677068710327,-3.517677068710327,-3.517677068710327,0.0,0.0,-3.729450908313278,-3.72945090797936,-3.7294509077133644,5.999134522483018e-10,1.2842742753060295e-10,-0.2117738396029507,-0.21177383926903323,-0.21177383900303726,0.21177383900303726,0.21177383926903323,0.2117738396029507,0.21177383926903323,0.06020274980014065,0.04644330584370859,0.0602027516643758,0.060202751739992746,0.06020275183491831,3721,0,1.2842742753060295e-10,,,,,,-150.0,-150.0,145.0,-150.0,295.0,0.0,295.0,0.0,5.999134522483018e-10,5.999134522483018e-10
571,False,1655.0,1654.0,3721,3721,1.0,0.0,0,-3.517677068710327,-3.517677068710327,-3.517677068710327,0.0,0.0,-3.729450908313278,-3.72945090797936,-3.7294509077133644,5.999134522483018e-10,1.2842742753060295e-10,-0.2117738396029507,-0.21177383926903323,-0.21177383900303726,0.21177383900303726,0.21177383926903323,0.2117738396029507,0.21177383926903323,0.06020274980014065,0.04644330584370859,0.0602027516643758,0.060202751739992746,0.06020275183491831,3721,0,1.2842742753060295e-10,,,,,,-150.0,-150.0,145.0,-150.0,295.0,0.0,295.0,0.0,5.999134522483018e-10,5.999134522483018e-10
572,False,1660.0,1654.0,3721,3721,1.0,0.0,0,-3.517677068710327,-3.517677068710327,-3.517677068710327,0.0,0.0,-3.729450908313278,-3.72945090797936,-3.7294509077133644,5.999134522483018e-10,1.2842742753060295e-10,-0.2117738396029507,-0.21177383926903323,-0.21177383900303726,0.21177383900303726,0.21177383926903323,0.2117738396029507,0.21177383926903323,0.06020274980014065,0.04644330584370859,0.0602027516643758,0.060202751739992746,0.06020275183491831,3721,0,1.2842742753060295e-10,,,,,,-150.0,-150.0,145.0,-150.0,295.0,0.0,295.0,0.0,5.999134522483018e-10,5.999134522483018e-10
573,False,1665.0,1673.949951171875,3721,3721,1.0,0.0,0,-3.561793088912964,-3.561793565750122,-3.561793088912964,0.0,4.76837158203125e-07,-3.7629782808197234,-3.762978280527405,-3.762978280273814,5.459095397952751e-10,1.2303193075797584e-10,-0.20118519190675954,-0.20118519161444043,-0.20118519136085,0.20118519136085,0.20118519161444043,0.20118519190675954,0.20118519161444046,0.05648424441608205,0.04412115026872852,0.056484244406867105,0.056484244478064514,0.05648424456013529,3721,0,4.768371735925111e-07,1.0000000322738818,,,,,-150.0,-150.0,150.0,-150.0,300.0,0.0,300.0,0.0,5.459095397952751e-10,5.459095397952751e-10
574,False,1670.0,1673.949951171875,3721,3721,1.0,0.0,0,-3.561793088912964,-3.561793565750122,-3.561793088912964,0.0,4.76837158203125e-07,-3.7629782808197234,-3.762978280527405,-3.762978280273814,5.459095397952751e-10,1.2303193075797584e-10,-0.20118519190675954,-0.20118519161444043,-0.20118519136085,0.20118519136085,0.20118519161444043,0.20118519190675954,0.20118519161444046,0.05648424441608205,0.04412115026872852,0.056484244406867105,0.056484244478064514,0.05648424456013529,3721,0,4.768371735925111e-07,1.0000000322738818,,,,,-150.0,-150.0,150.0,-150.0,300.0,0.0,300.0,0.0,5.459095397952751e-10,5.459095397952751e-10
575,False,1675.0,1673.949951171875,3721,3721,1.0,0.0,0,-3.561793088912964,-3.561793565750122,-3.561793088912964,0.0,4.76837158203125e-07,-3.7629782808197234,-3.762978280527405,-3.762978280273814,5.459095397952751e-10,1.2303193075797584e-10,-0.20118519190675954,-0.20118519161444043,-0.20118519136085,0.20118519136085,0.20118519161444043,0.20118519190675954,0.20118519161444046,0.05648424441608205,0.04412115026872852,0.056484244406867105,0.056484244478064514,0.05648424456013529,3721,0,4.768371735925111e-07,1.0000000322738818,,,,,-150.0,-150.0,150.0,-150.0,300.0,0.0,300.0,0.0,5.459095397952751e-10,5.459095397952751e-10
576,False,1680.0,1673.949951171875,3721,3721,1.0,0.0,0,-3.561793088912964,-3.561793565750122,-3.561793088912964,0.0,4.76837158203125e-07,-3.7629782808197234,-3.762978280527405,-3.762978280273814,5.459095397952751e-10,1.2303193075797584e-10,-0.20118519190675954,-0.20118519161444043,-0.20118519136085,0.20118519136085,0.20118519161444043,0.20118519190675954,0.20118519161444046,0.05648424441608205,0.04412115026872852,0.056484244406867105,0.056484244478064514,0.05648424456013529,3721,0,4.768371735925111e-07,1.0000000322738818,,,,,-150.0,-150.0,150.0,-150.0,300.0,0.0,300.0,0.0,5.459095397952751e-10,5.459095397952751e-10
577,False,1685.0,1693.9000244140625,3721,3721,1.0,0.0,0,-3.6059093475341797,-3.605910301208496,-3.6059093475341797,0.0,9.5367431640625e-07,-3.7965058585179907,-3.796505858202043,-3.796505857985774,5.322169371879681e-10,1.1056800825903635e-10,-0.19059651098381103,-0.1905965106678632,-0.1905965104515941,0.1905965104515941,0.1905965106678632,0.19059651098381103,0.19059651066786323,0.052856716705362114,0.04179898739261143,0.05285671160367058,0.052856711663646895,0.05285671175126634,3721,0,9.536743227359769e-07,1.0000000066371997,,,,,-150.0,-150.0,150.0,-150.0,300.0,0.0,300.0,0.0,5.322169371879681e-10,5.322169371879681e-10
578,False,1690.0,1693.9000244140625,3721,3721,1.0,0.0,0,-3.6059093475341797,-3.605910301208496,-3.6059093475341797,0.0,9.5367431640625e-07,-3.7965058585179907,-3.796505858202043,-3.796505857985774,5.322169371879681e-10,1.1056800825903635e-10,-0.19059651098381103,-0.1905965106678632,-0.1905965104515941,0.1905965104515941,0.1905965106678632,0.19059651098381103,0.19059651066786323,0.052856716705362114,0.04179898739261143,0.05285671160367058,0.052856711663646895,0.05285671175126634,3721,0,9.536743227359769e-07,1.0000000066371997,,,,,-150.0,-150.0,150.0,-150.0,300.0,0.0,300.0,0.0,5.322169371879681e-10,5.322169371879681e-10
579,False,1695.0,1693.9000244140625,3721,3721,1.0,0.0,0,-3.6059093475341797,-3.605910301208496,-3.6059093475341797,0.0,9.5367431640625e-07,-3.7965058585179907,-3.796505858202043,-3.796505857985774,5.322169371879681e-10,1.1056800825903635e-10,-0.19059651098381103,-0.1905965106678632,-0.1905965104515941,0.1905965104515941,0.1905965106678632,0.19059651098381103,0.19059651066786323,0.052856716705362114,0.04179898739261143,0.05285671160367058,0.052856711663646895,0.05285671175126634,3721,0,9.536743227359769e-07,1.0000000066371997,,,,,-150.0,-150.0,150.0,-150.0,300.0,0.0,300.0,0.0,5.322169371879681e-10,5.322169371879681e-10
580,False,1700.0,1693.9000244140625,3721,3721,1.0,0.0,0,-3.6059093475341797,-3.605910301208496,-3.6059093475341797,0.0,9.5367431640625e-07,-3.7965058585179907,-3.796505858202043,-3.796505857985774,5.322169371879681e-10,1.1056800825903635e-10,-0.19059651098381103,-0.1905965106678632,-0.1905965104515941,0.1905965104515941,0.1905965106678632,0.19059651098381103,0.19059651066786323,0.052856716705362114,0.04179898739261143,0.05285671160367058,0.052856711663646895,0.05285671175126634,3721,0,9.536743227359769e-07,1.0000000066371997,,,,,-150.0,-150.0,150.0,-150.0,300.0,0.0,300.0,0.0,5.322169371879681e-10,5.322169371879681e-10
581,False,1705.0,1713.8499755859375,3721,3721,1.0,0.0,0,-3.6500253677368164,-3.650024890899658,-3.6500253677368164,0.0,4.76837158203125e-07,-3.8300332309638545,-3.830033230707856,-3.8300332304943905,4.694640232116853e-10,1.0421301368803924e-10,-0.1800078632270381,-0.1800078629710399,-0.18000786275757408,0.18000786275757408,0.1800078629710399,0.1800078632270381,0.1800078629710399,0.049316879342565234,0.03947683180836994,0.0493168799177928,0.049316879976276186,0.04931688004641219,3721,0,4.768371694530648e-07,1.0000000235928335,,,,,-150.0,-150.0,125.0,-150.0,275.0,0.0,275.0,0.0,4.694640232116853e-10,4.694640232116853e-10
582,False,1710.0,1713.8499755859375,3721,3721,1.0,0.0,0,-3.6500253677368164,-3.650024890899658,-3.6500253677368164,0.0,4.76837158203125e-07,-3.8300332309638545,-3.830033230707856,-3.8300332304943905,4.694640232116853e-10,1.0421301368803924e-10,-0.1800078632270381,-0.1800078629710399,-0.18000786275757408,0.18000786275757408,0.1800078629710399,0.1800078632270381,0.1800078629710399,0.049316879342565234,0.03947683180836994,0.0493168799177928,0.049316879976276186,0.04931688004641219,3721,0,4.768371694530648e-07,1.0000000235928335,,,,,-150.0,-150.0,125.0,-150.0,275.0,0.0,275.0,0.0,4.694640232116853e-10,4.694640232116853e-10
583,False,1715.0,1713.8499755859375,3721,3721,1.0,0.0,0,-3.6500253677368164,-3.650024890899658,-3.6500253677368164,0.0,4.76837158203125e-07,-3.8300332309638545,-3.830033230707856,-3.8300332304943905,4.694640232116853e-10,1.0421301368803924e-10,-0.1800078632270381,-0.1800078629710399,-0.18000786275757408,0.18000786275757408,0.1800078629710399,0.1800078632270381,0.1800078629710399,0.049316879342565234,0.03947683180836994,0.0493168799177928,0.049316879976276186,0.04931688004641219,3721,0,4.768371694530648e-07,1.0000000235928335,,,,,-150.0,-150.0,125.0,-150.0,275.0,0.0,275.0,0.0,4.694640232116853e-10,4.694640232116853e-10
584,False,1720.0,1713.8499755859375,3721,3721,1.0,0.0,0,-3.6500253677368164,-3.650024890899658,-3.6500253677368164,0.0,4.76837158203125e-07,-3.8300332309638545,-3.830033230707856,-3.8300332304943905,4.694640232116853e-10,1.0421301368803924e-10,-0.1800078632270381,-0.1800078629710399,-0.18000786275757408,0.18000786275757408,0.1800078629710399,0.1800078632270381,0.1800078629710399,0.049316879342565234,0.03947683180836994,0.0493168799177928,0.049316879976276186,0.04931688004641219,3721,0,4.768371694530648e-07,1.0000000235928335,,,,,-150.0,-150.0,125.0,-150.0,275.0,0.0,275.0,0.0,4.694640232116853e-10,4.694640232116853e-10
585,False,1725.0,1733.800048828125,3721,3721,1.0,0.0,0,-3.6941416263580322,-3.6941416263580322,-3.6941416263580322,0.0,0.0,-3.8635608085733386,-3.8635608083669464,-3.8635608080630823,5.102562816716727e-10,1.0195092327074586e-10,-0.16941918221530639,-0.16941918200891437,-0.1694191817050501,0.1694191817050501,0.16941918200891437,0.16941918221530639,0.16941918200891437,0.04586158341367965,0.03715466892884301,0.04586158270062767,0.045861582782883395,0.045861582838753474,3721,0,1.0195092327074586e-10,,,,,,-150.0,-150.0,150.0,150.0,300.0,300.0,424.26406871192853,0.0,5.102562816716727e-10,5.102562816716727e-10
586,False,1730.0,1733.800048828125,3721,3721,1.0,0.0,0,-3.6941416263580322,-3.6941416263580322,-3.6941416263580322,0.0,0.0,-3.8635608085733386,-3.8635608083669464,-3.8635608080630823,5.102562816716727e-10,1.0195092327074586e-10,-0.16941918221530639,-0.16941918200891437,-0.1694191817050501,0.1694191817050501,0.16941918200891437,0.16941918221530639,0.16941918200891437,0.04586158341367965,0.03715466892884301,0.04586158270062767,0.045861582782883395,0.045861582838753474,3721,0,1.0195092327074586e-10,,,,,,-150.0,-150.0,150.0,150.0,300.0,300.0,424.26406871192853,0.0,5.102562816716727e-10,5.102562816716727e-10
587,False,1735.0,1733.800048828125,3721,3721,1.0,0.0,0,-3.6941416263580322,-3.6941416263580322,-3.6941416263580322,0.0,0.0,-3.8635608085733386,-3.8635608083669464,-3.8635608080630823,5.102562816716727e-10,1.0195092327074586e-10,-0.16941918221530639,-0.16941918200891437,-0.1694191817050501,0.1694191817050501,0.16941918200891437,0.16941918221530639,0.16941918200891437,0.04586158341367965,0.03715466892884301,0.04586158270062767,0.045861582782883395,0.045861582838753474,3721,0,1.0195092327074586e-10,,,,,,-150.0,-150.0,150.0,150.0,300.0,300.0,424.26406871192853,0.0,5.102562816716727e-10,5.102562816716727e-10
588,False,1740.0,1733.800048828125,3721,3721,1.0,0.0,0,-3.6941416263580322,-3.6941416263580322,-3.6941416263580322,0.0,0.0,-3.8635608085733386,-3.8635608083669464,-3.8635608080630823,5.102562816716727e-10,1.0195092327074586e-10,-0.16941918221530639,-0.16941918200891437,-0.1694191817050501,0.1694191817050501,0.16941918200891437,0.16941918221530639,0.16941918200891437,0.04586158341367965,0.03715466892884301,0.04586158270062767,0.045861582782883395,0.045861582838753474,3721,0,1.0195092327074586e-10,,,,,,-150.0,-150.0,150.0,150.0,300.0,300.0,424.26406871192853,0.0,5.102562816716727e-10,5.102562816716727e-10
589,False,1745.0,1753.75,3721,3721,1.0,0.0,0,-3.738257646560669,-3.738258123397827,-3.738257646560669,0.0,4.76837158203125e-07,-3.8970881810947553,-3.8970881809037015,-3.897088180665873,4.288822630371669e-10,9.321874660177427e-11,-0.15883053453408635,-0.15883053434303285,-0.1588305341052041,0.1588305341052041,0.15883053434303285,0.15883053453408635,0.15883053434303285,0.04248785010035219,0.03483251335138724,0.04248785105845604,0.04248785112207625,0.042487851173183884,3721,0,4.768371676486656e-07,1.0000000198087344,,,,,-150.0,-150.0,135.0,150.0,285.0,300.0,413.7934267240116,0.0,4.288822630371669e-10,4.288822630371669e-10
590,False,1750.0,1753.75,3721,3721,1.0,0.0,0,-3.738257646560669,-3.738258123397827,-3.738257646560669,0.0,4.76837158203125e-07,-3.8970881810947553,-3.8970881809037015,-3.897088180665873,4.288822630371669e-10,9.321874660177427e-11,-0.15883053453408635,-0.15883053434303285,-0.1588305341052041,0.1588305341052041,0.15883053434303285,0.15883053453408635,0.15883053434303285,0.04248785010035219,0.03483251335138724,0.04248785105845604,0.04248785112207625,0.042487851173183884,3721,0,4.768371676486656e-07,1.0000000198087344,,,,,-150.0,-150.0,135.0,150.0,285.0,300.0,413.7934267240116,0.0,4.288822630371669e-10,4.288822630371669e-10
591,False,1755.0,1753.75,3721,3721,1.0,0.0,0,-3.738257646560669,-3.738258123397827,-3.738257646560669,0.0,4.76837158203125e-07,-3.8970881810947553,-3.8970881809037015,-3.897088180665873,4.288822630371669e-10,9.321874660177427e-11,-0.15883053453408635,-0.15883053434303285,-0.1588305341052041,0.1588305341052041,0.15883053434303285,0.15883053453408635,0.15883053434303285,0.04248785010035219,0.03483251335138724,0.04248785105845604,0.04248785112207625,0.042487851173183884,3721,0,4.768371676486656e-07,1.0000000198087344,,,,,-150.0,-150.0,135.0,150.0,285.0,300.0,413.7934267240116,0.0,4.288822630371669e-10,4.288822630371669e-10
592,False,1760.0,1753.75,3721,3721,1.0,0.0,0,-3.738257646560669,-3.738258123397827,-3.738257646560669,0.0,4.76837158203125e-07,-3.8970881810947553,-3.8970881809037015,-3.897088180665873,4.288822630371669e-10,9.321874660177427e-11,-0.15883053453408635,-0.15883053434303285,-0.1588305341052041,0.1588305341052041,0.15883053434303285,0.15883053453408635,0.15883053434303285,0.04248785010035219,0.03483251335138724,0.04248785105845604,0.04248785112207625,0.042487851173183884,3721,0,4.768371676486656e-07,1.0000000198087344,,,,,-150.0,-150.0,135.0,150.0,285.0,300.0,413.7934267240116,0.0,4.288822630371669e-10,4.288822630371669e-10
593,False,1765.0,1773.699951171875,3721,3721,1.0,0.0,0,-3.7823739051818848,-3.782374382019043,-3.7823739051818848,0.0,4.76837158203125e-07,-3.9306155536656933,-3.93061555346593,-3.9306155532745604,3.911329038430722e-10,8.60344761021087e-11,-0.1482416484838085,-0.1482416482840451,-0.1482416480926756,0.1482416480926756,0.1482416482840451,0.1482416484838085,0.1482416482840451,0.03919275362684863,0.03251030549285662,0.0391927534952542,0.03919275354584927,0.039192753598663574,3721,0,4.768371658649577e-07,1.0000000160680278,,,,,-150.0,-150.0,150.0,-95.0,300.0,55.0,305.0,0.0,3.911329038430722e-10,3.911329038430722e-10
594,False,1770.0,1773.699951171875,3721,3721,1.0,0.0,0,-3.7823739051818848,-3.782374382019043,-3.7823739051818848,0.0,4.76837158203125e-07,-3.9306155536656933,-3.93061555346593,-3.9306155532745604,3.911329038430722e-10,8.60344761021087e-11,-0.1482416484838085,-0.1482416482840451,-0.1482416480926756,0.1482416480926756,0.1482416482840451,0.1482416484838085,0.1482416482840451,0.03919275362684863,0.03251030549285662,0.0391927534952542,0.03919275354584927,0.039192753598663574,3721,0,4.768371658649577e-07,1.0000000160680278,,,,,-150.0,-150.0,150.0,-95.0,300.0,55.0,305.0,0.0,3.911329038430722e-10,3.911329038430722e-10
595,False,1775.0,1773.699951171875,3721,3721,1.0,0.0,0,-3.7823739051818848,-3.782374382019043,-3.7823739051818848,0.0,4.76837158203125e-07,-3.9306155536656933,-3.93061555346593,-3.9306155532745604,3.911329038430722e-10,8.60344761021087e-11,-0.1482416484838085,-0.1482416482840451,-0.1482416480926756,0.1482416480926756,0.1482416482840451,0.1482416484838085,0.1482416482840451,0.03919275362684863,0.03251030549285662,0.0391927534952542,0.03919275354584927,0.039192753598663574,3721,0,4.768371658649577e-07,1.0000000160680278,,,,,-150.0,-150.0,150.0,-95.0,300.0,55.0,305.0,0.0,3.911329038430722e-10,3.911329038430722e-10
596,False,1780.0,1773.699951171875,3721,3721,1.0,0.0,0,-3.7823739051818848,-3.782374382019043,-3.7823739051818848,0.0,4.76837158203125e-07,-3.9306155536656933,-3.93061555346593,-3.9306155532745604,3.911329038430722e-10,8.60344761021087e-11,-0.1482416484838085,-0.1482416482840451,-0.1482416480926756,0.1482416480926756,0.1482416482840451,0.1482416484838085,0.1482416482840451,0.03919275362684863,0.03251030549285662,0.0391927534952542,0.03919275354584927,0.039192753598663574,3721,0,4.768371658649577e-07,1.0000000160680278,,,,,-150.0,-150.0,150.0,-95.0,300.0,55.0,305.0,0.0,3.911329038430722e-10,3.911329038430722e-10
597,False,1785.0,1793.6500244140625,3721,3721,1.0,0.0,0,-3.8264899253845215,-3.8264896869659424,-3.8264899253845215,0.0,2.384185791015625e-07,-3.9641431313998794,-3.9641431311837527,-3.9641431309912987,4.085807248088713e-10,8.617304904880507e-11,-0.1376532060153579,-0.13765320579923174,-0.13765320560677718,0.13765320560677718,0.13765320579923174,0.1376532060153579,0.13765320579923174,0.035973750017455244,0.030188194912871433,0.03597375356814627,0.03597375361844159,0.03597375367492317,3721,0,2.384185941813215e-07,1.0000000632490935,,,,,-150.0,-150.0,150.0,-60.0,300.0,90.0,313.2091952673165,0.0,4.085807248088713e-10,4.085807248088713e-10
598,False,1790.0,1793.6500244140625,3721,3721,1.0,0.0,0,-3.8264899253845215,-3.8264896869659424,-3.8264899253845215,0.0,2.384185791015625e-07,-3.9641431313998794,-3.9641431311837527,-3.9641431309912987,4.085807248088713e-10,8.617304904880507e-11,-0.1376532060153579,-0.13765320579923174,-0.13765320560677718,0.13765320560677718,0.13765320579923174,0.1376532060153579,0.13765320579923174,0.035973750017455244,0.030188194912871433,0.03597375356814627,0.03597375361844159,0.03597375367492317,3721,0,2.384185941813215e-07,1.0000000632490935,,,,,-150.0,-150.0,150.0,-60.0,300.0,90.0,313.2091952673165,0.0,4.085807248088713e-10,4.085807248088713e-10
599,False,1795.0,1793.6500244140625,3721,3721,1.0,0.0,0,-3.8264899253845215,-3.8264896869659424,-3.8264899253845215,0.0,2.384185791015625e-07,-3.9641431313998794,-3.9641431311837527,-3.9641431309912987,4.085807248088713e-10,8.617304904880507e-11,-0.1376532060153579,-0.13765320579923174,-0.13765320560677718,0.13765320560677718,0.13765320579923174,0.1376532060153579,0.13765320579923174,0.035973750017455244,0.030188194912871433,0.03597375356814627,0.03597375361844159,0.03597375367492317,3721,0,2.384185941813215e-07,1.0000000632490935,,,,,-150.0,-150.0,150.0,-60.0,300.0,90.0,313.2091952673165,0.0,4.085807248088713e-10,4.085807248088713e-10
600,False,1800.0,1793.6500244140625,3721,3721,1.0,0.0,0,-3.8264899253845215,-3.8264896869659424,-3.8264899253845215,0.0,2.384185791015625e-07,-3.9641431313998794,-3.9641431311837527,-3.9641431309912987,4.085807248088713e-10,8.617304904880507e-11,-0.1376532060153579,-0.13765320579923174,-0.13765320560677718,0.13765320560677718,0.13765320579923174,0.1376532060153579,0.13765320579923174,0.035973750017455244,0.030188194912871433,0.03597375356814627,0.03597375361844159,0.03597375367492317,3721,0,2.384185941813215e-07,1.0000000632490935,,,,,-150.0,-150.0,150.0,-60.0,300.0,90.0,313.2091952673165,0.0,4.085807248088713e-10,4.085807248088713e-10
601,False,1805.0,1813.5999755859375,3721,3721,1.0,0.0,0,-3.8706061840057373,-3.870605707168579,-3.8706061840057373,0.0,4.76837158203125e-07,-3.9976705039656775,-3.997670503740173,-3.9976705034591005,5.065770025680649e-10,8.709014997474711e-11,-0.12706431995994016,-0.12706431973443555,-0.12706431945336316,0.12706431945336316,0.12706431973443555,0.12706431995994016,0.12706431973443555,0.032828015183957594,0.027865987053066983,0.0328280154096852,0.03282801548230235,0.032828015540563145,3721,0,4.76837166255669e-07,1.000000016887409,,,,,-150.0,-150.0,-150.0,-150.0,0.0,0.0,0.0,0.0,5.065770025680649e-10,5.065770025680649e-10
602,False,1810.0,1813.5999755859375,3721,3721,1.0,0.0,0,-3.8706061840057373,-3.870605707168579,-3.8706061840057373,0.0,4.76837158203125e-07,-3.9976705039656775,-3.997670503740173,-3.9976705034591005,5.065770025680649e-10,8.709014997474711e-11,-0.12706431995994016,-0.12706431973443555,-0.12706431945336316,0.12706431945336316,0.12706431973443555,0.12706431995994016,0.12706431973443555,0.032828015183957594,0.027865987053066983,0.0328280154096852,0.03282801548230235,0.032828015540563145,3721,0,4.76837166255669e-07,1.000000016887409,,,,,-150.0,-150.0,-150.0,-150.0,0.0,0.0,0.0,0.0,5.065770025680649e-10,5.065770025680649e-10
603,False,1815.0,1813.5999755859375,3721,3721,1.0,0.0,0,-3.8706061840057373,-3.870605707168579,-3.8706061840057373,0.0,4.76837158203125e-07,-3.9976705039656775,-3.997670503740173,-3.9976705034591005,5.065770025680649e-10,8.709014997474711e-11,-0.12706431995994016,-0.12706431973443555,-0.12706431945336316,0.12706431945336316,0.12706431973443555,0.12706431995994016,0.12706431973443555,0.032828015183957594,0.027865987053066983,0.0328280154096852,0.03282801548230235,0.032828015540563145,3721,0,4.76837166255669e-07,1.000000016887409,,,,,-150.0,-150.0,-150.0,-150.0,0.0,0.0,0.0,0.0,5.065770025680649e-10,5.065770025680649e-10
604,False,1820.0,1813.5999755859375,3721,3721,1.0,0.0,0,-3.8706061840057373,-3.870605707168579,-3.8706061840057373,0.0,4.76837158203125e-07,-3.9976705039656775,-3.997670503740173,-3.9976705034591005,5.065770025680649e-10,8.709014997474711e-11,-0.12706431995994016,-0.12706431973443555,-0.12706431945336316,0.12706431945336316,0.12706431973443555,0.12706431995994016,0.12706431973443555,0.032828015183957594,0.027865987053066983,0.0328280154096852,0.03282801548230235,0.032828015540563145,3721,0,4.76837166255669e-07,1.000000016887409,,,,,-150.0,-150.0,-150.0,-150.0,0.0,0.0,0.0,0.0,5.065770025680649e-10,5.065770025680649e-10
605,False,1825.0,1833.550048828125,3721,3721,1.0,0.0,0,-3.914722442626953,-3.914722204208374,-3.914722442626953,0.0,2.384185791015625e-07,-4.031198081652463,-4.031198081446339,-4.031198081077735,5.747287090684949e-10,9.40698095436865e-11,-0.11647563902551017,-0.11647563881938638,-0.11647563845078146,0.11647563845078146,0.11647563881938638,0.11647563902551017,0.11647563881938638,0.02975323088343262,0.025543824183864194,0.029753230313978817,0.029753230408137453,0.02975323046079094,3721,0,2.384185974425581e-07,1.0000000769277115,,,,,-150.0,-150.0,-145.0,-150.0,5.0,0.0,5.0,0.0,5.747287090684949e-10,5.747287090684949e-10
606,False,1830.0,1833.550048828125,3721,3721,1.0,0.0,0,-3.914722442626953,-3.914722204208374,-3.914722442626953,0.0,2.384185791015625e-07,-4.031198081652463,-4.031198081446339,-4.031198081077735,5.747287090684949e-10,9.40698095436865e-11,-0.11647563902551017,-0.11647563881938638,-0.11647563845078146,0.11647563845078146,0.11647563881938638,0.11647563902551017,0.11647563881938638,0.02975323088343262,0.025543824183864194,0.029753230313978817,0.029753230408137453,0.02975323046079094,3721,0,2.384185974425581e-07,1.0000000769277115,,,,,-150.0,-150.0,-145.0,-150.0,5.0,0.0,5.0,0.0,5.747287090684949e-10,5.747287090684949e-10
607,False,1835.0,1833.550048828125,3721,3721,1.0,0.0,0,-3.914722442626953,-3.914722204208374,-3.914722442626953,0.0,2.384185791015625e-07,-4.031198081652463,-4.031198081446339,-4.031198081077735,5.747287090684949e-10,9.40698095436865e-11,-0.11647563902551017,-0.11647563881938638,-0.11647563845078146,0.11647563845078146,0.11647563881938638,0.11647563902551017,0.11647563881938638,0.02975323088343262,0.025543824183864194,0.029753230313978817,0.029753230408137453,0.02975323046079094,3721,0,2.384185974425581e-07,1.0000000769277115,,,,,-150.0,-150.0,-145.0,-150.0,5.0,0.0,5.0,0.0,5.747287090684949e-10,5.747287090684949e-10
608,False,1840.0,1833.550048828125,3721,3721,1.0,0.0,0,-3.914722442626953,-3.914722204208374,-3.914722442626953,0.0,2.384185791015625e-07,-4.031198081652463,-4.031198081446339,-4.031198081077735,5.747287090684949e-10,9.40698095436865e-11,-0.11647563902551017,-0.11647563881938638,-0.11647563845078146,0.11647563845078146,0.11647563881938638,0.11647563902551017,0.11647563881938638,0.02975323088343262,0.025543824183864194,0.029753230313978817,0.029753230408137453,0.02975323046079094,3721,0,2.384185974425581e-07,1.0000000769277115,,,,,-150.0,-150.0,-145.0,-150.0,5.0,0.0,5.0,0.0,5.747287090684949e-10,5.747287090684949e-10
609,False,1845.0,1853.5,3721,3721,1.0,0.0,0,-3.95883846282959,-3.958838939666748,-3.95883846282959,0.0,4.76837158203125e-07,-4.064725454241306,-4.064725453999858,-4.064725453664313,5.769926758603106e-10,1.030801402629074e-10,-0.1058869914117162,-0.10588699117026837,-0.10588699083472353,0.10588699083472353,0.10588699117026837,0.1058869914117162,0.10588699117026837,0.02674698401403652,0.023221668610084765,0.02674698445741596,0.02674698454217437,0.02674698460316393,3721,0,4.768371692705515e-07,1.0000000232100759,,,,,-150.0,-150.0,-140.0,-150.0,10.0,0.0,10.0,0.0,5.769926758603106e-10,5.769926758603106e-10
610,False,1850.0,1853.5,3721,3721,1.0,0.0,0,-3.95883846282959,-3.958838939666748,-3.95883846282959,0.0,4.76837158203125e-07,-4.064725454241306,-4.064725453999858,-4.064725453664313,5.769926758603106e-10,1.030801402629074e-10,-0.1058869914117162,-0.10588699117026837,-0.10588699083472353,0.10588699083472353,0.10588699117026837,0.1058869914117162,0.10588699117026837,0.02674698401403652,0.023221668610084765,0.02674698445741596,0.02674698454217437,0.02674698460316393,3721,0,4.768371692705515e-07,1.0000000232100759,,,,,-150.0,-150.0,-140.0,-150.0,10.0,0.0,10.0,0.0,5.769926758603106e-10,5.769926758603106e-10
611,False,1855.0,1853.5,3721,3721,1.0,0.0,0,-3.95883846282959,-3.958838939666748,-3.95883846282959,0.0,4.76837158203125e-07,-4.064725454241306,-4.064725453999858,-4.064725453664313,5.769926758603106e-10,1.030801402629074e-10,-0.1058869914117162,-0.10588699117026837,-0.10588699083472353,0.10588699083472353,0.10588699117026837,0.1058869914117162,0.10588699117026837,0.02674698401403652,0.023221668610084765,0.02674698445741596,0.02674698454217437,0.02674698460316393,3721,0,4.768371692705515e-07,1.0000000232100759,,,,,-150.0,-150.0,-140.0,-150.0,10.0,0.0,10.0,0.0,5.769926758603106e-10,5.769926758603106e-10
612,False,1860.0,1853.5,3721,3721,1.0,0.0,0,-3.95883846282959,-3.958838939666748,-3.95883846282959,0.0,4.76837158203125e-07,-4.064725454241306,-4.064725453999858,-4.064725453664313,5.769926758603106e-10,1.030801402629074e-10,-0.1058869914117162,-0.10588699117026837,-0.10588699083472353,0.10588699083472353,0.10588699117026837,0.1058869914117162,0.10588699117026837,0.02674698401403652,0.023221668610084765,0.02674698445741596,0.02674698454217437,0.02674698460316393,3721,0,4.768371692705515e-07,1.0000000232100759,,,,,-150.0,-150.0,-140.0,-150.0,10.0,0.0,10.0,0.0,5.769926758603106e-10,5.769926758603106e-10
613,False,1865.0,1873.449951171875,3721,3721,1.0,0.0,0,-4.002954483032227,-4.00295352935791,-4.002954483032227,0.0,9.5367431640625e-07,-4.098252826802178,-4.098252826547125,-4.098252826181187,6.209912584154154e-10,1.0422328609972583e-10,-0.09529834376995172,-0.09529834351489935,-0.09529834314896046,0.09529834314896046,0.09529834351489935,0.09529834376995172,0.09529834351489937,0.02380700023147114,0.02089951303493446,0.023807001441788128,0.02380700153320533,0.023807001596921357,3721,0,9.536743215983976e-07,1.0000000054443616,,,,,-150.0,-150.0,-150.0,-150.0,0.0,0.0,0.0,0.0,6.209912584154154e-10,6.209912584154154e-10
614,False,1870.0,1873.449951171875,3721,3721,1.0,0.0,0,-4.002954483032227,-4.00295352935791,-4.002954483032227,0.0,9.5367431640625e-07,-4.098252826802178,-4.098252826547125,-4.098252826181187,6.209912584154154e-10,1.0422328609972583e-10,-0.09529834376995172,-0.09529834351489935,-0.09529834314896046,0.09529834314896046,0.09529834351489935,0.09529834376995172,0.09529834351489937,0.02380700023147114,0.02089951303493446,0.023807001441788128,0.02380700153320533,0.023807001596921357,3721,0,9.536743215983976e-07,1.0000000054443616,,,,,-150.0,-150.0,-150.0,-150.0,0.0,0.0,0.0,0.0,6.209912584154154e-10,6.209912584154154e-10
615,False,1875.0,1873.449951171875,3721,3721,1.0,0.0,0,-4.002954483032227,-4.00295352935791,-4.002954483032227,0.0,9.5367431640625e-07,-4.098252826802178,-4.098252826547125,-4.098252826181187,6.209912584154154e-10,1.0422328609972583e-10,-0.09529834376995172,-0.09529834351489935,-0.09529834314896046,0.09529834314896046,0.09529834351489935,0.09529834376995172,0.09529834351489937,0.02380700023147114,0.02089951303493446,0.023807001441788128,0.02380700153320533,0.023807001596921357,3721,0,9.536743215983976e-07,1.0000000054443616,,,,,-150.0,-150.0,-150.0,-150.0,0.0,0.0,0.0,0.0,6.209912584154154e-10,6.209912584154154e-10
616,False,1880.0,1873.449951171875,3721,3721,1.0,0.0,0,-4.002954483032227,-4.00295352935791,-4.002954483032227,0.0,9.5367431640625e-07,-4.098252826802178,-4.098252826547125,-4.098252826181187,6.209912584154154e-10,1.0422328609972583e-10,-0.09529834376995172,-0.09529834351489935,-0.09529834314896046,0.09529834314896046,0.09529834351489935,0.09529834376995172,0.09529834351489937,0.02380700023147114,0.02089951303493446,0.023807001441788128,0.02380700153320533,0.023807001596921357,3721,0,9.536743215983976e-07,1.0000000054443616,,,,,-150.0,-150.0,-150.0,-150.0,0.0,0.0,0.0,0.0,6.209912584154154e-10,6.209912584154154e-10
617,False,1885.0,1893.4000244140625,3721,3721,1.0,0.0,0,-4.0470709800720215,-4.047070026397705,-4.0470709800720215,0.0,9.5367431640625e-07,-4.131780404515263,-4.131780404237492,-4.131780403946896,5.683666870481829e-10,1.0035772309851588e-10,-0.08470942444324159,-0.08470942416547098,-0.0847094238748749,0.0847094238748749,0.08470942416547098,0.08470942444324159,0.08470942416547098,0.02093104415540966,0.01857729787560539,0.020931044770894386,0.02093104484269843,0.020931044911333407,3721,0,9.53674321603403e-07,1.0000000054496099,,,,,-150.0,-150.0,-145.0,-150.0,5.0,0.0,5.0,0.0,5.683666870481829e-10,5.683666870481829e-10
618,False,1890.0,1893.4000244140625,3721,3721,1.0,0.0,0,-4.0470709800720215,-4.047070026397705,-4.0470709800720215,0.0,9.5367431640625e-07,-4.131780404515263,-4.131780404237492,-4.131780403946896,5.683666870481829e-10,1.0035772309851588e-10,-0.08470942444324159,-0.08470942416547098,-0.0847094238748749,0.0847094238748749,0.08470942416547098,0.08470942444324159,0.08470942416547098,0.02093104415540966,0.01857729787560539,0.020931044770894386,0.02093104484269843,0.020931044911333407,3721,0,9.53674321603403e-07,1.0000000054496099,,,,,-150.0,-150.0,-145.0,-150.0,5.0,0.0,5.0,0.0,5.683666870481829e-10,5.683666870481829e-10
619,False,1895.0,1893.4000244140625,3721,3721,1.0,0.0,0,-4.0470709800720215,-4.047070026397705,-4.0470709800720215,0.0,9.5367431640625e-07,-4.131780404515263,-4.131780404237492,-4.131780403946896,5.683666870481829e-10,1.0035772309851588e-10,-0.08470942444324159,-0.08470942416547098,-0.0847094238748749,0.0847094238748749,0.08470942416547098,0.08470942444324159,0.08470942416547098,0.02093104415540966,0.01857729787560539,0.020931044770894386,0.02093104484269843,0.020931044911333407,3721,0,9.53674321603403e-07,1.0000000054496099,,,,,-150.0,-150.0,-145.0,-150.0,5.0,0.0,5.0,0.0,5.683666870481829e-10,5.683666870481829e-10
620,False,1900.0,1893.4000244140625,3721,3721,1.0,0.0,0,-4.0470709800720215,-4.047070026397705,-4.0470709800720215,0.0,9.5367431640625e-07,-4.131780404515263,-4.131780404237492,-4.131780403946896,5.683666870481829e-10,1.0035772309851588e-10,-0.08470942444324159,-0.08470942416547098,-0.0847094238748749,0.0847094238748749,0.08470942416547098,0.08470942444324159,0.08470942416547098,0.02093104415540966,0.01857729787560539,0.020931044770894386,0.02093104484269843,0.020931044911333407,3721,0,9.53674321603403e-07,1.0000000054496099,,,,,-150.0,-150.0,-145.0,-150.0,5.0,0.0,5.0,0.0,5.683666870481829e-10,5.683666870481829e-10
621,False,1905.0,1913.3499755859375,3721,3721,1.0,0.0,0,-4.091187000274658,-4.091187000274658,-4.091187000274658,0.0,0.0,-4.165307777055213,-4.165307776767569,-4.165307776492783,5.624301024909073e-10,9.671531672494512e-11,-0.07412077678055518,-0.07412077649291024,-0.07412077621812507,0.07412077621812507,0.07412077649291024,0.07412077678055518,0.07412077649291024,0.018117182273744505,0.01625514229668483,0.018117181202704506,0.01811718126986965,0.01811718134017808,3721,0,9.671531672494512e-11,,,,,,-150.0,-150.0,50.0,-5.0,200.0,145.0,247.0323865407125,0.0,5.624301024909073e-10,5.624301024909073e-10
622,False,1910.0,1913.3499755859375,3721,3721,1.0,0.0,0,-4.091187000274658,-4.091187000274658,-4.091187000274658,0.0,0.0,-4.165307777055213,-4.165307776767569,-4.165307776492783,5.624301024909073e-10,9.671531672494512e-11,-0.07412077678055518,-0.07412077649291024,-0.07412077621812507,0.07412077621812507,0.07412077649291024,0.07412077678055518,0.07412077649291024,0.018117182273744505,0.01625514229668483,0.018117181202704506,0.01811718126986965,0.01811718134017808,3721,0,9.671531672494512e-11,,,,,,-150.0,-150.0,50.0,-5.0,200.0,145.0,247.0323865407125,0.0,5.624301024909073e-10,5.624301024909073e-10
623,False,1915.0,1913.3499755859375,3721,3721,1.0,0.0,0,-4.091187000274658,-4.091187000274658,-4.091187000274658,0.0,0.0,-4.165307777055213,-4.165307776767569,-4.165307776492783,5.624301024909073e-10,9.671531672494512e-11,-0.07412077678055518,-0.07412077649291024,-0.07412077621812507,0.07412077621812507,0.07412077649291024,0.07412077678055518,0.07412077649291024,0.018117182273744505,0.01625514229668483,0.018117181202704506,0.01811718126986965,0.01811718134017808,3721,0,9.671531672494512e-11,,,,,,-150.0,-150.0,50.0,-5.0,200.0,145.0,247.0323865407125,0.0,5.624301024909073e-10,5.624301024909073e-10
624,False,1920.0,1913.3499755859375,3721,3721,1.0,0.0,0,-4.091187000274658,-4.091187000274658,-4.091187000274658,0.0,0.0,-4.165307777055213,-4.165307776767569,-4.165307776492783,5.624301024909073e-10,9.671531672494512e-11,-0.07412077678055518,-0.07412077649291024,-0.07412077621812507,0.07412077621812507,0.07412077649291024,0.07412077678055518,0.07412077649291024,0.018117182273744505,0.01625514229668483,0.018117181202704506,0.01811718126986965,0.01811718134017808,3721,0,9.671531672494512e-11,,,,,,-150.0,-150.0,50.0,-5.0,200.0,145.0,247.0323865407125,0.0,5.624301024909073e-10,5.624301024909073e-10
625,False,1925.0,1933.300048828125,3721,3721,1.0,0.0,0,-4.135303020477295,-4.135303497314453,-4.135303020477295,0.0,4.76837158203125e-07,-4.19883535471752,-4.198835354441732,-4.198835354195646,5.218740994905602e-10,8.606419849800156e-11,-0.0635323342402252,-0.06353233396443733,-0.0635323337183511,0.0635323337183511,0.06353233396443733,0.0635323342402252,0.06353233396443733,0.01536340504453722,0.013933031707124835,0.01536340466557109,0.015363404725079724,0.015363404791770814,3721,0,4.768371663812447e-07,1.0000000171507601,,,,,-150.0,-150.0,50.0,0.0,200.0,150.0,250.0,0.0,5.218740994905602e-10,5.218740994905602e-10
626,False,1930.0,1933.300048828125,3721,3721,1.0,0.0,0,-4.135303020477295,-4.135303497314453,-4.135303020477295,0.0,4.76837158203125e-07,-4.19883535471752,-4.198835354441732,-4.198835354195646,5.218740994905602e-10,8.606419849800156e-11,-0.0635323342402252,-0.06353233396443733,-0.0635323337183511,0.0635323337183511,0.06353233396443733,0.0635323342402252,0.06353233396443733,0.01536340504453722,0.013933031707124835,0.01536340466557109,0.015363404725079724,0.015363404791770814,3721,0,4.768371663812447e-07,1.0000000171507601,,,,,-150.0,-150.0,50.0,0.0,200.0,150.0,250.0,0.0,5.218740994905602e-10,5.218740994905602e-10
627,False,1935.0,1933.300048828125,3721,3721,1.0,0.0,0,-4.135303020477295,-4.135303497314453,-4.135303020477295,0.0,4.76837158203125e-07,-4.19883535471752,-4.198835354441732,-4.198835354195646,5.218740994905602e-10,8.606419849800156e-11,-0.0635323342402252,-0.06353233396443733,-0.0635323337183511,0.0635323337183511,0.06353233396443733,0.0635323342402252,0.06353233396443733,0.01536340504453722,0.013933031707124835,0.01536340466557109,0.015363404725079724,0.015363404791770814,3721,0,4.768371663812447e-07,1.0000000171507601,,,,,-150.0,-150.0,50.0,0.0,200.0,150.0,250.0,0.0,5.218740994905602e-10,5.218740994905602e-10
628,False,1940.0,1933.300048828125,3721,3721,1.0,0.0,0,-4.135303020477295,-4.135303497314453,-4.135303020477295,0.0,4.76837158203125e-07,-4.19883535471752,-4.198835354441732,-4.198835354195646,5.218740994905602e-10,8.606419849800156e-11,-0.0635323342402252,-0.06353233396443733,-0.0635323337183511,0.0635323337183511,0.06353233396443733,0.0635323342402252,0.06353233396443733,0.01536340504453722,0.013933031707124835,0.01536340466557109,0.015363404725079724,0.015363404791770814,3721,0,4.768371663812447e-07,1.0000000171507601,,,,,-150.0,-150.0,50.0,0.0,200.0,150.0,250.0,0.0,5.218740994905602e-10,5.218740994905602e-10
629,False,1945.0,1953.25,3721,3721,1.0,0.0,0,-4.179419040679932,-4.179419994354248,-4.179419040679932,0.0,9.5367431640625e-07,-4.232362727208789,-4.23236272698167,-4.232362726777014,4.317755042393401e-10,8.373993168542157e-11,-0.052943686528857725,-0.0529436863017378,-0.05294368609708222,0.05294368609708222,0.0529436863017378,0.052943686528857725,0.0529436863017378,0.012667714123243249,0.011610876130366897,0.012667714240127748,0.012667714289095218,0.012667714343437681,3721,0,9.536743198115988e-07,1.0000000035707672,,,,,-150.0,-150.0,45.0,0.0,195.0,150.0,246.01829200285087,0.0,4.317755042393401e-10,4.317755042393401e-10
630,False,1950.0,1953.25,3721,3721,1.0,0.0,0,-4.179419040679932,-4.179419994354248,-4.179419040679932,0.0,9.5367431640625e-07,-4.232362727208789,-4.23236272698167,-4.232362726777014,4.317755042393401e-10,8.373993168542157e-11,-0.052943686528857725,-0.0529436863017378,-0.05294368609708222,0.05294368609708222,0.0529436863017378,0.052943686528857725,0.0529436863017378,0.012667714123243249,0.011610876130366897,0.012667714240127748,0.012667714289095218,0.012667714343437681,3721,0,9.536743198115988e-07,1.0000000035707672,,,,,-150.0,-150.0,45.0,0.0,195.0,150.0,246.01829200285087,0.0,4.317755042393401e-10,4.317755042393401e-10
631,False,1955.0,1953.25,3721,3721,1.0,0.0,0,-4.179419040679932,-4.179419994354248,-4.179419040679932,0.0,9.5367431640625e-07,-4.232362727208789,-4.23236272698167,-4.232362726777014,4.317755042393401e-10,8.373993168542157e-11,-0.052943686528857725,-0.0529436863017378,-0.05294368609708222,0.05294368609708222,0.0529436863017378,0.052943686528857725,0.0529436863017378,0.012667714123243249,0.011610876130366897,0.012667714240127748,0.012667714289095218,0.012667714343437681,3721,0,9.536743198115988e-07,1.0000000035707672,,,,,-150.0,-150.0,45.0,0.0,195.0,150.0,246.01829200285087,0.0,4.317755042393401e-10,4.317755042393401e-10
632,False,1960.0,1953.25,3721,3721,1.0,0.0,0,-4.179419040679932,-4.179419994354248,-4.179419040679932,0.0,9.5367431640625e-07,-4.232362727208789,-4.23236272698167,-4.232362726777014,4.317755042393401e-10,8.373993168542157e-11,-0.052943686528857725,-0.0529436863017378,-0.05294368609708222,0.05294368609708222,0.0529436863017378,0.052943686528857725,0.0529436863017378,0.012667714123243249,0.011610876130366897,0.012667714240127748,0.012667714289095218,0.012667714343437681,3721,0,9.536743198115988e-07,1.0000000035707672,,,,,-150.0,-150.0,45.0,0.0,195.0,150.0,246.01829200285087,0.0,4.317755042393401e-10,4.317755042393401e-10
633,False,1965.0,1973.199951171875,3721,3721,1.0,0.0,0,-4.223535537719727,-4.223535060882568,-4.223535537719727,0.0,4.76837158203125e-07,-4.265890099867886,-4.265890099529984,-4.265890099250124,6.177618416813857e-10,1.0085300154002785e-10,-0.04235456214815958,-0.04235456181025716,-0.04235456153039774,0.04235456153039774,0.04235456181025716,0.04235456214815958,0.04235456181025715,0.010028224991611658,0.009288615982123678,0.010028224257174081,0.010028224323435964,0.010028224403440601,3721,0,4.768371691449422e-07,1.000000022946654,,,,,-150.0,-150.0,-150.0,-150.0,0.0,0.0,0.0,0.0,6.177618416813857e-10,6.177618416813857e-10
634,False,1970.0,1973.199951171875,3721,3721,1.0,0.0,0,-4.223535537719727,-4.223535060882568,-4.223535537719727,0.0,4.76837158203125e-07,-4.265890099867886,-4.265890099529984,-4.265890099250124,6.177618416813857e-10,1.0085300154002785e-10,-0.04235456214815958,-0.04235456181025716,-0.04235456153039774,0.04235456153039774,0.04235456181025716,0.04235456214815958,0.04235456181025715,0.010028224991611658,0.009288615982123678,0.010028224257174081,0.010028224323435964,0.010028224403440601,3721,0,4.768371691449422e-07,1.000000022946654,,,,,-150.0,-150.0,-150.0,-150.0,0.0,0.0,0.0,0.0,6.177618416813857e-10,6.177618416813857e-10
635,False,1975.0,1973.199951171875,3721,3721,1.0,0.0,0,-4.223535537719727,-4.223535060882568,-4.223535537719727,0.0,4.76837158203125e-07,-4.265890099867886,-4.265890099529984,-4.265890099250124,6.177618416813857e-10,1.0085300154002785e-10,-0.04235456214815958,-0.04235456181025716,-0.04235456153039774,0.04235456153039774,0.04235456181025716,0.04235456214815958,0.04235456181025715,0.010028224991611658,0.009288615982123678,0.010028224257174081,0.010028224323435964,0.010028224403440601,3721,0,4.768371691449422e-07,1.000000022946654,,,,,-150.0,-150.0,-150.0,-150.0,0.0,0.0,0.0,0.0,6.177618416813857e-10,6.177618416813857e-10
636,False,1980.0,1973.199951171875,3721,3721,1.0,0.0,0,-4.223535537719727,-4.223535060882568,-4.223535537719727,0.0,4.76837158203125e-07,-4.265890099867886,-4.265890099529984,-4.265890099250124,6.177618416813857e-10,1.0085300154002785e-10,-0.04235456214815958,-0.04235456181025716,-0.04235456153039774,0.04235456153039774,0.04235456181025716,0.04235456214815958,0.04235456181025715,0.010028224991611658,0.009288615982123678,0.010028224257174081,0.010028224323435964,0.010028224403440601,3721,0,4.768371691449422e-07,1.000000022946654,,,,,-150.0,-150.0,-150.0,-150.0,0.0,0.0,0.0,0.0,6.177618416813857e-10,6.177618416813857e-10
637,False,1985.0,1993.1500244140625,3721,3721,1.0,0.0,0,-4.267651557922363,-4.267650604248047,-4.267651557922363,0.0,9.5367431640625e-07,-4.299417677591658,-4.299417677231319,-4.299417676933263,6.583951162042467e-10,1.0454673203772895e-10,-0.0317661196692951,-0.031766119308955724,-0.031766119010899985,0.031766119010899985,0.031766119308955724,0.0317661196692951,0.03176611930895572,0.0074434658179596686,0.006966505398522554,0.007443465938996388,0.0074434660088370805,0.007443466093272132,3721,0,9.53674322201175e-07,1.0000000060764196,,,,,-150.0,-150.0,150.0,-150.0,300.0,0.0,300.0,0.0,6.583951162042467e-10,6.583951162042467e-10
638,False,1990.0,1993.1500244140625,3721,3721,1.0,0.0,0,-4.267651557922363,-4.267650604248047,-4.267651557922363,0.0,9.5367431640625e-07,-4.299417677591658,-4.299417677231319,-4.299417676933263,6.583951162042467e-10,1.0454673203772895e-10,-0.0317661196692951,-0.031766119308955724,-0.031766119010899985,0.031766119010899985,0.031766119308955724,0.0317661196692951,0.03176611930895572,0.0074434658179596686,0.006966505398522554,0.007443465938996388,0.0074434660088370805,0.007443466093272132,3721,0,9.53674322201175e-07,1.0000000060764196,,,,,-150.0,-150.0,150.0,-150.0,300.0,0.0,300.0,0.0,6.583951162042467e-10,6.583951162042467e-10
639,False,1995.0,1993.1500244140625,3721,3721,1.0,0.0,0,-4.267651557922363,-4.267650604248047,-4.267651557922363,0.0,9.5367431640625e-07,-4.299417677591658,-4.299417677231319,-4.299417676933263,6.583951162042467e-10,1.0454673203772895e-10,-0.0317661196692951,-0.031766119308955724,-0.031766119010899985,0.031766119010899985,0.031766119308955724,0.0317661196692951,0.03176611930895572,0.0074434658179596686,0.006966505398522554,0.007443465938996388,0.0074434660088370805,0.007443466093272132,3721,0,9.53674322201175e-07,1.0000000060764196,,,,,-150.0,-150.0,150.0,-150.0,300.0,0.0,300.0,0.0,6.583951162042467e-10,6.583951162042467e-10
640,False,2000.0,1993.1500244140625,3721,3721,1.0,0.0,0,-4.267651557922363,-4.267650604248047,-4.267651557922363,0.0,9.5367431640625e-07,-4.299417677591658,-4.299417677231319,-4.299417676933263,6.583951162042467e-10,1.0454673203772895e-10,-0.0317661196692951,-0.031766119308955724,-0.031766119010899985,0.031766119010899985,0.031766119308955724,0.0317661196692951,0.03176611930895572,0.0074434658179596686,0.006966505398522554,0.007443465938996388,0.0074434660088370805,0.007443466093272132,3721,0,9.53674322201175e-07,1.0000000060764196,,,,,-150.0,-150.0,150.0,-150.0,300.0,0.0,300.0,0.0,6.583951162042467e-10,6.583951162042467e-10
